date,open,high,low,close,volume
2019-01-02T00:00:00Z,22.21419527,22.61490748,21.21471769,21.70294176,12052553
2019-01-03T00:00:00Z,21.44501206,21.64767111,20.62516409,20.78637016,13618812
2019-01-04T00:00:00Z,21.03048219,21.62924756,20.66201119,21.19629414,17573035
2019-01-07T00:00:00Z,21.15484115,21.82269484,20.97060565,21.33447076,9718709
2019-01-08T00:00:00Z,21.71215354,22.02535388,21.36671198,21.58779458,14375856
2019-01-09T00:00:00Z,21.67991232,21.82730072,21.54634159,21.62003579,6509887
2019-01-10T00:00:00Z,21.62003579,21.82730072,20.68043474,20.81400548,7031097
2019-01-11T00:00:00Z,20.70346418,21.05811752,20.45014037,20.48238158,5326977
2019-01-14T00:00:00Z,20.29814608,20.38105206,19.69477482,19.71319837,7232605
2019-01-15T00:00:00Z,19.82834556,20.12772825,19.56580998,19.80992201,5581857
2019-01-16T00:00:00Z,19.71319837,19.90203976,19.35393915,19.6302924,4849209
2019-01-17T00:00:00Z,19.67174539,20.13694002,19.60726296,20.13233413,6989151
2019-01-18T00:00:00Z,20.16457535,20.16918123,19.85598089,19.96652219,6424981
2019-01-22T00:00:00Z,20.21063422,20.56528756,19.94809864,20.2935402,6256235
2019-01-23T00:00:00Z,20.80939959,21.1364176,20.45935214,20.55146989,6218238
2019-01-24T00:00:00Z,20.68504063,20.79097604,20.36262851,20.70807007,7008208
2019-01-25T00:00:00Z,20.83242903,21.18708237,20.82782314,21.14562938,5165706
2019-01-28T00:00:00Z,21.14102349,21.82730072,21.01205864,21.60161224,11741656
2019-01-29T00:00:00Z,21.69372999,21.7996654,21.41737674,21.5785828,7021249
2019-01-30T00:00:00Z,21.80887717,22.10825986,21.72136531,22.10825986,7855848
2019-01-31T00:00:00Z,22.02995977,22.79914298,21.97468912,22.38000722,7381154
2019-02-01T00:00:00Z,22.55963683,22.91429017,22.33855423,22.86823129,3583386
2019-02-04T00:00:00Z,23.03404324,23.86310299,23.03404324,23.41172601,6294578
2019-02-05T00:00:00Z,23.61438506,23.76637935,23.32421415,23.52226731,5434997
2019-02-06T00:00:00Z,23.55911441,23.90916186,23.4163319,23.46239078,5595871
2019-02-07T00:00:00Z,23.3057906,23.40251424,22.92810783,23.2320964,3516811
2019-02-08T00:00:00Z,23.05246679,23.76177346,22.86823129,23.71571459,3539236
2019-02-11T00:00:00Z,23.89073831,23.98285606,23.51305554,23.95982662,5366658
2019-02-12T00:00:00Z,24.14406212,24.7750687,24.04733848,24.68755684,6666954
2019-02-13T00:00:00Z,24.82573347,25.15735737,24.58622732,24.8487629,3504203
2019-02-14T00:00:00Z,24.72440394,25.1435397,24.65070974,25.04681607,5128077
2019-02-15T00:00:00Z,25.23565745,25.74230507,24.87179234,25.33238109,4529633
2019-02-19T00:00:00Z,25.37383408,25.55314128,25.12511615,25.35080464,2481094
2019-02-20T00:00:00Z,25.45674005,25.70085209,25.16196325,25.58109901,2726855
2019-02-21T00:00:00Z,25.59031079,25.82981694,25.46134594,25.58109901,3834136
2019-02-22T00:00:00Z,25.71466975,25.87587581,25.5857049,25.87587581,3644681
2019-02-25T00:00:00Z,26.00484066,26.2121056,25.93575235,26.08774663,4612094
2019-02-26T00:00:00Z,25.93114646,26.30422335,25.61794611,26.12919962,4619351
2019-02-27T00:00:00Z,26.04168776,26.16144083,25.8804817,25.90811702,3335906
2019-02-28T00:00:00Z,25.88508759,26.02326421,25.41068118,25.71006386,8152720
2019-03-01T00:00:00Z,26.56675893,27.17013019,25.8804817,26.09235252,6934747
2019-03-04T00:00:00Z,26.2857998,26.31804101,25.10208672,25.48898126,5876422
2019-03-05T00:00:00Z,25.44752828,25.71927564,25.08366317,25.38765174,5502829
2019-03-06T00:00:00Z,25.24947511,25.24947511,24.34211528,24.74743338,4962655
2019-03-07T00:00:00Z,24.69676862,25.06063373,24.32829762,24.47108013,3652253
2019-03-08T00:00:00Z,24.21775632,24.31447996,23.75716757,24.11182091,3776797
2019-03-11T00:00:00Z,24.13485035,24.97772775,24.07036792,24.94088065,3517235
2019-03-12T00:00:00Z,24.98233364,25.53964603,24.95469832,25.19420446,4895942
2019-03-13T00:00:00Z,25.4014694,25.59031079,25.22183979,25.30935165,4083946
2019-03-14T00:00:00Z,25.79296984,26.71414733,25.65018732,26.33646456,7633440
2019-03-15T00:00:00Z,26.68190612,27.75968379,26.66808846,27.74126024,11238788
2019-03-18T00:00:00Z,27.79653089,28.16960777,27.51557175,27.86101331,5256650
2019-03-19T00:00:00Z,28.09591357,28.17881955,27.78271322,27.83798387,3981693
2019-03-20T00:00:00Z,27.81034855,27.98537227,27.28988326,27.46490699,5131058
2019-03-21T00:00:00Z,27.40042456,28.06827825,27.35897158,27.96234283,3257138
2019-03-22T00:00:00Z,27.58926595,28.17421366,27.40963634,27.42805989,2970333
2019-03-25T00:00:00Z,27.40503045,27.40503045,26.30882923,26.38712932,3709877
2019-03-26T00:00:00Z,26.67730023,27.1655243,26.42858231,27.12407132,3528266
2019-03-27T00:00:00Z,27.17934196,27.58466006,26.45161174,26.50227651,3628706
2019-03-28T00:00:00Z,26.46542941,26.66348257,26.09695841,26.21671148,3403245
2019-03-29T00:00:00Z,26.35488811,27.07801244,26.3226469,27.03195357,3747387
2019-04-01T00:00:00Z,27.5339953,27.83798387,27.41424223,27.83337799,3523943
2019-04-02T00:00:00Z,27.73204846,28.23869608,27.51557175,28.22027253,4647618
2019-04-03T00:00:00Z,28.21566665,28.39529626,27.93470751,28.36766093,4143791
2019-04-04T00:00:00Z,28.33541972,28.36766093,27.2760656,27.791925,4261727
2019-04-05T00:00:00Z,27.83798387,28.73613193,27.83798387,28.64862007,4349673
2019-04-08T00:00:00Z,28.63019652,28.86049089,28.3077844,28.7821908,2637457
2019-04-09T00:00:00Z,28.69007306,28.74073782,28.23869608,28.43214336,2530755
2019-04-10T00:00:00Z,28.45517279,29.30726198,28.43674924,29.1506618,3310999
2019-04-11T00:00:00Z,29.23356778,29.41780328,28.90654977,29.41319739,3843119
2019-04-12T00:00:00Z,29.49610336,29.74482129,29.09539115,29.25199133,2378520
2019-04-15T00:00:00Z,29.29344431,29.46386215,29.04933228,29.42240916,2291019
2019-04-16T00:00:00Z,29.64349176,29.68494475,28.86970267,28.92036743,2221015
2019-04-17T00:00:00Z,29.06775583,29.24738544,28.79140258,28.90194388,2039626
2019-04-18T00:00:00Z,28.89733799,29.01248518,28.51965522,28.94800275,2066863
2019-04-22T00:00:00Z,28.91576154,29.13223825,28.79600847,29.13223825,2132335
2019-04-23T00:00:00Z,29.11842059,30.04880986,29.05854405,29.93826856,3039416
2019-04-24T00:00:00Z,29.92905678,30.60612224,29.82772726,30.51400449,3057907
2019-04-25T00:00:00Z,30.49097506,30.95616969,30.22383358,30.85944605,3190745
2019-04-26T00:00:00Z,30.42649263,30.69823999,29.83693904,30.10408051,3018149
2019-04-29T00:00:00Z,30.12250406,30.29752778,29.94748033,30.19159237,2449126
2019-04-30T00:00:00Z,30.23765125,31.08974043,30.23765125,31.04828744,2385777
2019-05-01T00:00:00Z,31.27397593,31.8727413,31.04828744,31.58717627,4124509
2019-05-02T00:00:00Z,31.52269385,31.75759411,30.60151636,31.38451723,3876039
2019-05-03T00:00:00Z,31.65626459,31.91880017,31.43518199,31.64244692,1860136
2019-05-06T00:00:00Z,30.96998735,31.55493506,30.90089904,31.40754666,1331277
2019-05-07T00:00:00Z,31.11276986,31.44899965,30.50018683,31.08513454,2800324
2019-05-08T00:00:00Z,30.8778696,30.99762268,30.63375757,30.90550493,2022496
2019-05-09T00:00:00Z,30.42188674,30.99301679,30.23765125,30.90089904,2736391
2019-05-10T00:00:00Z,30.75351064,31.03907567,30.19159237,30.93314025,1412034
2019-05-13T00:00:00Z,29.97972155,30.35279843,29.33950319,29.49610336,5181249
2019-05-14T00:00:00Z,29.59743289,30.73508709,29.52373869,30.46794562,1958399
2019-05-15T00:00:00Z,30.24225713,31.44439376,30.16856293,31.27397593,2052095
2019-05-16T00:00:00Z,31.34306424,32.34714771,31.27858181,32.14909455,2041812
2019-05-17T00:00:00Z,31.77601766,32.49453611,31.55493506,31.97867671,2938333
2019-05-20T00:00:00Z,31.59178216,31.7622,30.89629315,31.3200348,2650551
2019-05-21T00:00:00Z,31.74377645,32.31030061,31.51348207,32.08000623,2322033
2019-05-22T00:00:00Z,32.36096537,32.42084191,31.62862926,31.78062355,3092304
2019-05-23T00:00:00Z,31.15422285,31.15422285,29.73100362,30.26068068,6202583
2019-05-24T00:00:00Z,30.40806908,30.94695792,30.07644518,30.45412796,3735735
2019-05-28T00:00:00Z,30.48176328,31.26015826,30.39885731,30.58769869,3530847
2019-05-29T00:00:00Z,30.29752778,30.50018683,29.80009194,30.49097506,4759621
2019-05-30T00:00:00Z,30.63836346,31.00222857,30.17777471,30.58769869,4113047
2019-05-31T00:00:00Z,27.9393134,28.63019652,26.30422335,27.42805989,15620189
2019-06-03T00:00:00Z,27.35897158,27.41884811,25.53964603,25.72848741,6365643
2019-06-04T00:00:00Z,26.2489527,26.60360603,25.76072862,26.56675893,5077462
2019-06-05T00:00:00Z,26.61742369,26.73717677,24.76125104,25.10208672,7388196
2019-06-06T00:00:00Z,25.30935165,25.34619875,24.0058855,24.51713901,7644449
2019-06-07T00:00:00Z,24.59543909,25.4014694,24.41580948,25.00996897,4520573
2019-06-10T00:00:00Z,25.24486923,25.57649312,24.88561,24.96391009,3659534
2019-06-11T00:00:00Z,25.08826905,25.28171633,24.68295096,25.02839252,3505721
2019-06-12T00:00:00Z,24.96851598,25.29553399,24.38817416,24.42502126,2527107
2019-06-13T00:00:00Z,24.40659771,24.88100412,24.190121,24.79349225,4077914
2019-06-14T00:00:00Z,24.38817416,24.64610386,23.3794848,23.6374145,3634593
2019-06-17T00:00:00Z,23.71571459,23.79862056,23.29197294,23.31960826,3298721
2019-06-18T00:00:00Z,23.58214385,24.24999753,23.44857311,23.72492636,4491011
2019-06-19T00:00:00Z,23.95522074,24.66452741,23.74334991,24.60465087,4168179
2019-06-20T00:00:00Z,25.33238109,26.37331166,24.55863805,25.06063373,4939504
2019-06-21T00:00:00Z,24.90403355,25.15275148,24.64149797,24.86718645,4974023
2019-06-24T00:00:00Z,24.86718645,25.00996897,24.43883892,24.54938022,3585085
2019-06-25T00:00:00Z,24.54938022,24.8119158,24.0427326,24.09339736,4533342
2019-06-26T00:00:00Z,24.39278004,24.75664516,24.30987407,24.51713901,1905576
2019-06-27T00:00:00Z,24.15787978,24.34672117,23.29197294,24.04733848,9568738
2019-06-28T00:00:00Z,24.25460342,24.3006623,23.32882004,23.39790835,13893688
2019-07-01T00:00:00Z,24.04733848,24.06115615,23.6005674,23.7479558,6983399
2019-07-02T00:00:00Z,23.59135563,24.03812671,23.3057906,24.03352082,4974442
2019-07-03T00:00:00Z,23.89073831,24.39278004,23.59596151,24.3743565,5140359
2019-07-05T00:00:00Z,24.01049138,24.24999753,23.85389121,24.12103268,4130903
2019-07-08T00:00:00Z,23.8584971,23.98746195,23.48081433,23.62359684,5919347
2019-07-09T00:00:00Z,23.47160255,23.64202039,23.31960826,23.53608498,5298996
2019-07-10T00:00:00Z,23.73413814,24.41120359,23.55450853,24.08418558,9092187
2019-07-11T00:00:00Z,24.07036792,24.63228619,24.02891493,24.63228619,5895994
2019-07-12T00:00:00Z,24.80270403,25.02378663,24.51713901,24.77046282,7216973
2019-07-15T00:00:00Z,24.87179234,25.46134594,24.8487629,25.43371061,7951837
2019-07-16T00:00:00Z,25.57188724,26.2489527,25.39225763,25.79757572,7118657
2019-07-17T00:00:00Z,25.79296984,26.03247598,25.50279893,26.02326421,3554361
2019-07-18T00:00:00Z,25.90351114,26.61742369,25.68242854,26.43318819,4363011
2019-07-19T00:00:00Z,26.69111789,27.25303616,26.06932308,26.16144083,5908685
2019-07-22T00:00:00Z,26.28119391,26.42858231,25.97259945,25.98641711,3269789
2019-07-23T00:00:00Z,26.11538196,26.11538196,25.16656914,25.54425191,4539367
2019-07-24T00:00:00Z,25.41068118,25.94496412,25.41068118,25.89429936,2860865
2019-07-25T00:00:00Z,25.94035824,26.09695841,25.22644568,25.3646223,3693897
2019-07-26T00:00:00Z,25.39225763,25.55806958,25.23565745,25.46134594,3268720
2019-07-29T00:00:00Z,25.71006386,25.90351114,25.07905728,25.77915217,3832958
2019-07-30T00:00:00Z,25.66861087,26.43318819,25.55346369,26.35949399,4032257
2019-07-31T00:00:00Z,26.38252343,26.70954144,26.05550542,26.59439426,5389377
2019-08-01T00:00:00Z,26.68651201,27.24382439,26.39173521,26.57136482,4970533
2019-08-02T00:00:00Z,25.26329278,25.56267546,23.69729104,24.13945623,20770151
2019-08-05T00:00:00Z,23.49463199,23.53147909,22.23722471,23.22288463,11192615
2019-08-06T00:00:00Z,23.44857311,23.72953225,22.77611354,23.38409069,7244398
2019-08-07T00:00:00Z,22.97877259,23.29657883,22.69320757,23.20446108,3653554
2019-08-08T00:00:00Z,23.31500238,23.9690384,23.31500238,23.64202039,4783574
2019-08-09T00:00:00Z,23.62359684,23.62359684,22.9373196,23.22749051,2521975
2019-08-12T00:00:00Z,23.05246679,23.13997865,22.65175458,22.80374887,4724956
2019-08-13T00:00:00Z,22.68399579,23.44857311,22.43988376,22.80835475,7071484
2019-08-14T00:00:00Z,22.42606609,22.56424272,21.62924756,22.38461311,8122623
2019-08-15T00:00:00Z,22.17274228,22.2786777,21.29762366,21.60161224,5727873
2019-08-16T00:00:00Z,21.82730072,22.65636047,21.7628183,22.30631302,4909151
2019-08-19T00:00:00Z,22.71163112,22.85901952,22.46751908,22.59187804,3959226
2019-08-20T00:00:00Z,22.43988376,22.70702523,22.19577172,22.32473657,3635609
2019-08-21T00:00:00Z,22.41685432,22.90968428,22.36158367,22.55963683,2742590
2019-08-22T00:00:00Z,22.76690177,22.8267783,22.30170713,22.58727216,3200924
2019-08-23T00:00:00Z,21.99311267,22.08062453,21.0627234,21.0995705,7244165
2019-08-26T00:00:00Z,21.18708237,21.68451821,21.16405293,21.37592375,4027536
2019-08-27T00:00:00Z,21.62464168,21.7259712,20.85085258,21.00284687,3856846
2019-08-28T00:00:00Z,20.96599977,21.01205864,20.42711093,20.86467024,4125819
2019-08-29T00:00:00Z,21.07193518,21.6154299,21.0258763,21.5417357,7371713
2019-08-30T00:00:00Z,23.42093779,24.50332134,22.86823129,23.73413814,31591632
2019-09-03T00:00:00Z,23.50384376,23.8953442,23.3057906,23.52226731,8238338
2019-09-04T00:00:00Z,23.72032047,23.8953442,23.15379632,23.58214385,5514448
2019-09-05T00:00:00Z,23.7479558,24.64149797,23.54069086,24.3743565,9077390
2019-09-06T00:00:00Z,24.41120359,24.7750687,24.07036792,24.57701554,6831240
2019-09-09T00:00:00Z,24.87179234,25.07905728,24.47568602,25.00536308,7130439
2019-09-10T00:00:00Z,24.81652169,25.72388152,24.52635078,25.55346369,6298431
2019-09-11T00:00:00Z,25.38765174,25.56267546,25.19420446,25.47055771,5916028
2019-09-12T00:00:00Z,25.5857049,25.76072862,24.89482178,24.94088065,5659879
2019-09-13T00:00:00Z,24.89482178,25.17117503,24.61386264,24.64610386,2785309
2019-09-16T00:00:00Z,24.41120359,25.12511615,24.35593295,24.91785122,3021031
2019-09-17T00:00:00Z,24.87179234,24.91785122,24.46186836,24.80270403,2842550
2019-09-18T00:00:00Z,24.83955113,24.83955113,23.95522074,24.31908585,3783547
2019-09-19T00:00:00Z,24.3006623,24.71058628,24.20854455,24.42962714,5700681
2019-09-20T00:00:00Z,24.49871546,24.56780377,23.81704411,23.88152654,6034785
2019-09-23T00:00:00Z,23.86310299,24.41120359,23.49923788,24.38356827,4902770
2019-09-24T00:00:00Z,24.43883892,24.71058628,23.79401467,24.0427326,6619576
2019-09-25T00:00:00Z,24.03812671,24.88100412,23.97364429,24.75203927,6065367
2019-09-26T00:00:00Z,24.41120359,24.41120359,23.6374145,24.01970316,6071944
2019-09-27T00:00:00Z,24.14406212,24.35593295,23.20906696,23.46699666,4382252
2019-09-30T00:00:00Z,23.46699666,23.96443251,23.43014956,23.88613242,2633627
2019-10-01T00:00:00Z,24.01049138,24.36053883,23.6742616,23.7848029,3823305
2019-10-02T00:00:00Z,23.72032047,23.72492636,23.10313155,23.38869658,3143553
2019-10-03T00:00:00Z,23.40251424,23.66044394,22.74847822,23.51766143,2661277
2019-10-04T00:00:00Z,23.59596151,23.72032047,23.1215551,23.15379632,3828837
2019-10-07T00:00:00Z,23.07549623,23.52226731,23.02483147,23.2689435,3134980
2019-10-08T00:00:00Z,23.11694922,23.19985519,22.47212497,22.48133674,3018244
2019-10-09T00:00:00Z,22.63333103,22.90507839,22.45370142,22.78071943,2606031
2019-10-10T00:00:00Z,22.75768999,22.84059597,22.51818384,22.56884861,4517949
2019-10-11T00:00:00Z,22.96956082,23.66504982,22.92350194,23.16761398,3014817
2019-10-14T00:00:00Z,23.14458454,23.37487891,23.08010212,23.3426377,1551079
2019-10-15T00:00:00Z,23.25973173,23.83086177,23.19064342,23.54990264,2061226
2019-10-16T00:00:00Z,23.453179,23.45778489,23.10773744,23.27815528,1988136
2019-10-17T00:00:00Z,23.4163319,23.60517329,23.17221987,23.19985519,1985731
2019-10-18T00:00:00Z,23.1952493,23.2320964,22.79914298,22.96956082,3484400
2019-10-21T00:00:00Z,22.98337848,23.26433761,22.84059597,23.02483147,2389561
2019-10-22T00:00:00Z,23.17221987,23.31960826,22.92810783,23.02022558,2049593
2019-10-23T00:00:00Z,22.97877259,23.21827874,22.68860168,23.16761398,2473009
2019-10-24T00:00:00Z,23.33342593,23.60517329,22.99719614,23.49463199,3019013
2019-10-25T00:00:00Z,23.54069086,24.09800325,23.46699666,23.80322645,3194060
2019-10-28T00:00:00Z,23.91837364,24.15787978,23.70650281,23.76177346,3120838
2019-10-29T00:00:00Z,23.78940879,24.53556256,23.7479558,24.52635078,5226986
2019-10-30T00:00:00Z,24.50792723,24.94088065,24.28684463,24.75664516,3357268
2019-10-31T00:00:00Z,24.71058628,24.77967459,24.00127961,24.36053883,3040355
2019-11-01T00:00:00Z,24.49410957,24.59083321,24.31447996,24.52174489,2398980
2019-11-04T00:00:00Z,24.80270403,24.93166888,24.63228619,24.79809814,2046050
2019-11-05T00:00:00Z,24.83033935,25.26329278,24.65992152,25.0698455,4079177
2019-11-06T00:00:00Z,25.33238109,25.33238109,24.73361572,25.02378663,2796504
2019-11-07T00:00:00Z,25.22644568,25.30935165,24.93166888,25.01457485,2911153
2019-11-08T00:00:00Z,25.03760429,25.1435397,24.66452741,25.01457485,1962359
2019-11-11T00:00:00Z,24.78888637,25.27250455,24.71058628,25.11129849,1830870
2019-11-12T00:00:00Z,25.23565745,25.69164031,25.17117503,25.53043425,5463450
2019-11-13T00:00:00Z,25.33238109,25.51661659,25.12051027,25.23105156,2293750
2019-11-14T00:00:00Z,25.05602784,25.8804817,24.95009243,25.35541053,3370243
2019-11-15T00:00:00Z,25.63176377,25.72388152,25.40607529,25.62715789,2812531
2019-11-18T00:00:00Z,25.63176377,25.74230507,25.3646223,25.59491667,1931827
2019-11-19T00:00:00Z,25.63636966,26.10617018,25.46134594,25.88969347,2820456
2019-11-20T00:00:00Z,25.71006386,25.92193469,25.30474576,25.45674005,2832718
2019-11-21T00:00:00Z,25.44292239,25.60873434,24.72900983,24.73822161,3178481
2019-11-22T00:00:00Z,24.73361572,24.87179234,24.41120359,24.69216273,2851547
2019-11-25T00:00:00Z,24.87179234,25.61334022,24.87179234,25.36001641,3768897
2019-11-26T00:00:00Z,25.64097555,25.76533451,24.48029191,24.49871546,9068862
2019-11-27T00:00:00Z,23.51305554,24.02430905,22.91429017,23.17682575,25892864
2019-11-29T00:00:00Z,23.16761398,23.24130818,22.31091891,22.33394835,6382881
2019-12-02T00:00:00Z,22.26946592,22.41685432,21.7996654,21.97929501,7401263
2019-12-03T00:00:00Z,21.55555336,21.8733596,21.38513553,21.83190661,7746418
2019-12-04T00:00:00Z,22.06220098,22.15431873,21.89638904,21.96087146,4133022
2019-12-05T00:00:00Z,21.92863025,21.9839009,21.47264739,21.80427129,4072131
2019-12-06T00:00:00Z,21.87796549,22.43067198,21.66148877,21.70294176,5938461
2019-12-09T00:00:00Z,21.56476514,22.0944422,21.3943473,21.9470538,7451101
2019-12-10T00:00:00Z,21.8365125,22.09904808,21.70754765,21.81348306,6115461
2019-12-11T00:00:00Z,21.79505951,21.99311267,21.60161224,21.97468912,4301029
2019-12-12T00:00:00Z,21.79505951,22.87283718,21.68451821,22.79914298,5211934
2019-12-13T00:00:00Z,22.76690177,23.06628445,22.58266627,22.73005467,5212703
2019-12-16T00:00:00Z,23.02483147,23.09852567,22.69320757,22.79453709,6638827
2019-12-17T00:00:00Z,22.9004725,23.12616099,22.8267783,22.99719614,4669394
2019-12-18T00:00:00Z,23.02943735,23.30118471,22.85441363,23.02943735,4543495
2019-12-19T00:00:00Z,23.05707268,23.18143164,22.92810783,22.97877259,2995023
2019-12-20T00:00:00Z,23.16761398,23.28276116,22.80374887,22.85441363,5336015
2019-12-23T00:00:00Z,22.87283718,23.57293208,22.85441363,23.24130818,3213233
2019-12-24T00:00:00Z,23.23670229,23.64202039,23.14458454,23.41172601,1891943
2019-12-26T00:00:00Z,23.60977917,24.0795797,23.54069086,23.95522074,3034523
2019-12-27T00:00:00Z,24.0427326,24.0427326,23.35184948,23.48081433,3107668
2019-12-30T00:00:00Z,23.43475545,23.7479558,23.25973173,23.44857311,2622424
2019-12-31T00:00:00Z,23.39790835,23.90455597,23.28276116,23.66965571,3262414
2020-01-02T00:00:00Z,23.97825017,24.23617987,23.74334991,24.08418558,4278209
2020-01-03T00:00:00Z,23.6742616,23.94140307,23.22288463,23.29197294,4447153
2020-01-06T00:00:00Z,23.07089034,23.62359684,23.07089034,23.5268732,4983440
2020-01-07T00:00:00Z,23.50844965,23.63280861,22.83138419,22.9373196,6167858
2020-01-08T00:00:00Z,22.79914298,23.0478609,22.63793692,23.02943735,6934293
2020-01-09T00:00:00Z,23.1215551,23.14919043,22.57806038,22.85441363,7158511
2020-01-10T00:00:00Z,22.85441363,23.00180203,22.75768999,22.80374887,4865579
2020-01-13T00:00:00Z,22.88665484,23.02483147,22.42146021,22.95113727,6736327
2020-01-14T00:00:00Z,22.95113727,23.73413814,22.94192549,23.42554368,6555424
2020-01-15T00:00:00Z,23.35645536,23.55450853,23.21367285,23.3057906,3904985
2020-01-16T00:00:00Z,23.49463199,23.82625589,23.34724359,23.64662627,4446293
2020-01-17T00:00:00Z,23.72032047,23.72032047,23.05246679,23.18603753,6500147
2020-01-21T00:00:00Z,23.09852567,23.10773744,22.52278973,22.70241934,5394328
2020-01-22T00:00:00Z,22.79914298,23.084708,22.79914298,23.00180203,2705178
2020-01-23T00:00:00Z,23.03864913,23.24591406,22.73926644,23.19985519,2187778
2020-01-24T00:00:00Z,23.28276116,23.50844965,22.81296064,23.02022558,3947093
2020-01-27T00:00:00Z,22.41224843,22.51818384,22.0944422,22.17734817,6141368
2020-01-28T00:00:00Z,22.34316012,22.66096636,22.26946592,22.42146021,4224526
2020-01-29T00:00:00Z,22.54581917,22.66096636,22.35697778,22.54581917,2788513
2020-01-30T00:00:00Z,22.29249536,22.78532532,22.18195406,22.74387233,4741740
2020-01-31T00:00:00Z,22.62872514,22.68399579,22.17734817,22.46291319,4626927
2020-02-03T00:00:00Z,22.47212497,22.75308411,22.389219,22.65175458,3265119
2020-02-04T00:00:00Z,23.02943735,23.7111087,22.77150766,23.50384376,5845643
2020-02-05T00:00:00Z,23.7111087,24.13024446,23.3057906,23.39330246,7337632
2020-02-06T00:00:00Z,23.5637203,24.37896238,23.51766143,24.34211528,6578550
2020-02-07T00:00:00Z,24.18090922,24.18090922,23.4900261,23.77559112,9318088
2020-02-10T00:00:00Z,23.4900261,24.02891493,23.28736705,24.00127961,5325464
2020-02-11T00:00:00Z,23.99667372,24.45726247,23.95061485,24.07036792,8684311
2020-02-12T00:00:00Z,24.28684463,24.65070974,24.21775632,24.54938022,6874180
2020-02-13T00:00:00Z,23.92758541,24.33290351,23.68807926,24.20393866,6760557
2020-02-14T00:00:00Z,24.38817416,24.66452741,24.24078576,24.35593295,4158269
2020-02-18T00:00:00Z,24.08879147,24.38817416,23.8953442,24.30526818,5139915
2020-02-19T00:00:00Z,24.36514472,24.68295096,24.29605641,24.56780377,5512765
2020-02-20T00:00:00Z,24.56780377,24.59543909,24.08418558,24.38817416,5304562
2020-02-21T00:00:00Z,24.27302697,24.32369173,23.58674974,23.82165,4403209
2020-02-24T00:00:00Z,22.92350194,22.96956082,21.84111839,22.25104237,7263037
2020-02-25T00:00:00Z,22.59187804,22.66096636,21.26538245,21.28841189,6799520
2020-02-26T00:00:00Z,21.51870626,21.80427129,20.86467024,21.15484115,6851323
2020-02-27T00:00:00Z,20.51001691,20.97521154,19.75925725,20.06324582,11045645
2020-02-28T00:00:00Z,18.97625638,19.85598089,18.05507889,18.63542071,16946976
2020-03-02T00:00:00Z,18.75517378,19.57041586,18.14719663,19.52435699,7908385
2020-03-03T00:00:00Z,19.65332184,20.13233413,19.07298002,19.24339785,9215454
2020-03-04T00:00:00Z,19.57041586,19.98033985,18.97165049,19.98033985,6008463
2020-03-05T00:00:00Z,19.35854504,19.60265708,18.64923837,18.81505032,7139045
2020-03-06T00:00:00Z,17.96296114,18.82886798,17.78793741,18.24852616,8400807
2020-03-09T00:00:00Z,16.80227749,16.94966589,16.33247697,16.69634208,10953592
2020-03-10T00:00:00Z,17.36419576,18.13798486,16.35090052,18.02744356,9943910
2020-03-11T00:00:00Z,17.33656044,17.7556962,16.84373048,17.01414832,9386827
2020-03-12T00:00:00Z,15.65080563,16.08375905,14.88162242,15.07967558,13326279
2020-03-13T00:00:00Z,16.20351212,16.55816546,15.26391108,16.55816546,9641674
2020-03-16T00:00:00Z,13.43997964,15.80279991,13.43997964,14.83556354,10098857
2020-03-17T00:00:00Z,15.11191679,15.41129948,13.92820371,14.42563956,9975249
2020-03-18T00:00:00Z,13.35707367,13.88675072,11.74961894,13.29719713,9067617
2020-03-19T00:00:00Z,13.35707367,15.06585792,12.97939089,14.72041636,8396328
2020-03-20T00:00:00Z,15.12573445,16.99111888,14.74805168,14.96452839,13515890
2020-03-23T00:00:00Z,15.19942865,16.45683593,14.5223632,15.63238208,7340416
2020-03-24T00:00:00Z,16.79306572,17.89847871,15.90412944,17.89387282,7082860
2020-03-25T00:00:00Z,18.13337897,19.52896288,17.58067248,18.11956131,7382007
2020-03-26T00:00:00Z,18.39591456,19.75925725,18.19325551,19.5934453,6317901
2020-03-27T00:00:00Z,18.52948529,18.87953274,17.62673135,17.84781395,6300688
2020-03-30T00:00:00Z,18.28997915,18.96243872,17.86163161,18.33143213,6927761
2020-03-31T00:00:00Z,18.17483196,18.88413863,17.91229637,18.21628495,3495676
2020-04-01T00:00:00Z,17.3872252,17.89847871,16.81609516,16.99572477,4866126
2020-04-02T00:00:00Z,16.84833637,17.52540183,16.65949498,17.10626607,3894289
2020-04-03T00:00:00Z,17.02796598,17.35498399,16.36471818,16.78385394,4084845
2020-04-06T00:00:00Z,17.7188491,18.02744356,17.4609194,17.92150815,6457690
2020-04-07T00:00:00Z,18.38670278,18.78280911,17.5714607,17.67279023,7204409
2020-04-08T00:00:00Z,17.87084339,18.74135612,17.77872564,18.59857361,6720036
2020-04-09T00:00:00Z,19.19273309,19.69016894,18.94862105,19.14206833,8348088
2020-04-13T00:00:00Z,18.72753846,19.03152703,18.38670278,18.63542071,3432745
2020-04-14T00:00:00Z,18.97165049,19.50593344,18.79202088,19.0407388,5004177
2020-04-15T00:00:00Z,18.43736755,18.81965621,18.23931438,18.63081482,4119365
2020-04-16T00:00:00Z,18.76438556,18.97165049,18.36367335,18.9301975,3039542
2020-04-17T00:00:00Z,19.41381569,19.46908634,18.88413863,19.11903889,6397426
2020-04-20T00:00:00Z,18.58015006,19.23418608,18.49263819,18.86571508,4069527
2020-04-21T00:00:00Z,18.39130867,18.49263819,17.13390139,17.22601914,7008545
2020-04-22T00:00:00Z,17.64054901,18.05507889,17.45170763,17.84781395,7617924
2020-04-23T00:00:00Z,18.05968477,18.32222036,17.82478451,17.92150815,2845788
2020-04-24T00:00:00Z,18.11495542,18.41433811,17.73266676,18.28076737,3493723
2020-04-27T00:00:00Z,18.49724408,18.70450902,18.42815577,18.51106174,3014380
2020-04-28T00:00:00Z,18.87953274,19.04995058,18.51566763,18.81044443,5056937
2020-04-29T00:00:00Z,19.13285655,20.11391058,19.06837413,19.98494574,6579365
2020-04-30T00:00:00Z,19.80531612,20.00336929,19.50132755,19.66253361,3432327
2020-05-01T00:00:00Z,19.15588599,19.34012149,18.32222036,18.42354988,3702669
2020-05-04T00:00:00Z,18.2715556,18.68608547,17.8662375,18.67687369,2514645
2020-05-05T00:00:00Z,18.88413863,19.1881272,18.49263819,18.51106174,2149703
2020-05-06T00:00:00Z,18.69990313,18.94401517,18.52027352,18.64923837,2265116
2020-05-07T00:00:00Z,18.91177395,19.26642729,18.81965621,19.22958019,2209359
2020-05-08T00:00:00Z,19.52896288,20.17378712,19.46448045,20.10469881,4144022
2020-05-11T00:00:00Z,19.9250692,20.15996946,19.58883941,19.97573396,3142290
2020-05-12T00:00:00Z,20.05403405,20.16918123,19.45987456,19.45987456,4281668
2020-05-13T00:00:00Z,19.50593344,19.6671395,18.58475594,18.89795629,4291332
2020-05-14T00:00:00Z,18.49724408,19.2986685,18.10113776,19.28024495,3262846
2020-05-15T00:00:00Z,18.95783283,19.46448045,18.68608547,19.38618036,3069526
2020-05-18T00:00:00Z,19.74543959,20.4409286,19.59805119,20.16457535,3665340
2020-05-19T00:00:00Z,20.07706348,20.69885829,20.07706348,20.28432842,4253519
2020-05-20T00:00:00Z,20.45935214,20.70807007,20.15536357,20.56989344,4144448
2020-05-21T00:00:00Z,20.58371111,20.74491717,20.05403405,20.44553448,3474381
2020-05-22T00:00:00Z,19.98955162,20.17378712,19.29406261,19.83755734,5418430
2020-05-26T00:00:00Z,20.62516409,20.77255249,20.44553448,20.47777569,3829372
2020-05-27T00:00:00Z,20.72649362,20.9890292,20.11851647,20.9890292,5652639
2020-05-28T00:00:00Z,20.85085258,21.27459423,20.83703492,20.99363509,8538076
2020-05-29T00:00:00Z,22.56884861,23.02943735,22.10825986,22.8636254,23420127
2020-06-01T00:00:00Z,22.67938991,22.9373196,22.23722471,22.73926644,7528182
2020-06-02T00:00:00Z,22.75308411,22.8636254,22.39382488,22.63793692,5825779
2020-06-03T00:00:00Z,22.79914298,22.8267783,22.43527787,22.48133674,5198562
2020-06-04T00:00:00Z,22.31091891,22.67938991,22.17734817,22.66096636,5245776
2020-06-05T00:00:00Z,22.77150766,23.65123216,22.77150766,23.2689435,8202327
2020-06-08T00:00:00Z,23.4900261,23.9690384,23.39790835,23.79401467,7115577
2020-06-09T00:00:00Z,23.62820272,23.62820272,22.97877259,23.04325502,4731080
2020-06-10T00:00:00Z,23.06167857,23.13537277,22.55042506,22.74847822,2880806
2020-06-11T00:00:00Z,22.10365397,22.22340705,21.3943473,21.45882973,6145681
2020-06-12T00:00:00Z,22.2786777,22.42146021,21.22853535,21.60161224,3785060
2020-06-15T00:00:00Z,21.09496462,21.8365125,21.01205864,21.67530644,4336318
2020-06-16T00:00:00Z,22.34776601,22.43067198,21.70754765,21.96087146,3160031
2020-06-17T00:00:00Z,22.00232445,22.39382488,21.86414782,21.88717726,4104258
2020-06-18T00:00:00Z,21.75821241,21.89638904,21.52331215,21.84111839,4484147
2020-06-19T00:00:00Z,22.26486003,22.80835475,22.13589518,22.53200151,6059524
2020-06-22T00:00:00Z,22.389219,22.68860168,22.03456566,22.2418306,3594904
2020-06-23T00:00:00Z,22.49054852,22.80835475,22.26486003,22.57345449,9913518
2020-06-24T00:00:00Z,25.26329278,25.28632221,23.81704411,24.45726247,31464113
2020-06-25T00:00:00Z,24.14866801,24.19933277,23.38869658,23.76637935,7397250
2020-06-26T00:00:00Z,23.58674974,24.3743565,23.39790835,24.06576203,10046614
2020-06-29T00:00:00Z,24.25920931,24.83494524,23.86770887,24.76125104,7782747
2020-06-30T00:00:00Z,24.78888637,25.4383165,24.60465087,25.30474576,6045402
2020-07-01T00:00:00Z,25.36001641,25.59491667,24.90403355,25.00075719,5494497
2020-07-02T00:00:00Z,25.40607529,25.67321676,24.74282749,24.75664516,3667455
2020-07-06T00:00:00Z,25.10208672,25.1803868,24.76125104,24.89942767,3368370
2020-07-07T00:00:00Z,24.69216273,24.8487629,24.35593295,24.38817416,3580061
2020-07-08T00:00:00Z,24.49871546,24.94088065,24.36514472,24.94088065,4085548
2020-07-09T00:00:00Z,25.05602784,25.05602784,24.41120359,24.72900983,2747039
2020-07-10T00:00:00Z,24.64149797,24.72900983,24.3743565,24.60925676,2285095
2020-07-13T00:00:00Z,24.64149797,24.72900983,23.83546766,23.84467944,4150091
2020-07-14T00:00:00Z,23.65123216,24.20854455,23.5268732,24.18090922,2628389
2020-07-15T00:00:00Z,24.26842108,24.59083321,24.02430905,24.2638152,3748299
2020-07-16T00:00:00Z,26.99971235,28.38608448,26.96747114,27.22079495,49829332
2020-07-17T00:00:00Z,27.06419478,27.93010162,26.68651201,27.80574266,11310664
2020-07-20T00:00:00Z,27.77350145,28.48741401,27.7182308,28.30317851,6123156
2020-07-21T00:00:00Z,28.41832569,28.78679669,28.11894301,28.1235489,5450015
2020-07-22T00:00:00Z,28.25251375,28.79140258,28.18342543,28.44596102,5695411
2020-07-23T00:00:00Z,28.44596102,28.9664263,28.05906647,28.33541972,4228462
2020-07-24T00:00:00Z,27.93470751,28.19263721,27.74126024,28.00379582,2538351
2020-07-27T00:00:00Z,28.02682526,28.25251375,27.84258976,28.07749002,2800032
2020-07-28T00:00:00Z,27.93010162,28.06367236,27.28067149,27.34515391,3281122
2020-07-29T00:00:00Z,27.37278924,27.73204846,27.26224794,27.49254231,3533001
2020-07-30T00:00:00Z,27.21618906,27.40503045,26.76481209,27.24843028,3671186
2020-07-31T00:00:00Z,27.46951288,27.59847772,26.9444417,27.55702474,3421381
2020-08-03T00:00:00Z,27.59387184,28.02221937,27.34515391,27.85640742,3327180
2020-08-04T00:00:00Z,27.84258976,27.93949763,27.54781296,27.78271322,3335747
2020-08-05T00:00:00Z,27.98076638,28.17421366,27.80574266,27.91628396,2276500
2020-08-06T00:00:00Z,27.7550779,28.20645487,27.59387184,28.07288413,3726227
2020-08-07T00:00:00Z,27.98997816,28.05446058,27.65996632,28.00379582,2072914
2020-08-10T00:00:00Z,28.17421366,28.58413764,28.07749002,28.47820223,3092136
2020-08-11T00:00:00Z,28.66704362,29.10460293,28.26863435,28.34463149,4107584
2020-08-12T00:00:00Z,28.60256119,28.69007306,28.2340902,28.47820223,1954966
2020-08-13T00:00:00Z,28.19263721,28.38147859,27.40503045,27.43266578,5351235
2020-08-14T00:00:00Z,27.5339953,27.79653089,27.44187755,27.59387184,2139771
2020-08-17T00:00:00Z,27.72744257,27.95313106,27.46720993,27.49254231,1870469
2020-08-18T00:00:00Z,27.4603011,27.80113677,27.4603011,27.6445366,1631319
2020-08-19T00:00:00Z,27.78271322,27.94852517,27.50635998,27.56623651,3573120
2020-08-20T00:00:00Z,27.52478353,27.61690127,27.31982153,27.47872465,1906580
2020-08-21T00:00:00Z,27.33594214,27.94852517,27.31751859,27.84719565,4371199
2020-08-24T00:00:00Z,28.51044344,28.64862007,28.16960777,28.35384327,2524135
2020-08-25T00:00:00Z,28.35384327,28.51044344,27.84258976,27.93010162,2681109
2020-08-26T00:00:00Z,28.47359634,28.68086128,28.02221937,28.61637886,4099499
2020-08-27T00:00:00Z,28.83285557,29.09999704,28.31239028,28.75455548,7382971
2020-08-28T00:00:00Z,30.1823806,31.14501108,29.84615081,30.49558094,17980077
2020-08-31T00:00:00Z,30.20080415,31.02986389,30.13632172,30.43570441,5917522
2020-09-01T00:00:00Z,30.59230458,30.78575185,30.26574716,30.56927514,4549814
2020-09-02T00:00:00Z,30.82720484,31.59869099,30.55545748,31.53651151,4577799
2020-09-03T00:00:00Z,30.9147167,31.16573757,29.66191531,30.18698648,4005349
2020-09-04T00:00:00Z,30.09486873,30.49097506,29.0769676,29.7770625,4566044
2020-09-08T00:00:00Z,29.0401205,30.20541003,28.88352033,29.54676812,5832641
2020-09-09T00:00:00Z,29.98893332,31.03446978,29.84615081,30.78575185,6426656
2020-09-10T00:00:00Z,30.89629315,31.00807804,29.95669211,30.14092761,3963833
2020-09-11T00:00:00Z,30.26989246,30.74429887,30.06723341,30.57848692,3387656
2020-09-14T00:00:00Z,30.85944605,31.22073187,30.62122955,30.79035774,4197719
2020-09-15T00:00:00Z,31.08974043,31.37991134,30.73508709,30.90550493,2875389
2020-09-16T00:00:00Z,31.16804051,31.5779645,31.01144034,31.02986389,4369490
2020-09-17T00:00:00Z,30.55085159,31.15882874,30.16395705,30.65678701,4471196
2020-09-18T00:00:00Z,30.68902822,30.93314025,30.31364839,30.56927514,21878287
2020-09-21T00:00:00Z,29.83233315,30.17777471,29.34880708,30.16856293,4275341
2020-09-22T00:00:00Z,30.45412796,30.55315454,29.9244509,30.54163982,2148788
2020-09-23T00:00:00Z,30.96077558,31.01604623,30.09947462,30.2192277,4193366
2020-09-24T00:00:00Z,29.9981451,30.38503964,29.63888587,30.1086864,3206401
2020-09-25T00:00:00Z,29.93826856,30.33437488,29.77245661,30.26989246,2413732
2020-09-28T00:00:00Z,30.77193419,31.15422285,30.61533402,31.00222857,3783904
2020-09-29T00:00:00Z,31.08513454,31.54572329,30.80878129,31.5042703,2713451
2020-09-30T00:00:00Z,31.49966441,31.72401719,30.93774614,31.17725229,3286226
2020-10-01T00:00:00Z,31.40294078,31.55493506,30.9147167,31.10816398,2183631
2020-10-02T00:00:00Z,30.34819254,31.14961696,30.26989246,30.93314025,1975764
2020-10-05T00:00:00Z,31.26937004,31.46281731,30.99762268,31.41675844,4980988
2020-10-06T00:00:00Z,31.36148779,31.7253529,30.9515638,31.08052865,3793201
2020-10-07T00:00:00Z,31.46281731,31.48584675,30.89168727,31.04828744,4220110
2020-10-08T00:00:00Z,31.08974043,31.88425602,31.0621051,31.62402337,4895208
2020-10-09T00:00:00Z,31.82207654,31.9832826,31.47663497,31.49966441,2297558
2020-10-12T00:00:00Z,31.61941749,32.01552381,31.55032917,31.89577073,1562146
2020-10-13T00:00:00Z,32.2412123,32.72022459,32.03394736,32.47611256,3167436
2020-10-14T00:00:00Z,32.58665386,32.90906598,32.37017714,32.54059498,2077762
2020-10-15T00:00:00Z,32.02473558,32.42544779,31.71153524,32.25963584,2558254
2020-10-16T00:00:00Z,32.61889507,32.79852468,32.29648294,32.31030061,2992802
2020-10-19T00:00:00Z,32.42544779,32.66034805,31.88655896,32.01091792,2087907
2020-10-20T00:00:00Z,32.30108883,32.42084191,31.95104138,31.96946493,1480284
2020-10-21T00:00:00Z,32.11224745,32.49914199,31.94413255,32.16291221,3767692
2020-10-22T00:00:00Z,32.43465957,32.43465957,31.21640233,31.67929402,2001192
2020-10-23T00:00:00Z,31.66087047,31.71383818,31.2463406,31.40294078,2602974
2020-10-26T00:00:00Z,31.02065212,31.0828316,29.45004449,29.81851549,3911010
2020-10-27T00:00:00Z,29.84615081,29.93366267,29.24277955,29.27962665,1867720
2020-10-28T00:00:00Z,28.57492587,28.75916137,27.94391928,27.95773695,3457439
2020-10-29T00:00:00Z,27.86101331,28.10973123,27.55297156,27.87483097,3550297
2020-10-30T00:00:00Z,27.83798387,28.03603703,27.11946543,27.7550779,3561197
2020-11-02T00:00:00Z,28.18342543,28.3077844,27.66296015,27.76889556,2206798
2020-11-03T00:00:00Z,28.12815478,28.95721453,28.10051946,28.44135513,1674573
2020-11-04T00:00:00Z,28.77297903,29.0401205,28.25251375,28.66243773,3366097
2020-11-05T00:00:00Z,29.10920881,29.75403306,29.01709107,29.71258007,3003322
2020-11-06T00:00:00Z,29.80930371,29.88276762,29.20132656,29.74942717,1501808
2020-11-09T00:00:00Z,30.36661609,30.42188674,29.56519167,29.58822111,2973502
2020-11-10T00:00:00Z,29.54216224,30.02578042,29.14145003,29.75863895,3444313
2020-11-11T00:00:00Z,30.06262752,30.06262752,29.50992102,29.88299791,1970839
2020-11-12T00:00:00Z,29.86918025,30.13632172,29.45004449,29.67112709,2410871
2020-11-13T00:00:00Z,29.91984501,30.48632311,29.83233315,30.44952207,2975544
2020-11-16T00:00:00Z,30.64296934,31.09434631,30.2192277,31.02065212,2832780
2020-11-17T00:00:00Z,30.78575185,31.41215255,30.65678701,31.25555238,1966558
2020-11-18T00:00:00Z,31.52729974,31.67468814,31.06440805,31.1357993,2527462
2020-11-19T00:00:00Z,31.07131688,31.6516587,30.72587532,31.55032917,4564142
2020-11-20T00:00:00Z,31.63784104,31.86813541,31.45825748,31.47663497,2843728
2020-11-23T00:00:00Z,31.59638805,32.1675181,31.56875272,31.95564727,2931303
2020-11-24T00:00:00Z,32.2412123,32.47150667,31.96485905,32.39320658,5172722
2020-11-25T00:00:00Z,32.16291221,32.23200052,30.9746393,31.94182961,8768361
2020-11-27T00:00:00Z,31.9464355,32.34254182,31.79444121,32.15830632,2779294
2020-11-30T00:00:00Z,32.35175359,32.43465957,31.32464069,31.79444121,4739862
2020-12-01T00:00:00Z,32.17212398,32.59586563,31.80825887,32.48071844,6773356
2020-12-02T00:00:00Z,32.51756554,32.74785992,32.08921801,32.48071844,4693997
2020-12-03T00:00:00Z,32.61889507,32.9367013,32.28266528,32.66034805,4426622
2020-12-04T00:00:00Z,32.72022459,33.29135464,32.54059498,33.20844866,5061544
2020-12-07T00:00:00Z,33.2683252,33.45716659,32.22278875,32.41623602,6222583
2020-12-08T00:00:00Z,32.38860069,33.12554269,32.30569472,33.10251325,3625626
2020-12-09T00:00:00Z,33.22687221,33.60916087,32.70640693,32.94591308,4662459
2020-12-10T00:00:00Z,32.6787716,33.27293109,32.38399481,33.23608399,4902758
2020-12-11T00:00:00Z,33.02881905,33.41253554,32.77088935,32.99657784,2887067
2020-12-14T00:00:00Z,33.16238979,33.60916087,33.12554269,33.36044295,4259326
2020-12-15T00:00:00Z,33.77036694,34.02829663,33.33704504,33.96381421,3963445
2020-12-16T00:00:00Z,34.06053785,34.21713802,33.92120975,34.02369075,3202216
2020-12-17T00:00:00Z,34.16186737,34.46125006,34.14482559,34.41058529,3632877
2020-12-18T00:00:00Z,34.54415603,34.72378564,33.33741351,33.58613144,9961913
2020-12-21T00:00:00Z,33.30977819,33.77957871,32.7156187,33.65061386,3446124
2020-12-22T00:00:00Z,33.94539066,34.02369075,33.4157136,33.49861957,2565574
2020-12-23T00:00:00Z,33.57691966,34.01447897,33.3420194,33.80721404,3252553
2020-12-24T00:00:00Z,33.97302598,34.03290252,33.50552841,33.61837265,3294329
2020-12-28T00:00:00Z,33.87630235,33.9684201,33.36274589,33.55389022,6292660
2020-12-29T00:00:00Z,33.59534321,33.95460243,32.8630071,32.93209542,8201236
2020-12-30T00:00:00Z,33.01500139,33.64600797,32.94130719,33.39268416,8683942
2020-12-31T00:00:00Z,33.4894078,33.79339637,33.15087507,33.75654927,2456150
2021-01-04T00:00:00Z,34.03290252,34.03290252,33.01960728,33.38807828,6927678
2021-01-05T00:00:00Z,33.11633091,34.07435551,32.93209542,33.83484936,4051628
2021-01-06T00:00:00Z,33.77036694,34.65009144,33.57922261,34.1158085,5155812
2021-01-07T00:00:00Z,34.54415603,35.16595084,34.32767932,35.16134495,4542548
2021-01-08T00:00:00Z,35.28109803,35.65417491,34.88959759,35.56666305,5304152
2021-01-11T00:00:00Z,35.12910374,35.39163932,34.83432694,34.83432694,2937544
2021-01-12T00:00:00Z,34.94026235,35.35479223,34.81360045,35.35018634,2727431
2021-01-13T00:00:00Z,34.42900884,34.53494426,32.32411827,32.80773645,15099019
2021-01-14T00:00:00Z,32.83997767,34.01447897,32.82155412,33.73812572,8655122
2021-01-15T00:00:00Z,33.69206685,34.49809716,33.56351653,34.20332036,6529531
2021-01-19T00:00:00Z,34.34610287,34.55797369,34.22174391,34.47967361,4898292
2021-01-20T00:00:00Z,34.97710945,35.5482395,34.50730893,35.48836296,6958684
2021-01-21T00:00:00Z,35.72326322,35.79695742,34.9586859,35.41927465,4772020
2021-01-22T00:00:00Z,34.91723292,35.08765075,34.55797369,34.97710945,2249413
2021-01-25T00:00:00Z,35.16134495,35.17746556,33.8578788,34.85735638,2686464
2021-01-26T00:00:00Z,35.00474478,35.23043326,34.52112659,35.02316833,2520418
2021-01-27T00:00:00Z,34.36452642,34.8849917,33.71970217,34.01908486,5638178
2021-01-28T00:00:00Z,34.00987308,34.63166789,33.56770789,34.04672018,5228084
2021-01-29T00:00:00Z,33.82563758,34.35070876,33.33280763,33.57231377,3720770
2021-02-01T00:00:00Z,33.92236122,34.41519118,33.48480191,34.06053785,3231383
2021-02-02T00:00:00Z,35.45612175,35.80156331,35.19819205,35.54363361,7815003
2021-02-03T00:00:00Z,35.35018634,36.07791656,35.35018634,35.81077508,2721850
2021-02-04T00:00:00Z,36.00422236,36.54311119,35.94789235,36.52929353,2943769
2021-02-05T00:00:00Z,36.61680539,36.88394687,36.47402288,36.66747015,3536040
2021-02-08T00:00:00Z,36.84709977,37.17411778,36.61680539,36.81946444,9876117
2021-02-09T00:00:00Z,36.52468764,36.81485855,36.29439327,36.65825838,8447999
2021-02-10T00:00:00Z,36.76879968,36.84709977,36.11936955,36.65365249,3877457
2021-02-11T00:00:00Z,36.77340557,36.90237042,35.85729455,36.61680539,3077059
2021-02-12T00:00:00Z,36.63522894,36.87473509,36.31742271,36.8701292,3497389
2021-02-16T00:00:00Z,37.2017531,37.26623553,36.14239898,36.58917007,6170979
2021-02-17T00:00:00Z,36.31281682,36.8332821,36.20457846,36.50626409,3538299
2021-02-18T00:00:00Z,36.25754617,37.0912118,36.00422236,36.70431725,3027162
2021-02-19T00:00:00Z,37.15108834,37.45507691,36.86552332,37.2017531,3270062
2021-02-22T00:00:00Z,37.15569423,37.75906548,36.63522894,37.2017531,5744355
2021-02-23T00:00:00Z,36.84709977,37.25011492,35.47961178,37.10502946,5044639
2021-02-24T00:00:00Z,37.21096488,37.73143016,37.03594115,37.62549475,3969717
2021-02-25T00:00:00Z,37.30768851,37.58404176,36.37269336,36.69971137,5531536
2021-02-26T00:00:00Z,37.16030011,38.31637787,36.84709977,37.33992973,6942748
2021-03-01T00:00:00Z,37.34453561,38.43152506,37.34453561,38.27031899,4622291
2021-03-02T00:00:00Z,38.22886601,38.49140159,37.83275968,38.09529527,2937205
2021-03-03T00:00:00Z,38.26571311,38.76775484,38.01699518,38.50521926,5849017
2021-03-04T00:00:00Z,38.42231328,38.87369025,37.51034756,38.13674826,5422707
2021-03-05T00:00:00Z,38.62957822,39.46784974,38.39928384,39.31124956,6930651
2021-03-08T00:00:00Z,39.57378515,39.92843848,39.12240818,39.20070826,6885061
2021-03-09T00:00:00Z,39.65208524,40.46732732,39.61063225,39.83632073,4319017
2021-03-10T00:00:00Z,40.03897978,40.5824745,39.95607381,40.38442134,4408883
2021-03-11T00:00:00Z,40.53180974,41.2088752,40.53180974,40.81737477,7447258
2021-03-12T00:00:00Z,40.77131589,40.91870429,40.37520957,40.90949251,2858109
2021-03-15T00:00:00Z,40.87264542,41.13978689,40.63313927,41.13057511,5646558
2021-03-16T00:00:00Z,41.22269286,41.3562636,40.65156282,41.02924559,5880382
2021-03-17T00:00:00Z,40.89106896,42.1485223,40.59168628,42.04254083,6162482
2021-03-18T00:00:00Z,41.66485806,41.66485806,40.55483918,40.5824745,6201801
2021-03-19T00:00:00Z,40.40284489,40.88185719,40.32454481,40.36139191,7791824
2021-03-22T00:00:00Z,40.26927416,40.66077459,40.03897978,40.23242706,6212854
2021-03-23T00:00:00Z,40.10806809,40.50647736,39.0602287,39.49548506,5250796
2021-03-24T00:00:00Z,39.76262653,40.25545649,39.53693805,39.77183831,5446239
2021-03-25T00:00:00Z,39.2237377,40.02516212,39.10398463,39.60602636,3417040
2021-03-26T00:00:00Z,39.91922671,40.99239849,39.70735589,40.9877926,5169135
2021-03-29T00:00:00Z,40.8404042,41.2825694,40.42587433,40.62853338,4094606
2021-03-30T00:00:00Z,40.38442134,41.01542793,40.35218013,40.8035571,4601077
2021-03-31T00:00:00Z,40.83119243,40.99239849,40.50417442,40.60089805,3239474
2021-04-01T00:00:00Z,40.66077459,41.14439278,40.57326273,41.02924559,3805974
2021-04-05T00:00:00Z,41.10293979,41.37008126,40.96936905,41.15821044,5019779
2021-04-06T00:00:00Z,41.19045165,41.43916957,40.99239849,41.21348109,4943562
2021-04-07T00:00:00Z,41.27796351,42.56300612,41.27796351,42.14847624,5614214
2021-04-08T00:00:00Z,42.51234135,42.77948283,41.72243165,42.6413062,6963247
2021-04-09T00:00:00Z,42.51234135,43.29994811,42.43864716,43.24007158,4034439
2021-04-12T00:00:00Z,42.71960629,43.31376577,42.62606072,43.04201841,4027271
2021-04-13T00:00:00Z,43.14795383,43.14795383,42.54918845,42.61827677,3293716
2021-04-14T00:00:00Z,42.68275919,43.06965374,42.62707401,42.69657685,5620595
2021-04-15T00:00:00Z,45.16533254,46.62539887,43.90792526,45.56143886,26547703
2021-04-16T00:00:00Z,45.93451575,47.05835229,45.69961548,46.71291073,11333527
2021-04-19T00:00:00Z,46.70369895,47.80911195,46.45498103,47.63408822,7467838
2021-04-20T00:00:00Z,47.64790588,47.6801471,46.58855177,46.74054605,5472606
2021-04-21T00:00:00Z,46.64382242,47.1274406,46.53328112,46.70830484,4750703
2021-04-22T00:00:00Z,46.69909307,46.98465809,46.10953947,46.28456319,3146970
2021-04-23T00:00:00Z,46.51025168,46.88332856,46.28456319,46.70830484,5709944
2021-04-26T00:00:00Z,46.72672839,46.85569324,46.13256891,46.23389843,5005321
2021-04-27T00:00:00Z,46.18783956,46.67145774,46.15605893,46.38589272,3814641
2021-04-28T00:00:00Z,46.49643402,46.49643402,45.7687038,45.79173323,1792669
2021-04-29T00:00:00Z,46.12796302,46.39971038,45.81015678,46.05887471,2896186
2021-04-30T00:00:00Z,45.88385098,45.92990986,45.20678553,45.2896915,2448830
2021-05-03T00:00:00Z,45.69040371,45.83318622,44.97649115,45.03636769,5167648
2021-05-04T00:00:00Z,44.67710847,44.7738321,44.15203729,44.45602587,4061913
2021-05-05T00:00:00Z,44.80146743,45.46932111,44.46523764,45.32193271,4055106
2021-05-06T00:00:00Z,45.4002328,45.98057462,45.02255003,45.9529393,3599951
2021-05-07T00:00:00Z,46.05887471,46.84187558,45.9529393,46.54709878,4147729
2021-05-10T00:00:00Z,46.54249289,46.63461064,45.87003332,45.91148631,3178319
2021-05-11T00:00:00Z,44.55735539,45.19296786,44.20270206,45.05479124,7071890
2021-05-12T00:00:00Z,44.68171435,44.90279695,43.28152456,43.33679521,4925750
2021-05-13T00:00:00Z,43.74211331,44.65407903,43.58090725,44.40075522,2962980
2021-05-14T00:00:00Z,44.96267349,45.38180925,44.77903676,45.33575037,1881107
2021-05-17T00:00:00Z,45.13769721,45.52919765,44.98155763,45.31732682,2312002
2021-05-18T00:00:00Z,45.48544172,45.61210362,45.05018535,45.20678553,1869200
2021-05-19T00:00:00Z,44.40996699,44.93964405,43.94016647,44.58499072,3021832
2021-05-20T00:00:00Z,44.72316734,45.63973895,44.7001379,45.41865635,2802482
2021-05-21T00:00:00Z,45.79633912,45.92069808,45.28047972,45.35417392,2297422
2021-05-24T00:00:00Z,45.74106847,46.36286328,45.66046544,46.12335713,3656653
2021-05-25T00:00:00Z,46.38128683,46.49182813,45.80094501,45.83318622,4078887
2021-05-26T00:00:00Z,45.89766865,46.26613964,45.76409791,45.90227453,3318607
2021-05-27T00:00:00Z,46.15559834,46.26871894,45.59368007,45.92069808,6532161
2021-05-28T00:00:00Z,45.44859462,45.93451575,43.86647227,45.43247401,6509069
2021-06-01T00:00:00Z,45.87003332,47.43142917,45.79633912,47.37155264,8253504
2021-06-02T00:00:00Z,47.41761151,47.59263523,46.42273982,46.42273982,4747600
2021-06-03T00:00:00Z,46.18783956,46.96162865,45.72725081,46.82345203,5104058
2021-06-04T00:00:00Z,47.00768753,47.70317653,46.87872268,47.68475298,4337415
2021-06-07T00:00:00Z,47.98413567,48.08546519,47.16889359,47.36694675,2438405
2021-06-08T00:00:00Z,47.40839974,47.97952978,47.36234086,47.85977671,2725894
2021-06-09T00:00:00Z,47.99795333,48.06939065,47.56499991,47.88280615,2267681
2021-06-10T00:00:00Z,47.85517082,48.18679472,47.66172355,47.80450606,3439974
2021-06-11T00:00:00Z,47.67093532,47.95189446,46.89254034,47.89201792,3788986
2021-06-14T00:00:00Z,47.9012297,48.00255922,47.09289644,47.32088787,3681643
2021-06-15T00:00:00Z,47.3853703,47.58342346,47.15277298,47.37615852,2075380
2021-06-16T00:00:00Z,47.30707021,47.62948233,46.9800522,47.32549376,3157516
2021-06-17T00:00:00Z,47.32549376,47.32549376,45.81015678,45.89766865,5055857
2021-06-18T00:00:00Z,45.24823851,45.52919765,44.83370864,45.4002328,5547308
2021-06-21T00:00:00Z,45.70882726,46.13256891,45.63052717,46.05887471,3652407
2021-06-22T00:00:00Z,46.05887471,46.05887471,45.59828596,45.94833341,2206942
2021-06-23T00:00:00Z,45.92069808,45.98518051,45.59828596,45.69961548,2387211
2021-06-24T00:00:00Z,46.05887471,46.05887471,45.41405046,45.63513306,7347564
2021-06-25T00:00:00Z,45.82858033,45.96675696,45.71803903,45.82858033,9249345
2021-06-28T00:00:00Z,45.82858033,46.15099246,45.75028025,45.94372752,7947105
2021-06-29T00:00:00Z,45.96675696,47.11822883,45.7687038,47.07216995,8192339
2021-06-30T00:00:00Z,46.65764008,46.82805791,45.87463921,45.90688042,5759721
2021-07-01T00:00:00Z,45.64434483,45.79173323,45.09163834,45.45550345,5603854
2021-07-02T00:00:00Z,45.66737427,45.92069808,45.09163834,45.7687038,4022820
2021-07-06T00:00:00Z,45.74106847,46.15099246,45.18836198,45.30811505,3589060
2021-07-07T00:00:00Z,45.57986241,46.09111592,45.29429739,45.82397445,3040957
2021-07-08T00:00:00Z,45.14690899,45.9160922,44.96958232,45.59828596,3543142
2021-07-09T00:00:00Z,45.73646258,46.45498103,45.69961548,46.17402189,5137192
2021-07-12T00:00:00Z,46.10953947,46.10953947,44.72777323,44.736985,4087142
2021-07-13T00:00:00Z,44.56196128,44.57577894,43.17098326,43.18480093,6977467
2021-07-14T00:00:00Z,43.57169547,44.13591669,42.8992359,43.01898898,5163631
2021-07-15T00:00:00Z,42.80711815,43.16407443,42.48010014,43.12953028,5192083
2021-07-16T00:00:00Z,43.39206586,43.43351885,42.47549425,42.50773547,3884669
2021-07-19T00:00:00Z,41.8352759,42.95911244,41.72012871,42.77948283,4358228
2021-07-20T00:00:00Z,43.02359486,44.18888439,42.99595954,43.92634881,4929532
2021-07-21T00:00:00Z,44.07834309,44.53893184,43.81120162,44.31324336,3306195
2021-07-22T00:00:00Z,44.43760232,44.50208474,43.85035166,44.18888439,2737539
2021-07-23T00:00:00Z,44.21651972,44.53893184,44.02767833,44.46984353,2062962
2021-07-26T00:00:00Z,44.54814362,44.71856145,44.34087868,44.42839054,2463647
2021-07-27T00:00:00Z,44.04149599,44.39154344,43.73290153,44.26257859,1735079
2021-07-28T00:00:00Z,44.33166691,44.49287297,44.12900786,44.16585496,1140589
2021-07-29T00:00:00Z,44.37311989,44.63565548,44.01386067,44.58038483,1576861
2021-07-30T00:00:00Z,44.38693756,44.80091472,44.23494327,44.50208474,1586885
2021-08-02T00:00:00Z,44.71395557,44.736985,44.20961089,44.35009046,2405840
2021-08-03T00:00:00Z,44.56656717,45.5107741,44.27179037,45.33575037,3140491
2021-08-04T00:00:00Z,45.13309133,45.18375609,44.74619678,44.85673808,1653512
2021-08-05T00:00:00Z,45.13769721,45.41405046,44.94424994,45.29429739,1729225
2021-08-06T00:00:00Z,45.31272094,45.51307704,45.16993843,45.38641514,1464475
2021-08-09T00:00:00Z,45.07335297,45.48774466,44.9580676,45.36799159,2125741
2021-08-10T00:00:00Z,45.57525652,45.6742831,45.20217964,45.33114449,1717305
2021-08-11T00:00:00Z,45.33114449,46.27995731,45.33114449,46.22929254,2433079
2021-08-12T00:00:00Z,46.25692787,46.4273457,45.87463921,46.29377497,2042544
2021-08-13T00:00:00Z,46.29377497,46.44116337,45.89766865,46.07269237,1605767
2021-08-16T00:00:00Z,45.83779211,45.99439228,45.38641514,45.89766865,1773819
2021-08-17T00:00:00Z,45.67198016,45.71803903,44.7232134,45.05479124,2405015
2021-08-18T00:00:00Z,44.86134396,45.18394032,44.64947314,44.65868492,1566070
2021-08-19T00:00:00Z,44.21651972,44.65407903,43.99083123,44.31784924,2248562
2021-08-20T00:00:00Z,44.8475263,45.57065064,44.68632024,45.36799159,3037786
2021-08-23T00:00:00Z,45.57986241,46.27074553,45.33114449,46.11414536,3252839
2021-08-24T00:00:00Z,46.51946345,46.65303419,46.00820994,46.39971038,4844206
2021-08-25T00:00:00Z,46.25692787,47.17810536,46.12796302,47.00768753,3476497
2021-08-26T00:00:00Z,47.21034657,47.29500279,46.57012822,46.77278727,4156250
2021-08-27T00:00:00Z,45.44168579,46.73133428,43.76053686,44.65407903,10633978
2021-08-30T00:00:00Z,44.93503816,45.62592128,44.40075522,45.20678553,5722645
2021-08-31T00:00:00Z,45.19296786,45.34496215,44.76922622,44.88897929,4847968
2021-09-01T00:00:00Z,44.9212205,45.12387955,44.54814362,44.56196128,3568206
2021-09-02T00:00:00Z,44.69092613,45.05939713,44.44681409,44.70934968,4295574
2021-09-03T00:00:00Z,44.70934968,45.13143321,44.63104959,44.74159089,5029964
2021-09-07T00:00:00Z,44.58499072,44.76945651,44.14743141,44.22112561,5111760
2021-09-08T00:00:00Z,44.14743141,44.32245513,43.37133937,43.70526621,3881115
2021-09-09T00:00:00Z,43.53945426,44.58476042,43.53945426,44.39154344,3654868
2021-09-10T00:00:00Z,44.64486725,44.76001444,43.76514275,43.86647227,4062872
2021-09-13T00:00:00Z,45.31732682,45.78252146,44.93540664,45.5476212,11731724
2021-09-14T00:00:00Z,45.51998587,45.55222709,44.75540855,44.87976751,5554910
2021-09-15T00:00:00Z,44.9580676,46.39971038,44.79686154,46.26153376,5807128
2021-09-16T00:00:00Z,46.15559834,46.79121081,46.00360406,46.70369895,5478079
2021-09-17T00:00:00Z,46.70830484,47.04453463,45.39562691,46.30298674,9065524
2021-09-20T00:00:00Z,45.52919765,47.02145913,45.50616821,46.45958692,8217162
2021-09-21T00:00:00Z,46.9800522,47.07216995,45.51998587,45.75488613,5475712
2021-09-22T00:00:00Z,45.93451575,46.01281583,45.105456,45.72264492,5757004
2021-09-23T00:00:00Z,46.41813393,48.46775385,45.59828596,47.29785844,11649205
2021-09-24T00:00:00Z,47.27022311,47.94728857,47.25640545,47.84595905,6316186
2021-09-27T00:00:00Z,47.63869411,48.40327143,47.61566467,48.30194191,4292847
2021-09-28T00:00:00Z,47.99334744,48.67501879,47.91504736,48.49538918,4103579
2021-09-29T00:00:00Z,48.63817169,48.93985732,47.85977671,48.53684217,4778154
2021-09-30T00:00:00Z,48.66120113,48.75331888,47.30707021,47.91965325,4859558
2021-10-01T00:00:00Z,48.17297706,48.93755438,47.96110623,48.72107767,3768935
2021-10-04T00:00:00Z,48.84543663,49.08494278,48.09467697,48.47235974,4092053
2021-10-05T00:00:00Z,48.7809542,49.02967213,48.23745948,48.79016598,3353152
2021-10-06T00:00:00Z,48.16837117,48.68473721,47.87359437,48.59211282,3064209
2021-10-07T00:00:00Z,48.8914955,49.50407854,48.62895992,49.30602537,4105284
2021-10-08T00:00:00Z,49.50407854,49.69752581,48.02098277,48.38945377,5287194
2021-10-11T00:00:00Z,48.41708909,48.94676615,48.20982416,48.45393619,2772358
2021-10-12T00:00:00Z,48.42169498,48.60593048,47.61566467,47.78608251,3830650
2021-10-13T00:00:00Z,47.90583558,48.20061238,47.41761151,47.7538413,5377030
2021-10-14T00:00:00Z,48.01177099,49.02460565,47.97952978,48.82240719,3618614
2021-10-15T00:00:00Z,49.16324286,49.72976702,48.94216026,49.61001395,3345091
2021-10-18T00:00:00Z,49.95084962,50.52197967,49.83570243,50.04296737,5005076
2021-10-19T00:00:00Z,50.29629118,51.10232149,50.04296737,51.03783906,7436888
2021-10-20T00:00:00Z,51.2082569,51.57212201,50.99638608,51.41552184,7434733
2021-10-21T00:00:00Z,51.3556453,52.27682279,51.15759214,52.03731664,7329785
2021-10-22T00:00:00Z,51.97283422,52.8617705,51.88532236,52.75583509,5251313
2021-10-25T00:00:00Z,52.87558816,52.96770591,51.67805742,51.71951041,13385911
2021-10-26T00:00:00Z,51.8715047,51.97744011,50.7292446,50.76148581,5858748
2021-10-27T00:00:00Z,50.56803854,50.75687993,49.70673758,49.9232143,7105092
2021-10-28T00:00:00Z,50.55422088,50.86281534,50.10744979,50.70160928,6545204
2021-10-29T00:00:00Z,50.30550296,51.51685136,50.30550296,50.66015629,8913524
2021-11-01T00:00:00Z,50.36537949,51.38788651,50.36537949,51.36025119,6070808
2021-11-02T00:00:00Z,51.48929894,52.10724323,48.17239211,49.62637867,18230159
2021-11-03T00:00:00Z,49.9898753,50.28976003,49.31740652,50.16253621,9923048
2021-11-04T00:00:00Z,49.99896272,50.38972161,48.85394831,49.590029,5980590
2021-11-05T00:00:00Z,49.80812698,51.28028837,49.60820383,51.21667646,7625102
2021-11-08T00:00:00Z,51.22576388,51.54382344,50.22614812,50.46242094,4450598
2021-11-09T00:00:00Z,50.38972161,51.14397713,49.9898753,50.96222881,3881099
2021-11-10T00:00:00Z,50.84409241,51.96184457,50.81228645,51.45294928,5205307
2021-11-11T00:00:00Z,51.55291085,51.95730086,50.87135465,51.06219039,3695308
2021-11-12T00:00:00Z,51.21667646,51.41659961,50.73958712,50.88952949,3668870
2021-11-15T00:00:00Z,51.31663804,52.28899155,51.14397713,51.5256486,7123936
2021-11-16T00:00:00Z,51.57108568,51.90732008,51.3529877,51.5256486,6305691
2021-11-17T00:00:00Z,51.70739692,51.9800194,50.84418328,50.88952949,3566577
2021-11-18T00:00:00Z,50.80774274,51.50747377,50.47150835,50.79865533,5020282
2021-11-19T00:00:00Z,50.76230566,50.88952949,49.94898193,49.99896272,3830493
2021-11-22T00:00:00Z,50.28067262,50.59873218,49.35829989,50.0989243,6229593
2021-11-23T00:00:00Z,49.95352564,50.18071104,49.25470335,49.68090316,4646692
2021-11-24T00:00:00Z,50.29884745,52.70701268,49.79903957,52.07089356,13025075
2021-11-26T00:00:00Z,51.34390029,52.46165245,50.88044207,51.05310297,3858621
2021-11-29T00:00:00Z,51.84370816,52.58887627,51.30500615,52.3162538,5353615
2021-11-30T00:00:00Z,52.27990413,52.57070144,50.63508184,51.31663804,9760586
2021-12-01T00:00:00Z,51.78918367,52.02545648,50.50331431,50.61690701,6302142
2021-12-02T00:00:00Z,50.43515869,52.04363132,50.43515869,51.93458232,6671083
2021-12-03T00:00:00Z,52.25264188,53.28860731,52.18902997,53.14320865,8107211
2021-12-06T00:00:00Z,53.38856888,53.88837676,52.83423651,53.38856888,5165047
2021-12-07T00:00:00Z,53.84293968,54.06103766,52.888761,53.53396754,4197531
2021-12-08T00:00:00Z,53.61575428,53.61575428,52.63431335,53.07050932,3505897
2021-12-09T00:00:00Z,53.02507224,53.23408281,52.33442863,52.38895312,4444983
2021-12-10T00:00:00Z,52.39804054,52.77062459,51.89823266,52.34351604,3037394
2021-12-13T00:00:00Z,51.93458232,52.24355447,50.58055734,50.63508184,3542392
2021-12-14T00:00:00Z,49.69907799,50.12618654,49.30831911,49.6445535,4771540
2021-12-15T00:00:00Z,50.01713755,50.9531414,49.48098001,50.92587915,3518136
2021-12-16T00:00:00Z,51.11671489,51.28664956,49.93535081,49.97170047,2863343
2021-12-17T00:00:00Z,49.90808856,50.00805014,49.12657079,49.66272833,5388979
2021-12-20T00:00:00Z,49.08113371,49.22653236,48.23600402,48.70854965,3697458
2021-12-21T00:00:00Z,49.3628436,50.41698386,49.01752179,50.38972161,3567227
2021-12-22T00:00:00Z,50.2715852,50.66234409,49.83538923,50.31702228,3787359
2021-12-23T00:00:00Z,50.52603285,51.11217118,50.37154678,50.78048049,2885881
2021-12-27T00:00:00Z,50.93496657,51.59380422,50.93496657,51.43477445,2009408
2021-12-28T00:00:00Z,51.38933737,52.10724323,51.38933737,51.752834,2353781
2021-12-29T00:00:00Z,51.8073585,52.52526436,51.78918367,51.84370816,2207832
2021-12-30T00:00:00Z,51.8073585,51.90732008,51.30755062,51.3529877,1581322
2021-12-31T00:00:00Z,51.28028837,51.50747377,51.03038443,51.04401556,1094103
2022-01-03T00:00:00Z,51.03492814,51.88460154,51.02584073,51.78009625,2906777
2022-01-04T00:00:00Z,52.02545648,53.61575428,52.02545648,53.15229607,5745654
2022-01-05T00:00:00Z,53.04324707,54.07012508,52.58433257,52.68883785,6049085
2022-01-06T00:00:00Z,52.68883785,53.3431318,52.32534121,52.74336235,3751287
2022-01-07T00:00:00Z,52.79788684,53.13412123,52.0890684,52.69792527,3516191
2022-01-10T00:00:00Z,53.76569664,54.53358329,53.26134506,54.41544689,10511618
2022-01-11T00:00:00Z,54.52449588,55.13998656,54.27913565,54.75168128,7036576
2022-01-12T00:00:00Z,54.9334296,54.98804497,53.72480327,54.4790588,3098059
2022-01-13T00:00:00Z,54.97886668,55.18787724,54.40635947,54.67898195,4133003
2022-01-14T00:00:00Z,54.50632105,55.22422691,54.1973489,55.00612893,5790625
2022-01-18T00:00:00Z,54.77894353,55.26057657,53.97925092,54.05195025,5053007
2022-01-19T00:00:00Z,54.52449588,54.94251701,52.64340077,52.67066302,3956465
2022-01-20T00:00:00Z,52.91602325,53.65664765,52.11178694,52.16176772,2893882
2022-01-21T00:00:00Z,52.00728165,52.02545648,50.2170607,50.4987706,4212116
2022-01-24T00:00:00Z,49.78086474,50.51694543,48.55406358,50.36245936,5523740
2022-01-25T00:00:00Z,49.84447665,50.91679173,48.70854965,50.38063419,4421920
2022-01-26T00:00:00Z,51.06219039,51.55291085,49.93535081,50.28976003,3126660
2022-01-27T00:00:00Z,50.73958712,52.34351604,50.02622497,50.38972161,4359743
2022-01-28T00:00:00Z,50.38972161,51.23485129,49.7173437,51.10762747,3920545
2022-01-31T00:00:00Z,51.08945264,51.62561018,50.8395487,51.62561018,3318993
2022-02-01T00:00:00Z,51.68922209,53.27043247,51.33481287,53.22499539,3395185
2022-02-02T00:00:00Z,53.60666686,54.26096081,53.30678214,53.97925092,3886692
2022-02-03T00:00:00Z,53.53396754,54.61537004,53.47035562,53.7975026,2814897
2022-02-04T00:00:00Z,53.68845361,53.89746418,52.93419808,53.37948146,1952084
2022-02-07T00:00:00Z,53.68845361,54.18826149,53.47035562,53.57940462,2132526
2022-02-08T00:00:00Z,53.71571586,54.55175813,53.27043247,54.4790588,2933488
2022-02-09T00:00:00Z,54.78803094,55.43323748,54.57447667,55.22422691,3346881
2022-02-10T00:00:00Z,54.92434218,55.92395794,54.6517197,55.17878983,3676756
2022-02-11T00:00:00Z,55.20605208,55.70585996,53.93381384,54.0792125,2449937
2022-02-14T00:00:00Z,53.7975026,54.20643632,52.91602325,53.25225764,2902541
2022-02-15T00:00:00Z,53.52488012,54.91525477,53.48853046,54.36092239,3401074
2022-02-16T00:00:00Z,53.94290126,55.01067263,53.91563901,54.78803094,3001694
2022-02-17T00:00:00Z,54.72441903,54.86073027,53.83385226,53.8520271,2716331
2022-02-18T00:00:00Z,53.84293968,54.44270913,53.3976563,53.52488012,3198015
2022-02-22T00:00:00Z,53.02507224,53.64301653,51.71648434,51.91640749,3270122
2022-02-23T00:00:00Z,52.42530279,53.05233449,51.38933737,51.59834793,3477439
2022-02-24T00:00:00Z,50.06257463,50.85317982,49.40828068,50.74413083,6516014
2022-02-25T00:00:00Z,46.1186361,48.20874177,44.67373696,46.76384263,14711058
2022-02-28T00:00:00Z,46.17316059,47.26365051,45.71878979,46.30947183,6844403
2022-03-01T00:00:00Z,45.45525473,45.92780036,45.07358326,45.32803091,5359817
2022-03-02T00:00:00Z,45.86418845,48.93573505,45.68244013,48.70854965,6072267
2022-03-03T00:00:00Z,48.5086265,49.02660921,47.67712794,47.79072064,4004247
2022-03-04T00:00:00Z,47.32726242,47.69984648,46.70931814,47.21821343,2984614
2022-03-07T00:00:00Z,46.72749297,47.01829028,44.51016347,44.82822303,4649796
2022-03-08T00:00:00Z,45.2098945,46.81836713,44.57377538,45.65517788,5920803
2022-03-09T00:00:00Z,46.75475522,47.75891468,46.4639579,47.23638826,4199789
2022-03-10T00:00:00Z,46.62753139,47.43631141,46.37308374,47.22730085,3590435
2022-03-11T00:00:00Z,47.25456309,47.91794446,46.83654196,47.26365051,2977486
2022-03-14T00:00:00Z,47.12733927,47.76345839,45.78240171,46.10954868,3406394
2022-03-15T00:00:00Z,46.10954868,47.43631141,45.94597519,47.32726242,2477438
2022-03-16T00:00:00Z,46.81836713,47.64532198,46.00049969,47.22730085,5130671
2022-03-17T00:00:00Z,46.73658038,46.76384263,45.00088393,45.90053811,5634252
2022-03-18T00:00:00Z,45.80966395,47.15460152,45.46434215,47.10007702,4847200
2022-03-21T00:00:00Z,47.0273777,48.13604244,46.96376578,47.54536041,3833950
2022-03-22T00:00:00Z,47.6544094,48.46318942,47.52718557,48.15421728,2736098
2022-03-23T00:00:00Z,47.77254581,48.51771392,47.70893389,47.79980805,2895859
2022-03-24T00:00:00Z,47.8270703,48.93573505,47.64532198,48.62676291,2806082
2022-03-25T00:00:00Z,48.61767549,49.8717389,48.49063342,49.78995215,3715222
2022-03-28T00:00:00Z,49.29923169,49.59911642,48.81759864,49.34466877,2892084
2022-03-29T00:00:00Z,49.78995215,50.25341037,49.35375619,50.00805014,3417839
2022-03-30T00:00:00Z,49.70816541,50.20797329,49.23561978,49.3628436,2829016
2022-03-31T00:00:00Z,46.61844398,46.95213389,45.59156597,45.6097408,6459335
2022-04-01T00:00:00Z,44.13757941,44.5283383,43.26518748,44.34658998,8086340
2022-04-04T00:00:00Z,44.4738138,45.29168124,44.3011529,44.87366011,3327174
2022-04-05T00:00:00Z,44.40111448,45.06449584,44.21482245,44.21936616,3334029
2022-04-06T00:00:00Z,43.83769469,44.01944301,42.48366971,42.8199041,6815262
2022-04-07T00:00:00Z,43.18340074,44.26480324,42.64724319,43.33788681,6182882
2022-04-08T00:00:00Z,43.11070141,43.71047086,42.8199041,43.06526433,3707709
2022-04-11T00:00:00Z,42.64724319,43.64685895,42.48366971,42.66541802,3663048
2022-04-12T00:00:00Z,42.73811735,43.41967355,42.71994252,42.80172926,3970197
2022-04-13T00:00:00Z,42.65633061,43.36514906,42.62906836,42.992565,3200265
2022-04-14T00:00:00Z,42.85625376,43.33788681,42.61089353,42.65633061,3678232
2022-04-18T00:00:00Z,42.43823263,43.45602322,42.37462071,43.11070141,3565235
2022-04-19T00:00:00Z,43.141802,44.05679249,43.06860276,43.91039401,4394142
2022-04-20T00:00:00Z,44.37703917,45.40320101,44.37703917,44.83453442,3027274
2022-04-21T00:00:00Z,44.9809329,45.27830481,43.82804487,44.11169192,3098816
2022-04-22T00:00:00Z,43.92869382,43.92869382,42.84900504,42.88560466,4111890
2022-04-25T00:00:00Z,42.58365779,43.26990067,42.03008854,43.25160086,6537244
2022-04-26T00:00:00Z,42.98625361,43.62674696,42.51960846,42.55620808,4113982
2022-04-27T00:00:00Z,42.55620808,43.29735038,41.84251549,42.5928077,3404382
2022-04-28T00:00:00Z,43.12350219,44.31298983,42.8718798,44.02934278,2605049
2022-04-29T00:00:00Z,43.68164639,45.03583233,42.94050409,43.01370333,4124023
2022-05-02T00:00:00Z,42.7849557,43.49864829,42.45555912,43.46204867,3573327
2022-05-03T00:00:00Z,43.59929724,44.15744145,43.20585133,43.78229534,2943597
2022-05-04T00:00:00Z,44.0750923,44.87113404,43.21500124,44.66068622,4112793
2022-05-05T00:00:00Z,44.51428774,44.70643575,42.92220428,43.24245095,3265295
2022-05-06T00:00:00Z,42.7758058,42.94050409,41.503969,41.70526691,5542918
2022-05-09T00:00:00Z,41.14712271,41.92486463,40.88177546,41.34842062,4320643
2022-05-10T00:00:00Z,42.13531245,42.31831055,40.92752499,41.63206767,5163114
2022-05-11T00:00:00Z,41.51311891,42.30001074,40.5706787,40.63472803,4552374
2022-05-12T00:00:00Z,40.41513031,41.08307337,39.49556486,40.0216844,5832856
2022-05-13T00:00:00Z,40.48832955,41.73271663,40.42428022,41.25692157,4100566
2022-05-16T00:00:00Z,41.00072423,41.48566919,40.68047755,41.20202214,5127731
2022-05-17T00:00:00Z,42.08041302,42.75338853,41.59546805,42.64770713,4664788
2022-05-18T00:00:00Z,42.02551359,42.22223654,39.55961419,39.62823848,4560594
2022-05-19T00:00:00Z,38.89624608,38.9328457,37.40481157,37.60610948,7072875
2022-05-20T00:00:00Z,37.84400701,37.95380587,35.06701085,36.64536946,9450912
2022-05-23T00:00:00Z,36.84666737,38.0087053,36.84666737,37.71590834,8960992
2022-05-24T00:00:00Z,37.29501271,37.92635616,36.50812088,37.40481157,6600560
2022-05-25T00:00:00Z,37.459711,39.96221001,37.40481157,39.61908858,6045438
2022-05-26T00:00:00Z,38.78644722,40.58897851,38.42960093,40.19553259,6899943
2022-05-27T00:00:00Z,46.10637121,48.12850021,44.33128964,45.36522891,15886603
2022-05-31T00:00:00Z,45.22798033,46.17042054,44.2580904,45.69462549,13254187
2022-06-01T00:00:00Z,45.98742245,47.15861028,45.65802587,46.36256855,5584453
2022-06-02T00:00:00Z,45.74952492,46.97561218,45.68547558,46.92071275,3750023
2022-06-03T00:00:00Z,46.62791579,47.35075829,46.37171845,46.68281522,2722020
2022-06-06T00:00:00Z,46.76534737,46.92986266,45.69462549,45.78612454,2722880
2022-06-07T00:00:00Z,45.5299272,46.90241294,45.1730809,46.80176399,2451883
2022-06-08T00:00:00Z,46.8292137,46.93901256,46.05147178,46.05147178,2511213
2022-06-09T00:00:00Z,45.93252302,47.03051161,45.74952492,46.06977159,3142981
2022-06-10T00:00:00Z,45.38352872,46.02402207,44.85740918,44.9809329,2548139
2022-06-13T00:00:00Z,43.77314544,44.2580904,43.07775266,43.23330105,2612668
2022-06-14T00:00:00Z,43.55354772,43.85549458,43.01827828,43.3248001,2352425
2022-06-15T00:00:00Z,43.6999462,44.45023841,43.12350219,43.83719477,2515384
2022-06-16T00:00:00Z,42.90390447,43.08690257,41.54056862,41.98891397,2830846
2022-06-17T00:00:00Z,42.62940732,43.85549458,42.39608474,43.54439781,5094863
2022-06-21T00:00:00Z,44.67898603,45.24628014,44.22149078,45.04498223,5271453
2022-06-22T00:00:00Z,44.53258755,45.5390771,44.29469002,44.47768812,3736911
2022-06-23T00:00:00Z,44.48683803,45.356079,44.21234088,44.87113404,3013985
2022-06-24T00:00:00Z,45.10903157,46.39001826,44.88028394,45.97827254,9204565
2022-06-27T00:00:00Z,45.99657235,46.17957045,45.66717577,45.96912264,3329814
2022-06-28T00:00:00Z,46.0880714,46.34335375,44.72720603,44.77963499,3150280
2022-06-29T00:00:00Z,44.82538451,44.86198413,43.23330105,43.36139972,3346368
2022-06-30T00:00:00Z,42.69345665,43.26990067,42.00712228,42.28171093,3977058
2022-07-01T00:00:00Z,41.90656482,42.49215874,38.8077665,39.1066939,6384352
2022-07-05T00:00:00Z,38.43875083,39.53673943,38.03615501,39.4726901,3849786
2022-07-06T00:00:00Z,39.03349466,39.44524038,38.00138538,38.61259903,3685448
2022-07-07T00:00:00Z,39.07924418,39.77463696,39.01519485,39.289692,2983497
2022-07-08T00:00:00Z,38.80474703,39.5687641,38.53939979,39.27139219,3314991
2022-07-11T00:00:00Z,38.79559713,39.38119105,38.71324798,38.86879637,2401096
2022-07-12T00:00:00Z,38.82304684,39.98508478,38.76814741,39.39034095,4518224
2022-07-13T00:00:00Z,38.88709618,39.87528592,38.80474703,39.4726901,3584694
2022-07-14T00:00:00Z,38.99689504,39.17074323,37.8257072,39.07009428,3574901
2022-07-15T00:00:00Z,39.39949086,39.77463696,39.00604494,39.76548706,2208756
2022-07-18T00:00:00Z,40.25043202,40.3876806,39.15701838,39.25309238,2182993
2022-07-19T00:00:00Z,39.64862632,40.69031308,39.64862632,40.59812841,2321489
2022-07-20T00:00:00Z,40.56125454,41.20645504,40.07267579,40.71796848,2559019
2022-07-21T00:00:00Z,40.65343921,41.23881186,40.3215744,41.16045489,2177610
2022-07-22T00:00:00Z,40.81937162,41.11436256,39.81916795,39.95283572,3365352
2022-07-25T00:00:00Z,40.2386082,40.82398085,39.85604182,40.42297754,2262274
2022-07-26T00:00:00Z,40.42297754,40.68109461,39.89752492,40.03580193,2309291
2022-07-27T00:00:00Z,40.1832974,41.00835019,39.98049113,40.82859008,1889015
2022-07-28T00:00:00Z,40.77327928,41.35865193,40.45063294,41.02217789,1625706
2022-07-29T00:00:00Z,41.03139636,41.56606744,40.57969148,41.53841204,2121352
2022-08-01T00:00:00Z,41.2710765,42.16526779,41.10514409,41.87027685,1807431
2022-08-02T00:00:00Z,41.48310124,41.70434444,40.67187615,40.80093468,2242209
2022-08-03T00:00:00Z,40.75484235,41.36326117,40.03580193,40.97608555,3057267
2022-08-04T00:00:00Z,41.01295942,41.01295942,40.14642353,40.74562388,3152146
2022-08-05T00:00:00Z,40.43219601,41.88871378,40.3768852,41.86105838,3221430
2022-08-08T00:00:00Z,42.06847389,42.81056048,41.66747058,41.89793225,2821441
2022-08-09T00:00:00Z,41.77809218,41.87027685,41.08670716,41.56606744,2767515
2022-08-10T00:00:00Z,42.40494793,43.54803783,42.30354479,43.53881936,1967260
2022-08-11T00:00:00Z,43.70475177,44.7003462,43.62178557,43.87990264,2342620
2022-08-12T00:00:00Z,44.15645665,44.51597686,43.92599498,44.45144759,1987275
2022-08-15T00:00:00Z,44.29473365,44.893934,44.23020439,44.52519533,2258463
2022-08-16T00:00:00Z,44.53441379,45.39173122,44.39613679,44.79253087,2257213
2022-08-17T00:00:00Z,44.50675839,44.50675839,43.4881178,44.09192738,2086928
2022-08-18T00:00:00Z,44.6726908,45.20275265,44.07349045,45.11517721,2147355
2022-08-19T00:00:00Z,44.40535526,44.50675839,43.63100403,43.94443191,2123038
2022-08-22T00:00:00Z,43.30835769,43.5296009,42.91196361,43.17929915,2883205
2022-08-23T00:00:00Z,42.95805595,44.08270891,42.95805595,43.27148382,2737691
2022-08-24T00:00:00Z,43.15164375,43.53881936,42.5800988,42.97649288,1981411
2022-08-25T00:00:00Z,43.68631484,44.25785979,43.46507163,44.15645665,3798354
2022-08-26T00:00:00Z,42.27588939,42.27588939,37.96164686,38.19210854,12423800
2022-08-29T00:00:00Z,37.71274826,39.05864443,37.35322805,37.41775732,6308791
2022-08-30T00:00:00Z,37.64360976,38.1045331,36.58809529,36.58809529,4619685
2022-08-31T00:00:00Z,36.09490731,36.52356602,35.19610678,35.29750992,6819921
2022-09-01T00:00:00Z,34.96564511,35.05782978,34.19590312,34.70752803,4298399
2022-09-02T00:00:00Z,35.30672839,35.46344232,34.53237716,34.83658657,3422546
2022-09-06T00:00:00Z,34.85502351,34.88728814,33.91473988,34.37566322,3993978
2022-09-07T00:00:00Z,34.26504162,35.16752953,33.86403831,35.01173744,3571537
2022-09-08T00:00:00Z,34.67065417,35.50031619,34.51394023,35.49109772,3894691
2022-09-09T00:00:00Z,35.832181,36.81855696,35.832181,36.68027996,3104949
2022-09-12T00:00:00Z,36.87386777,37.57465562,36.87386777,37.15042177,2611648
2022-09-13T00:00:00Z,36.20091968,36.41294442,35.15923291,35.30672839,3918873
2022-09-14T00:00:00Z,35.46344232,35.62937473,34.84580504,35.15001445,3267796
2022-09-15T00:00:00Z,34.86424197,35.14079598,34.37566322,34.70752803,3472014
2022-09-16T00:00:00Z,34.29269702,35.14540521,34.04379841,34.99330051,5918452
2022-09-19T00:00:00Z,34.45862943,35.01634668,34.26504162,34.86424197,2780439
2022-09-20T00:00:00Z,34.46784789,34.54159563,33.85021061,34.06223535,2601783
2022-09-21T00:00:00Z,34.27426009,34.85502351,33.88247524,33.90552141,2533292
2022-09-22T00:00:00Z,33.69349667,33.99770608,33.37085033,33.44459806,2568355
2022-09-23T00:00:00Z,32.87305311,33.33397646,32.08026496,32.74399458,2881442
2022-09-26T00:00:00Z,32.32916356,32.87305311,31.9278837,31.98808029,3611495
2022-09-27T00:00:00Z,32.55040677,32.89149005,31.84980328,32.00651722,3306660
2022-09-28T00:00:00Z,31.81292941,32.62876374,31.81292941,32.53196984,2908424
2022-09-29T00:00:00Z,31.96964335,32.20010503,31.1630275,31.51793847,4703523
2022-09-30T00:00:00Z,31.64699701,32.22776043,31.4257538,31.49950154,3041538
2022-10-03T00:00:00Z,31.82214788,33.31093029,31.52715694,33.07585939,4119719
2022-10-04T00:00:00Z,33.72115207,34.56003256,33.66584127,34.53237716,2670362
2022-10-05T00:00:00Z,34.06223535,35.14079598,33.88708448,34.90111584,2512436
2022-10-06T00:00:00Z,34.94720818,35.32055609,34.45402019,34.5508141,2757720
2022-10-07T00:00:00Z,33.23257332,33.63818587,31.84058482,31.89589562,5614999
2022-10-10T00:00:00Z,32.18166809,32.30150816,31.05701513,31.78527401,3266594
2022-10-11T00:00:00Z,31.71152628,32.02495415,31.09849823,31.22294753,3090675
2022-10-12T00:00:00Z,31.12154439,31.4534092,30.95561199,31.13076286,2873300
2022-10-13T00:00:00Z,30.48547018,32.50431444,30.324147,32.25541583,3036299
2022-10-14T00:00:00Z,32.32916356,32.4858775,31.36122453,31.58246774,2288227
2022-10-17T00:00:00Z,31.74840015,32.42134823,31.4257538,31.77605555,3412404
2022-10-18T00:00:00Z,32.43777263,32.75884655,31.65137418,32.16323116,2468792
2022-10-19T00:00:00Z,31.66998716,32.56341025,31.54900279,32.09808573,2225809
2022-10-20T00:00:00Z,32.1260052,33.25209055,32.1260052,32.44242587,2122346
2022-10-21T00:00:00Z,32.9077504,34.41074861,32.81468549,34.29441748,2964701
2022-10-24T00:00:00Z,34.46193431,34.90864586,34.10828767,34.69459657,2346568
2022-10-25T00:00:00Z,34.62945114,35.33674442,34.51777325,35.12269514,2434329
2022-10-26T00:00:00Z,34.73182254,35.56940668,34.60851154,35.16922759,2339668
2022-10-27T00:00:00Z,35.45772879,35.78345596,34.89003287,35.14130812,3395825
2022-10-28T00:00:00Z,35.33674442,36.65826607,35.33674442,36.44421679,3062272
2022-10-31T00:00:00Z,35.99750524,36.19759479,35.63455211,35.73692351,2578877
2022-11-01T00:00:00Z,36.239474,36.5279752,35.42980932,36.4349103,2227383
2022-11-02T00:00:00Z,36.30461943,36.5791609,35.04358997,35.0575497,2865666
2022-11-03T00:00:00Z,34.58291869,35.20645355,34.45262782,34.75974201,2385273
2022-11-04T00:00:00Z,35.60663264,36.60242713,35.47634178,36.29531294,2816412
2022-11-07T00:00:00Z,36.37907135,37.2166555,36.239474,37.10497761,2497915
2022-11-08T00:00:00Z,37.38417233,38.20314349,37.27249444,37.61683459,2523887
2022-11-09T00:00:00Z,37.12359059,37.5051567,36.50005573,36.60242713,2106542
2022-11-10T00:00:00Z,38.18453051,38.83598485,37.68198002,38.82667835,3582249
2022-11-11T00:00:00Z,38.81737186,40.08305457,38.67777451,39.72010144,2524199
2022-11-14T00:00:00Z,38.7801459,39.9527637,38.7801459,39.31992235,2741701
2022-11-15T00:00:00Z,40.20403895,40.41780904,39.25477692,39.41298726,2967423
2022-11-16T00:00:00Z,39.06864711,39.06864711,38.19849025,38.32412787,2679940
2022-11-17T00:00:00Z,37.84949685,39.00350167,37.55168916,38.86390432,2382283
2022-11-18T00:00:00Z,38.93835624,39.21755096,38.49629794,39.12448605,3992255
2022-11-21T00:00:00Z,38.67777451,38.82081527,37.13289708,38.22175647,7317528
2022-11-22T00:00:00Z,38.83598485,40.90667898,37.59822161,40.80896083,12566150
2022-11-23T00:00:00Z,40.80896083,42.18632142,40.52045963,41.51625411,4938485
2022-11-25T00:00:00Z,41.41388271,41.94435267,41.33943079,41.53486709,2034711
2022-11-28T00:00:00Z,41.134688,41.22309966,40.53441936,40.55768559,2959955
2022-11-29T00:00:00Z,40.62283102,40.89271925,40.39016876,40.50184664,3448805
2022-11-30T00:00:00Z,40.43670121,41.70238392,39.78059363,41.68377094,6805667
2022-12-01T00:00:00Z,41.87920724,42.2142409,41.29289834,41.78614233,2331442
2022-12-02T00:00:00Z,41.20448668,41.62793199,40.88341275,41.45110867,2517994
2022-12-05T00:00:00Z,40.84618679,41.01370362,39.97128362,40.08305457,2304252
2022-12-06T00:00:00Z,40.02721563,40.1575065,39.15240552,39.52466514,2844578
2022-12-07T00:00:00Z,39.12448605,39.33853533,38.61262907,39.01280816,2905988
2022-12-08T00:00:00Z,39.13379254,39.50605216,38.82202511,39.30130937,3438584
2022-12-09T00:00:00Z,38.98488869,39.57119759,38.86390432,38.92904975,1835156
2022-12-12T00:00:00Z,38.75222643,39.90157801,38.51025768,39.89692476,3319745
2022-12-13T00:00:00Z,41.24171264,41.27428536,39.63634303,39.87831178,2816461
2022-12-14T00:00:00Z,39.63634303,39.92484423,38.62193556,38.78945239,3367885
2022-12-15T00:00:00Z,38.07285262,38.07285262,36.56520116,36.64895958,4463554
2022-12-16T00:00:00Z,36.25808698,36.71410501,36.02365648,36.5279752,4646060
2022-12-19T00:00:00Z,36.61173362,36.6815323,35.96027928,36.29531294,2648649
2022-12-20T00:00:00Z,36.06265068,36.42560381,35.98819875,36.24878049,1893357
2022-12-21T00:00:00Z,36.4349103,36.80716992,36.32323241,36.40699083,2864114
2022-12-22T00:00:00Z,35.79276245,36.4349103,35.38327687,36.42560381,2285887
2022-12-23T00:00:00Z,36.48144275,36.55589467,35.95097279,36.40699083,1466543
2022-12-27T00:00:00Z,36.50005573,36.84439588,36.23016751,36.67687905,1832561
2022-12-28T00:00:00Z,36.64895958,36.76063746,35.91840007,36.07195717,1822909
2022-12-29T00:00:00Z,36.39768433,37.15616331,36.29531294,37.05844516,1582784
2022-12-30T00:00:00Z,36.75133097,37.43070478,36.64895958,37.43070478,1582438
2023-01-03T00:00:00Z,37.74712546,38.13334481,37.19804252,38.06354613,2679283
2023-01-04T00:00:00Z,38.51956417,38.71500047,37.76108519,38.1007721,2790006
2023-01-05T00:00:00Z,37.92394878,38.24967594,37.48654372,38.03562666,2483742
2023-01-06T00:00:00Z,38.31482138,39.63634303,37.98909421,39.47813269,3179732
2023-01-09T00:00:00Z,39.73871442,40.11097404,39.25943016,39.34784182,2966450
2023-01-10T00:00:00Z,39.16171201,39.67356899,38.92393118,39.54327812,2780326
2023-01-11T00:00:00Z,39.16171201,39.2733899,36.92815429,37.94256176,5620313
2023-01-12T00:00:00Z,37.7098995,37.88672281,37.02140533,37.16081656,4410091
2023-01-13T00:00:00Z,36.6303466,37.42139829,36.28600645,37.39347882,3383656
2023-01-17T00:00:00Z,37.34694637,37.40278531,36.71410501,37.25388146,2691621
2023-01-18T00:00:00Z,37.47723723,37.69128651,36.93746078,37.24457497,2757552
2023-01-19T00:00:00Z,36.68618554,37.09567112,36.32323241,36.7234115,3341651
2023-01-20T00:00:00Z,37.08636463,37.49585021,36.66738643,37.46793074,2908047
2023-01-23T00:00:00Z,37.93325527,38.73361345,37.77504493,38.193837,2745210
2023-01-24T00:00:00Z,37.71625515,38.53250246,37.63181577,38.08215911,1903050
2023-01-25T00:00:00Z,37.52861209,38.26042002,37.31751364,38.01648404,2705810
2023-01-26T00:00:00Z,38.41991662,38.51373815,37.73501945,38.45744524,1645296
2023-01-27T00:00:00Z,38.1853628,38.62632399,37.81007668,37.81945883,2677282
2023-01-30T00:00:00Z,37.49108347,37.91328036,37.37849764,37.53799424,2444028
2023-01-31T00:00:00Z,37.48170132,38.11030557,37.05950444,38.11030557,2562550
2023-02-01T00:00:00Z,37.99771974,38.87964212,37.84760529,38.68261691,3476465
2023-02-02T00:00:00Z,38.93593504,40.41831522,38.92186181,39.79909312,4623225
2023-02-03T00:00:00Z,39.36751408,40.13685063,39.1235781,39.63021436,2936717
2023-02-06T00:00:00Z,39.57392145,39.57392145,37.81955265,38.42929878,4299348
2023-02-07T00:00:00Z,38.33547725,39.58799467,38.27449325,39.39566054,3268817
2023-02-08T00:00:00Z,39.10481379,39.63021436,39.00161011,39.25492824,2643279
2023-02-09T00:00:00Z,39.96797187,40.31511153,39.32529439,39.4425713,2878379
2023-02-10T00:00:00Z,39.29245685,40.57781182,39.14234241,40.08055771,3964177
2023-02-13T00:00:00Z,40.16499709,41.11259454,40.00550048,40.71854411,3705241
2023-02-14T00:00:00Z,40.57781182,41.09383023,40.27758292,40.37140445,2277181
2023-02-15T00:00:00Z,39.92106111,40.39016876,39.84600388,40.15561493,2139952
2023-02-16T00:00:00Z,39.84600388,41.01877301,39.72403589,40.08055771,2961076
2023-02-17T00:00:00Z,39.95858972,40.31511153,39.70527159,39.85538604,2728395
2023-02-21T00:00:00Z,39.32060331,39.81785742,39.11419595,39.30183901,3973160
2023-02-22T00:00:00Z,39.46133561,39.64907249,39.02975657,39.22678178,2240581
2023-02-23T00:00:00Z,39.59268575,39.80847527,38.87710894,39.43318915,3414212
2023-02-24T00:00:00Z,38.76705629,39.21739963,38.57003107,39.03913872,3712849
2023-02-27T00:00:00Z,39.52701068,39.5833036,38.34579761,38.46682739,5148218
2023-02-28T00:00:00Z,38.33547725,39.10012272,38.00710189,38.12906988,7672583
2023-03-01T00:00:00Z,38.31671294,38.41991662,37.50046563,37.94142682,7083437
2023-03-02T00:00:00Z,37.71625515,37.76316591,36.49188418,37.68810869,9094204
2023-03-03T00:00:00Z,36.6466897,38.45744524,36.42151803,37.33158687,7775747
2023-03-06T00:00:00Z,37.77254807,37.81945883,36.65607186,36.65607186,5330225
2023-03-07T00:00:00Z,36.70298262,37.08765089,35.64279933,35.65218148,4812983
2023-03-08T00:00:00Z,35.83982454,36.40275372,35.68032794,36.37460727,3010007
2023-03-09T00:00:00Z,36.19634636,36.51533956,35.3894812,35.46453842,2731224
2023-03-10T00:00:00Z,35.34257043,35.40815168,34.04314224,34.4512659,3661893
2023-03-13T00:00:00Z,33.93524748,34.54508743,33.73822227,34.3105336,5580849
2023-03-14T00:00:00Z,35.17369168,35.928955,34.86408063,35.2299846,4433854
2023-03-15T00:00:00Z,34.63890896,35.77414947,34.57323388,35.19245598,5072606
2023-03-16T00:00:00Z,34.26362284,35.75538517,34.19794776,35.69909225,5952214
2023-03-17T00:00:00Z,35.52083134,35.83044239,34.59668927,34.92037355,13488374
2023-03-20T00:00:00Z,35.26751321,36.44028234,35.17369168,36.1681999,5994133
2023-03-21T00:00:00Z,36.59039678,36.91877214,36.34176973,36.73112908,3619390
2023-03-22T00:00:00Z,36.79680415,37.04074013,35.69909225,35.72723871,3286304
2023-03-23T00:00:00Z,35.95241038,36.22449282,35.070488,35.48330273,3215967
2023-03-24T00:00:00Z,35.30504182,35.35195259,34.53570527,35.070488,4261601
2023-03-27T00:00:00Z,35.45515627,35.79760485,35.30504182,35.64279933,3018936
2023-03-28T00:00:00Z,35.53959565,35.95241038,35.23936675,35.94302823,3981934
2023-03-29T00:00:00Z,36.49657525,36.81556846,36.25263928,36.70298262,3746590
2023-03-30T00:00:00Z,37.03135798,37.48170132,37.00321152,37.39726194,4139649
2023-03-31T00:00:00Z,37.47231917,37.89451605,37.46762809,37.7256373,3915755
2023-04-03T00:00:00Z,37.65996223,38.60755968,37.584905,38.43868093,4756258
2023-04-04T00:00:00Z,38.69199906,38.79520274,37.98833758,38.3448594,3749333
2023-04-05T00:00:00Z,38.21350926,38.58879538,37.84760529,38.27918433,3046654
2023-04-06T00:00:00Z,38.08215911,38.26980218,37.73971053,37.74440161,2186483
2023-04-10T00:00:00Z,37.43479056,38.87964212,37.43479056,38.87025997,3470222
2023-04-11T00:00:00Z,38.86087782,39.35344085,38.84211351,39.02975657,2897808
2023-04-12T00:00:00Z,39.21739963,39.39566054,38.60755968,39.2830747,3519191
2023-04-13T00:00:00Z,39.36751408,40.1227774,39.18174745,40.01488264,4411866
2023-04-14T00:00:00Z,40.09932201,41.02815516,40.05241125,40.60595828,7116928
2023-04-17T00:00:00Z,40.10870417,41.27678222,40.07117556,41.21579822,6313919
2023-04-18T00:00:00Z,41.50664497,42.82952854,41.46911636,42.68879625,9277745
2023-04-19T00:00:00Z,41.72243449,42.51053534,41.11259454,41.12197669,7267044
2023-04-20T00:00:00Z,40.72792627,40.87804072,40.10870417,40.26820077,4489175
2023-04-21T00:00:00Z,40.08993986,40.47460814,39.89291465,40.44646168,4905007
2023-04-24T00:00:00Z,40.40909574,40.56997504,40.09206887,40.39016876,2814398
2023-04-25T00:00:00Z,40.31446085,40.38070527,39.46274689,39.47221038,2395956
2023-04-26T00:00:00Z,39.51006433,39.92645782,39.24035491,39.43435642,2456758
2023-04-27T00:00:00Z,39.58104049,40.51319411,39.54791829,40.50373062,2988541
2023-04-28T00:00:00Z,40.5983655,41.29393191,40.51792585,41.15671132,3792385
2023-05-01T00:00:00Z,41.15671132,41.74250126,41.05734469,41.46900644,4516203
2023-05-02T00:00:00Z,42.59516157,43.20082483,41.52578737,42.35857436,6777968
2023-05-03T00:00:00Z,42.63301552,43.29072797,42.39169657,42.7371139,5124861
2023-05-04T00:00:00Z,42.61408855,42.72765041,41.71978889,41.80969203,3549730
2023-05-05T00:00:00Z,42.33964738,43.33804541,42.21662203,42.95477413,3699659
2023-05-08T00:00:00Z,43.07779948,43.70712146,42.74657739,43.5509739,3888001
2023-05-09T00:00:00Z,43.61721832,43.73551193,42.83648053,43.51311995,3220612
2023-05-10T00:00:00Z,43.92951344,44.06200228,43.00682332,43.37116762,3062185
2023-05-11T00:00:00Z,43.17243437,43.25760576,42.09359668,42.30179343,3737472
2023-05-12T00:00:00Z,42.3207204,42.39642831,41.81915552,42.35857436,2397273
2023-05-15T00:00:00Z,42.39642831,42.58096634,42.06047447,42.51945366,2996359
2023-05-16T00:00:00Z,42.43428227,43.65507228,42.27813471,42.94531064,3910213
2023-05-17T00:00:00Z,43.34277716,43.69292623,42.8128218,43.3900946,2404596
2023-05-18T00:00:00Z,43.31438669,44.77176392,43.20082483,44.59195764,3923440
2023-05-19T00:00:00Z,44.81908136,45.6045509,44.81908136,45.18815741,5111045
2023-05-22T00:00:00Z,44.24180856,45.36796369,43.882196,44.98942415,3805579
2023-05-23T00:00:00Z,44.80015438,45.04620508,43.85380554,43.86326902,4141058
2023-05-24T00:00:00Z,43.58882786,43.58882786,42.82228529,43.44687553,3230722
2023-05-25T00:00:00Z,44.289126,45.72757625,44.05727054,45.50045253,4081727
2023-05-26T00:00:00Z,45.56669695,45.94523649,44.93264322,45.90738253,4297112
2023-05-30T00:00:00Z,46.17236021,46.46572835,44.63927508,44.7812274,5464420
2023-05-31T00:00:00Z,43.51311995,43.69292623,42.06520622,42.4058918,9712247
2023-06-01T00:00:00Z,42.59042983,44.9515702,42.31125692,43.02101855,14458270
2023-06-02T00:00:00Z,43.0588725,45.27787128,42.93584715,44.73390996,7914735
2023-06-05T00:00:00Z,44.72444647,45.0272781,42.86960274,43.03994553,5765700
2023-06-06T00:00:00Z,42.94531064,44.55410368,42.7371139,44.33644345,5466201
2023-06-07T00:00:00Z,44.34590694,45.21560153,44.26073554,45.10298601,4095959
2023-06-08T00:00:00Z,45.41528113,45.51937951,44.66766554,45.32064625,3976290
2023-06-09T00:00:00Z,45.50991602,46.05879835,45.03674159,45.05566857,3293572
2023-06-12T00:00:00Z,45.15976694,45.53830648,45.06040031,45.49098904,3596854
2023-06-13T00:00:00Z,45.6897223,46.20075067,45.66133183,46.1818237,2805666
2023-06-14T00:00:00Z,46.02094439,47.02407417,46.02094439,46.73070603,4013664
2023-06-15T00:00:00Z,46.70231556,47.75276278,46.53670451,47.50671208,3216611
2023-06-16T00:00:00Z,47.50198034,47.60134697,46.87265836,47.00514719,9363258
2023-06-20T00:00:00Z,46.85373138,46.9199758,46.12504277,46.68338859,4213507
2023-06-21T00:00:00Z,47.20388045,47.87578813,46.75436475,47.37422324,5943345
2023-06-22T00:00:00Z,47.1660265,48.68018465,47.09031859,48.52876884,6326781
2023-06-23T00:00:00Z,47.87578813,48.8883814,47.80008022,48.14076581,18291804
2023-06-26T00:00:00Z,48.37735302,48.81267349,47.99975983,48.56662279,3404548
2023-06-27T00:00:00Z,48.56662279,48.80321,48.12183883,48.63286721,3496000
2023-06-28T00:00:00Z,48.29218162,49.1344321,48.17861976,48.99247977,2946842
2023-06-29T00:00:00Z,49.21014001,50.29844118,49.02087024,50.25112374,4033421
2023-06-30T00:00:00Z,51.04605677,51.68011049,50.87571397,51.20693607,5182432
2023-07-03T00:00:00Z,51.1028377,51.8409898,50.856787,51.68011049,1828579
2023-07-05T00:00:00Z,51.17854561,51.74162317,50.97034886,51.30157096,2639962
2023-07-06T00:00:00Z,50.7716156,51.41040107,50.47824746,50.91356793,3596194
2023-07-07T00:00:00Z,51.02712979,51.5949391,50.60127281,50.65805374,5404221
2023-07-10T00:00:00Z,50.41200304,51.93562468,50.3646856,51.92616119,3238466
2023-07-11T00:00:00Z,52.04918654,52.86304655,51.93562468,52.74948469,4597127
2023-07-12T00:00:00Z,52.52236097,52.70216725,51.24479002,51.263717,5882103
2023-07-13T00:00:00Z,51.63279305,52.67377678,51.31103444,52.65484981,5375814
2023-07-14T00:00:00Z,52.59806888,53.09017028,51.89777073,52.44665306,4227961
2023-07-17T00:00:00Z,52.59806888,52.67377678,51.7558184,51.76528189,4146549
2023-07-18T00:00:00Z,52.03025957,52.09650399,50.27005071,50.94195839,5677942
2023-07-19T00:00:00Z,51.07444723,51.5949391,51.05552026,51.38674235,3292656
2023-07-20T00:00:00Z,50.96088537,51.32049793,50.38361257,50.72429816,3414902
2023-07-21T00:00:00Z,50.57288234,51.36781537,50.56341886,50.68644421,2875677
2023-07-24T00:00:00Z,51.23558721,51.66914109,51.0497784,51.19747258,2937705
2023-07-25T00:00:00Z,51.45474631,52.08363766,51.45474631,51.80730661,2395580
2023-07-26T00:00:00Z,51.68343408,51.97405811,51.22605855,51.37851706,1931326
2023-07-27T00:00:00Z,51.86447855,52.19798154,51.06407139,51.17841527,2957525
2023-07-28T00:00:00Z,51.58814751,51.8549499,50.04926945,50.13026303,4748122
2023-07-31T00:00:00Z,50.06356243,50.65433915,49.89204661,50.42565139,3865564
2023-08-01T00:00:00Z,50.29225019,51.14506497,50.29225019,50.85444094,3681357
2023-08-02T00:00:00Z,50.5447596,50.74962572,49.99209751,50.45423736,2789083
2023-08-03T00:00:00Z,50.02544781,51.41186736,49.59665825,50.98784213,2615546
2023-08-04T00:00:00Z,51.06407139,51.98835109,50.55905258,50.7305684,2533645
2023-08-07T00:00:00Z,51.00689945,52.06458034,51.00689945,51.99787975,2738380
2023-08-08T00:00:00Z,52.44572661,55.95227229,52.23609617,54.86600542,8257969
2023-08-09T00:00:00Z,54.7611902,55.14233647,53.87978945,53.90361109,2754278
2023-08-10T00:00:00Z,54.49438781,54.67543229,52.80781557,53.36047766,3189129
2023-08-11T00:00:00Z,53.42717826,54.86600542,53.12235653,54.16088482,3118060
2023-08-14T00:00:00Z,53.85596781,54.2752287,53.6368087,54.08465557,2253876
2023-08-15T00:00:00Z,53.89408244,54.01795497,53.0650893,53.10320393,2279395
2023-08-16T00:00:00Z,53.05556064,53.65110169,52.56007049,52.61724243,1834689
2023-08-17T00:00:00Z,52.69347169,53.19849049,52.05028736,52.27421079,3966952
2023-08-18T00:00:00Z,51.94070781,52.74111497,51.76919199,52.34091139,2324635
2023-08-21T00:00:00Z,52.48384124,53.78926721,52.48384124,53.40812094,4076048
2023-08-22T00:00:00Z,53.7702099,53.89408244,52.93168811,53.16990452,2188497
2023-08-23T00:00:00Z,53.57010811,54.23711408,53.08414661,54.15135617,2643684
2023-08-24T00:00:00Z,54.73260423,54.94223468,53.57010811,54.03701229,3925955
2023-08-25T00:00:00Z,54.10371288,54.19423512,52.9983887,53.56057945,2680980
2023-08-28T00:00:00Z,53.7035093,54.78977617,53.42717826,54.49438781,3252569
2023-08-29T00:00:00Z,54.48485915,54.58014572,53.66539467,53.8369105,4939372
2023-08-30T00:00:00Z,52.10269497,53.31283438,51.09265736,53.0650893,6340577
2023-08-31T00:00:00Z,53.350949,54.12181733,52.94121676,53.58916542,7050346
2023-09-01T00:00:00Z,61.06916095,66.96739946,60.85000184,64.97591021,32070501
2023-09-05T00:00:00Z,64.84250901,66.53860991,64.35654752,64.8901523,9466373
2023-09-06T00:00:00Z,64.79486573,67.1579726,64.63287856,67.14844394,7585616
2023-09-07T00:00:00Z,66.19557827,67.29108793,65.33799916,65.72867409,7649325
2023-09-08T00:00:00Z,66.1002917,67.54864752,65.83348931,67.17702991,5550484
2023-09-11T00:00:00Z,67.76780663,69.38767827,67.23420185,68.75878693,7449202
2023-09-12T00:00:00Z,68.27282543,68.86360215,67.26278782,67.39618901,4782518
2023-09-13T00:00:00Z,67.57723349,67.84403588,66.47190931,67.12938663,2801459
2023-09-14T00:00:00Z,67.14844394,67.80592125,66.81494095,67.80592125,5116847
2023-09-15T00:00:00Z,67.55808089,67.73922066,65.41422842,66.02406245,6093460
2023-09-18T00:00:00Z,65.75726006,66.17652095,65.17610728,65.89066125,3527363
2023-09-19T00:00:00Z,66.51478827,67.091272,66.01453379,66.60531051,3844194
2023-09-20T00:00:00Z,66.61483916,67.13348395,65.62385886,65.69055946,3091710
2023-09-21T00:00:00Z,65.0426108,65.93830454,64.83298036,65.21412662,3924650
2023-09-22T00:00:00Z,65.49045767,67.26278782,65.38564245,66.74824036,4495031
2023-09-25T00:00:00Z,66.88164155,67.63440543,66.12887767,66.72918304,3643708
2023-09-26T00:00:00Z,66.51002394,66.73394737,65.6810308,65.6810308,3214382
2023-09-27T00:00:00Z,66.51002394,66.68153976,64.06115916,64.74722245,5517393
2023-09-28T00:00:00Z,64.99496752,66.00500513,64.85203767,65.27129857,3375091
2023-09-29T00:00:00Z,65.84301797,66.3194508,65.31894185,65.65244483,6379819
2023-10-02T00:00:00Z,65.37611379,66.06217707,64.16597439,64.50900603,3902534
2023-10-03T00:00:00Z,65.49998633,65.69055946,63.67048424,64.07068782,4329670
2023-10-04T00:00:00Z,64.13738841,64.67099319,63.32745259,64.03257319,6075271
2023-10-05T00:00:00Z,63.16546543,63.899172,61.28832005,63.07017886,7329844
2023-10-06T00:00:00Z,63.57519767,63.90870065,62.78431916,63.27980931,8053994
2023-10-09T00:00:00Z,63.11782215,64.27555394,62.88913438,64.01351588,6012462
2023-10-10T00:00:00Z,64.16597439,65.31417752,64.16597439,64.77580842,8039459
2023-10-11T00:00:00Z,65.02355349,67.03410006,64.87109498,67.0245714,5088644
2023-10-12T00:00:00Z,66.72918304,67.43430364,65.41422842,65.79537469,4301745
2023-10-13T00:00:00Z,66.14793498,67.3104311,64.56141364,64.83298036,4635966
2023-10-16T00:00:00Z,64.68052185,65.37611379,64.08974513,64.56617797,5387491
2023-10-17T00:00:00Z,64.08974513,65.40946409,63.55614035,64.69957916,4220108
2023-10-18T00:00:00Z,64.08021647,65.11407573,63.71812752,63.73718483,3434594
2023-10-19T00:00:00Z,64.07068782,65.44281439,63.63713394,63.87058603,4750767
2023-10-20T00:00:00Z,63.67048424,64.08021647,62.2697717,62.80337647,4617030
2023-10-23T00:00:00Z,62.71713442,63.50289531,61.98886823,62.80337647,2945050
2023-10-24T00:00:00Z,63.61788471,64.35573335,63.26333407,64.15450191,4078472
2023-10-25T00:00:00Z,64.03951251,64.71986645,63.32082877,63.56997246,4581168
2023-10-26T00:00:00Z,63.37832347,63.81911616,61.23185469,61.81638414,4406117
2023-10-27T00:00:00Z,62.28592418,63.39748837,62.28592418,63.20583937,5273279
2023-10-30T00:00:00Z,63.19625692,64.00118271,63.0937247,63.65621451,3741991
2023-10-31T00:00:00Z,63.27291652,64.16408436,62.98544302,64.11617211,3114202
2023-11-01T00:00:00Z,64.4803052,65.86976043,63.96285291,65.80268328,3407637
2023-11-02T00:00:00Z,66.48303722,67.01007197,65.45771509,65.78351838,3747186
2023-11-03T00:00:00Z,66.10453045,67.13464382,65.77393593,66.60760907,3924642
2023-11-06T00:00:00Z,66.84717032,69.28111259,66.84717032,68.96489174,6350272
2023-11-07T00:00:00Z,68.6103411,69.29069504,68.17913085,68.61992355,5657491
2023-11-08T00:00:00Z,68.6678358,69.47276159,68.06414145,69.45359669,3526275
2023-11-09T00:00:00Z,69.59733343,70.21061023,68.6678358,69.22361789,3555690
2023-11-10T00:00:00Z,69.67399303,70.70889762,69.38651954,70.43100657,2560282
2023-11-13T00:00:00Z,69.80814733,70.95804132,69.32902484,70.68973272,3234680
2023-11-14T00:00:00Z,71.32696564,71.35092176,70.2633137,70.80472212,5171966
2023-11-15T00:00:00Z,69.97104898,71.02511847,69.48243986,69.89438938,5266956
2023-11-16T00:00:00Z,69.76023508,70.02854368,68.81157254,69.51109139,4044292
2023-11-17T00:00:00Z,69.76023508,70.91971152,69.57816853,70.52683107,4052671
2023-11-20T00:00:00Z,70.80472212,70.92929397,70.05729103,70.29685227,3241972
2023-11-21T00:00:00Z,70.74722742,70.95804132,69.86564203,70.54599597,3737309
2023-11-22T00:00:00Z,71.14969031,72.23250715,70.91971152,71.56173566,3522211
2023-11-24T00:00:00Z,71.51382341,71.9162863,71.07303071,71.30300951,1695892
2023-11-27T00:00:00Z,71.21676746,71.9929459,70.27768738,71.35092176,3686196
2023-11-28T00:00:00Z,70.91012907,71.78213201,70.76639232,70.93887642,3126675
2023-11-29T00:00:00Z,71.34133931,72.91286109,71.30780074,71.92586875,5427845
2023-11-30T00:00:00Z,71.96898978,72.80745414,71.52340586,72.70204719,10519936
2023-12-01T00:00:00Z,68.85948479,70.00842053,65.63978164,68.92656194,14361161
2023-12-04T00:00:00Z,67.91082226,68.0928888,65.80268328,66.42554253,7444068
2023-12-05T00:00:00Z,66.32013558,67.38378751,66.22431108,66.39679518,4977393
2023-12-06T00:00:00Z,66.57886172,66.90466502,64.6911191,64.8061085,4379621
2023-12-07T00:00:00Z,64.7486138,65.93683758,64.7486138,65.72602368,5460703
2023-12-08T00:00:00Z,65.57270449,66.41596008,65.57270449,65.83143063,3003413
2023-12-11T00:00:00Z,65.72602368,66.84717032,65.63019919,66.34888293,3945464
2023-12-12T00:00:00Z,66.21472863,67.37420506,66.06140943,67.06756667,3436413
2023-12-13T00:00:00Z,67.06756667,67.53710671,66.37283905,66.95257727,4234223
2023-12-14T00:00:00Z,68.0353941,69.43443179,67.92998716,69.40568444,7684324
2023-12-15T00:00:00Z,69.01280399,69.9375104,68.40910965,68.629506,5539384
2023-12-18T00:00:00Z,68.629506,70.60349067,68.07851513,70.30643472,4810275
2023-12-19T00:00:00Z,70.62265557,70.91971152,69.81456757,70.45975392,2649451
2023-12-20T00:00:00Z,70.46933637,71.17843766,69.29069504,69.39610199,4336856
2023-12-21T00:00:00Z,70.32559962,72.24688082,70.32559962,72.17501245,4381829
2023-12-22T00:00:00Z,72.51998065,72.97035579,71.9162863,72.548728,4244001
2023-12-26T00:00:00Z,72.81703659,74.07214588,72.70204719,73.78486403,3001170
2023-12-27T00:00:00Z,73.80402893,74.21607427,73.70820443,74.03400773,2049934
2023-12-28T00:00:00Z,73.78486403,73.95734813,73.44947828,73.47822563,1546653
2023-12-29T00:00:00Z,73.61237993,73.71778688,73.01826804,73.30574154,2293493
2024-01-02T00:00:00Z,72.2995843,72.82661904,71.21676746,71.66714261,2955102
2024-01-03T00:00:00Z,71.70547241,73.60279748,71.44195503,73.40156603,4194296
2024-01-04T00:00:00Z,73.46864318,73.90943588,72.67329984,72.79787169,3029462
2024-01-05T00:00:00Z,72.29000185,73.25782929,72.1845949,72.67329984,2671380
2024-01-08T00:00:00Z,74.74310902,76.34337815,74.12983222,76.0463222,6552446
2024-01-09T00:00:00Z,75.86425565,76.13256425,73.84235873,73.89027098,4849080
2024-01-10T00:00:00Z,74.58020737,75.47137521,74.43647062,74.98267026,3054735
2024-01-11T00:00:00Z,75.48095766,76.46794999,74.30231632,76.38170794,4024026
2024-01-12T00:00:00Z,76.60210429,76.91832514,75.88342055,75.99840995,4843533
2024-01-16T00:00:00Z,75.701354,76.24755365,75.22223151,76.1996414,4348315
2024-01-17T00:00:00Z,75.22223151,75.50970501,73.68903953,74.41730572,4928394
2024-01-18T00:00:00Z,75.42346296,75.701354,74.45563552,75.13598946,3076497
2024-01-19T00:00:00Z,75.8163434,81.21605391,75.8163434,79.7164005,9448917
2024-01-22T00:00:00Z,80.60934689,80.65747762,77.97178288,78.10654892,4248243
2024-01-23T00:00:00Z,77.97178288,79.38682634,77.52898016,79.34832176,2673329
2024-01-24T00:00:00Z,80.37831939,81.74523212,79.89701208,80.58046845,3551749
2024-01-25T00:00:00Z,81.33612092,81.86074588,79.90663823,79.93551667,2723305
2024-01-26T00:00:00Z,79.42533093,81.22542024,79.04644582,81.0714019,2927466
2024-01-29T00:00:00Z,81.22542024,81.50457847,80.22911412,80.29168407,2710308
2024-01-30T00:00:00Z,82.51532381,83.21803247,81.16766336,81.62971837,3838911
2024-01-31T00:00:00Z,80.16654417,80.4649547,78.75718013,79.78149833,3587173
2024-02-01T00:00:00Z,80.47458085,82.7656036,79.89701208,82.57308068,2729313
2024-02-02T00:00:00Z,82.42868849,83.65120904,82.0340165,83.09289257,3683936
2024-02-05T00:00:00Z,83.29504163,83.6223306,81.59121379,82.50569766,2204220
2024-02-06T00:00:00Z,82.52494995,82.77522975,79.08841582,79.58897541,5015052
2024-02-07T00:00:00Z,80.32056251,80.69598221,79.68523687,80.60934689,2964177
2024-02-08T00:00:00Z,80.48420699,81.95700734,80.38794553,81.62971837,2993875
2024-02-09T00:00:00Z,82.06289494,83.41055539,81.83186744,82.97737882,2315688
2024-02-12T00:00:00Z,83.2661632,83.64158289,82.62121141,83.38167695,2979121
2024-02-13T00:00:00Z,81.80780207,82.00032499,80.33018866,80.8403744,3144457
2024-02-14T00:00:00Z,81.87999817,83.00625725,81.5527092,82.82336048,2361315
2024-02-15T00:00:00Z,82.2842963,82.69822058,79.33869561,79.62748,4418498
2024-02-16T00:00:00Z,80.18579647,82.13027796,79.69486302,81.06177575,4841750
2024-02-20T00:00:00Z,80.74411294,80.85000054,78.18355809,79.3772002,3111062
2024-02-21T00:00:00Z,78.25094111,78.75150071,77.48084943,78.34720257,3365285
2024-02-22T00:00:00Z,82.74635131,85.78821346,82.20728713,84.50793603,8284115
2024-02-23T00:00:00Z,85.72564351,89.21512145,84.7100851,86.97222942,6997290
2024-02-26T00:00:00Z,89.15736457,91.43876118,88.36802059,89.30175676,8175396
2024-02-27T00:00:00Z,89.52315812,89.98521313,87.33802297,88.13699309,5888086
2024-02-28T00:00:00Z,88.65680498,90.84194013,87.85956756,89.76381177,5909825
2024-02-29T00:00:00Z,87.59792891,91.25105133,87.59792891,91.12109836,14317003
2024-03-01T00:00:00Z,120.0091626,126.1602699,112.0964706,119.9321534,62169006
2024-03-04T00:00:00Z,119.3160801,124.2254146,116.2838441,117.2272064,23835958
2024-03-05T00:00:00Z,116.2357134,116.9769266,109.6321772,113.3478696,15019166
2024-03-06T00:00:00Z,114.9795013,116.0528166,112.587404,114.0698305,10569122
2024-03-07T00:00:00Z,115.5137524,117.4582339,114.8495483,115.9950597,9644266
2024-03-08T00:00:00Z,115.7929106,116.2549657,110.6477356,111.9039476,11015227
2024-03-11T00:00:00Z,111.1627344,112.4622641,109.3818974,111.528528,5922517
2024-03-12T00:00:00Z,112.914693,113.8676814,109.160496,109.3048882,6486856
2024-03-13T00:00:00Z,109.2567575,110.0557276,105.2426546,105.8876064,7112327
2024-03-14T00:00:00Z,106.5614366,107.244893,101.0745334,102.4703245,7965413
2024-03-15T00:00:00Z,103.0421176,104.9057395,101.6906067,102.9997626,9159679
2024-03-18T00:00:00Z,102.9901364,103.8372373,100.7472444,102.6435952,7403774
2024-03-19T00:00:00Z,103.0190149,104.809478,101.117851,103.5003222,7971732
2024-03-20T00:00:00Z,103.8757419,107.1678838,102.0949048,106.917604,9600219
2024-03-21T00:00:00Z,108.9487208,111.4418926,108.0534892,109.7765694,11678008
2024-03-22T00:00:00Z,108.6840018,109.5455419,107.6106865,108.0438631,4711422
2024-03-25T00:00:00Z,107.1101269,110.5177826,106.1879421,108.7754502,6152280
2024-03-26T00:00:00Z,109.1123653,112.4815164,109.0161038,110.3637643,7389230
2024-03-27T00:00:00Z,109.7476909,110.9220808,106.782838,107.5047989,4375982
2024-03-28T00:00:00Z,108.0534892,110.1712414,107.706948,109.8439524,4153353
2024-04-01T00:00:00Z,109.9787184,115.2345942,109.9787184,115.1672112,7988302
2024-04-02T00:00:00Z,113.0013283,114.3489887,110.9990899,114.0120736,5384691
2024-04-03T00:00:00Z,113.3863741,124.9088709,113.2612342,123.7729857,19307943
2024-04-04T00:00:00Z,124.9955063,131.0696044,121.9392049,122.406073,19329432
2024-04-05T00:00:00Z,123.2146692,127.9507331,118.8925297,127.7582102,10695332
2024-04-08T00:00:00Z,127.9796115,128.4511964,120.8658896,122.3964468,11728362
2024-04-09T00:00:00Z,121.7033643,122.011401,115.946929,119.1043049,9657401
2024-04-10T00:00:00Z,116.6592638,121.3568231,116.5726285,118.7577636,5944974
2024-04-11T00:00:00Z,118.9887911,121.0776648,118.5363623,119.4027154,5058307
2024-04-12T00:00:00Z,116.9480482,117.7758967,113.2131035,113.3574957,7501738
2024-04-15T00:00:00Z,114.5511378,117.9202889,112.8858145,113.4056264,6764095
2024-04-16T00:00:00Z,112.2986196,117.1887018,111.3552573,116.5533762,7596734
2024-04-17T00:00:00Z,118.0358027,119.046548,113.8869337,115.1479589,5346021
2024-04-18T00:00:00Z,115.1383327,115.1768373,111.1916128,113.9446906,5053748
2024-04-19T00:00:00Z,112.0098353,114.7244084,110.0268492,110.5755395,9440014
2024-04-22T00:00:00Z,111.1270408,114.3545566,110.4022993,111.6488548,5410000
2024-04-23T00:00:00Z,112.4605653,117.0016028,111.8034663,116.5674342,5086925
2024-04-24T00:00:00Z,121.7662471,121.7662471,115.2918891,116.1519157,5815884
2024-04-25T00:00:00Z,114.3448934,121.060832,113.059685,120.7032928,6822999
2024-04-26T00:00:00Z,121.3893815,122.288061,118.8962705,120.8482411,5512196
2024-04-29T00:00:00Z,120.9835262,123.4283211,119.1186212,123.3993314,5004467
2024-04-30T00:00:00Z,121.9981644,122.7132428,119.6694248,120.4423858,5054483
2024-05-01T00:00:00Z,118.7706486,119.9785512,113.4752035,114.7797384,7204532
2024-05-02T00:00:00Z,117.5434196,119.7369707,114.3767821,119.2344832,4856908
2024-05-03T00:00:00Z,121.2637596,123.2929394,120.5100284,120.886894,3942765
2024-05-06T00:00:00Z,120.7902618,125.0338653,120.0665832,124.9744365,5025217
2024-05-07T00:00:00Z,123.9018189,125.3319756,121.9981644,123.2543831,3247051
2024-05-08T00:00:00Z,122.8775175,127.4385578,121.7565839,127.1776508,4921451
2024-05-09T00:00:00Z,126.7524691,127.9602751,124.9164571,127.2452934,6675427
2024-05-10T00:00:00Z,129.4195181,130.0669539,126.9940496,128.2985845,4536936
2024-05-13T00:00:00Z,128.8107352,130.3568505,126.2789713,126.5978576,4105780
2024-05-14T00:00:00Z,125.129048,130.1539229,124.2690213,129.6031193,4175759
2024-05-15T00:00:00Z,135.188461,145.2188843,133.9902216,144.1366036,16982539
2024-05-16T00:00:00Z,145.4314752,145.7600247,138.6672205,141.3729224,9411534
2024-05-17T00:00:00Z,143.6244529,145.219754,140.9670671,144.4844795,9893472
2024-05-20T00:00:00Z,145.818004,149.3837326,140.1360301,140.5515486,10586921
2024-05-21T00:00:00Z,140.1650198,144.8516819,139.1503816,142.2812652,6665689
2024-05-22T00:00:00Z,142.928701,143.9723288,140.9525723,142.8030791,4708365
2024-05-23T00:00:00Z,153.6355498,157.230268,145.073936,148.398084,16843126
2024-05-24T00:00:00Z,150.7655732,161.1535357,149.403059,154.7854731,17563663
2024-05-28T00:00:00Z,162.7576303,163.9751962,155.5875204,160.4867734,18692642
2024-05-29T00:00:00Z,159.9842859,173.6480804,158.7667201,173.1745825,23215889
2024-05-30T00:00:00Z,172.7783905,172.8170433,159.549441,164.1974503,44465961
2024-05-31T00:00:00Z,138.9571172,139.9234393,126.5978576,134.8599115,67192834
2024-06-03T00:00:00Z,135.8165704,136.0001716,124.2690213,127.5835061,41199155
2024-06-04T00:00:00Z,127.7477809,134.2994447,127.4385578,131.1878875,21568415
2024-06-05T00:00:00Z,131.3714887,134.7052999,128.4725224,133.0238995,19148565
2024-06-06T00:00:00Z,131.6613854,132.0962303,127.7041031,129.4485078,13929139
2024-06-07T00:00:00Z,127.0713554,129.54514,123.293036,125.5928826,19597621
2024-06-10T00:00:00Z,124.6555502,130.8979909,124.0757569,127.9893614,14011897
2024-06-11T00:00:00Z,127.0713554,130.3085344,125.6411987,127.2066405,9176373
2024-06-12T00:00:00Z,128.3565638,128.4628592,125.7185045,127.3709153,11427925
2024-06-13T00:00:00Z,127.5448532,131.603406,127.361252,130.4728092,16066821
2024-06-14T00:00:00Z,128.8783777,130.9656334,126.8684278,130.4341563,12995281
2024-06-17T00:00:00Z,132.5117488,139.8654599,132.4151166,137.2467271,26911431
2024-06-18T00:00:00Z,138.7445263,148.9488876,138.4739561,144.1269404,33500098
2024-06-20T00:00:00Z,151.350198,156.0795716,140.1360301,143.5181574,39976432
2024-06-21T00:00:00Z,140.8704349,142.2329491,135.9035393,140.174683,16788886
2024-06-24T00:00:00Z,138.4787877,138.7251999,132.9272673,132.9272673,14014982
2024-06-25T00:00:00Z,134.6231626,136.9761569,132.9755834,135.6233059,8466362
2024-06-26T00:00:00Z,133.8549365,136.5509751,130.5404517,133.5843663,12714062
2024-06-27T00:00:00Z,133.1881743,137.053366,132.9659202,134.7342896,9483004
2024-06-28T00:00:00Z,134.8309218,136.9954833,131.6227325,133.26548,20573566
2024-07-01T00:00:00Z,132.8499615,139.8144381,129.1296215,138.0101215,11565656
2024-07-02T00:00:00Z,135.4976841,138.7058734,135.2077874,138.6382309,7748248
2024-07-03T00:00:00Z,142.7154337,144.4361634,135.8565761,137.8651732,13173317
2024-07-05T00:00:00Z,137.4110018,137.9521422,133.6520089,134.2801182,8901174
2024-07-08T00:00:00Z,135.2850932,142.1688819,134.5120355,141.0540361,12355619
2024-07-09T00:00:00Z,141.1410051,145.1705682,138.9891991,140.831782,11414730
2024-07-10T00:00:00Z,141.3632592,142.2716019,137.0534626,140.8607717,7387342
2024-07-11T00:00:00Z,140.657844,141.5177741,134.7246264,135.9808451,8248942
2024-07-12T00:00:00Z,134.8985644,136.7732292,132.8693846,134.8695747,7376405
2024-07-15T00:00:00Z,136.0098348,136.3383843,131.9222923,132.5987178,8064648
2024-07-16T00:00:00Z,133.0045731,133.0915421,127.9313821,129.7384044,10254525
2024-07-17T00:00:00Z,123.8245132,125.3996182,120.4713755,120.9545365,18887631
2024-07-18T00:00:00Z,122.3653668,122.6649267,117.9202852,121.1188113,9659432
2024-07-19T00:00:00Z,121.1864538,123.5732694,120.0848467,121.5536562,6932821
2024-07-22T00:00:00Z,123.8535028,125.4962504,122.8002117,124.4043064,6255215
2024-07-23T00:00:00Z,123.1083618,124.2720485,121.5567794,122.0416489,5944621
2024-07-24T00:00:00Z,119.7918545,119.7918545,112.3830488,112.6060888,15611376
2024-07-25T00:00:00Z,112.4897201,112.4897201,106.9913001,108.058013,17363730
2024-07-26T00:00:00Z,110.7926769,111.2483572,108.1744787,110.123557,8419931
2024-07-29T00:00:00Z,110.8993482,112.0048506,107.5925383,107.834973,7552248
2024-07-30T00:00:00Z,108.9113833,109.8229379,102.5692905,105.3233491,11938442
2024-07-31T00:00:00Z,111.2872438,113.0715635,108.804712,110.2399257,11327262
2024-08-01T00:00:00Z,109.5126215,111.7236263,104.276031,105.1487961,8570016
2024-08-02T00:00:00Z,98.62245287,100.6589047,96.9060149,99.19459886,11832725
2024-08-05T00:00:00Z,87.74198167,96.86722534,87.40257303,95.20897171,13137819
2024-08-06T00:00:00Z,95.67444641,96.26598718,90.51543511,91.80518794,15500550
2024-08-07T00:00:00Z,87.63531038,90.21481603,84.29940834,85.23035774,21545502
2024-08-08T00:00:00Z,87.053467,88.92506321,85.77341156,88.69232585,10242826
2024-08-09T00:00:00Z,86.7722427,90.60271162,85.88978024,89.74934133,8405010
2024-08-12T00:00:00Z,89.40993269,94.9374448,89.05597797,92.38703131,9875263
2024-08-13T00:00:00Z,94.16165362,98.41880768,93.64769197,96.91571229,14928421
2024-08-14T00:00:00Z,98.00181993,101.2116559,97.2745157,99.83462658,12141042
2024-08-15T00:00:00Z,103.8202537,107.6022357,102.2201844,106.8749315,17713179
2024-08-16T00:00:00Z,105.6045734,108.7659225,104.7899927,107.9319469,11632608
2024-08-19T00:00:00Z,107.6410253,108.6713729,105.1003092,108.4846982,8374892
2024-08-20T00:00:00Z,108.3683295,109.0762389,106.2446011,107.359801,6189043
2024-08-21T00:00:00Z,107.4955644,108.5137903,105.5657839,108.3198425,6714402
2024-08-22T00:00:00Z,109.1441207,110.5696369,105.3815335,105.6821525,7018286
2024-08-23T00:00:00Z,107.0106949,109.2507919,106.739265,108.6204616,6023382
2024-08-26T00:00:00Z,108.6204616,110.695703,107.0106949,108.2907504,7307783
2024-08-27T00:00:00Z,106.9913001,108.9695676,106.390062,108.4750008,6271647
2024-08-28T00:00:00Z,106.962208,108.6786459,104.9354535,108.1840791,9527976
2024-08-29T00:00:00Z,105.0033353,110.9769273,104.8287823,107.3888931,23836598
2024-08-30T00:00:00Z,111.8690871,114.1576711,107.3016166,112.0436402,33433633
2024-09-03T00:00:00Z,111.4036124,113.15884,105.8183039,107.4179853,14158993
2024-09-04T00:00:00Z,105.7015473,107.2046427,104.0627854,105.7597317,8053118
2024-09-05T00:00:00Z,103.7620694,105.02273,101.9486575,103.9172276,9362447
2024-09-06T00:00:00Z,103.2965947,104.9354535,98.34122857,98.91337456,11962617
2024-09-09T00:00:00Z,104.101478,104.3923997,101.9195654,102.6856591,18742653
2024-09-10T00:00:00Z,102.9377913,104.276031,102.2298818,103.4129634,9367424
2024-09-11T00:00:00Z,103.9075302,105.6045734,102.3559479,105.5075995,9715098
2024-09-12T00:00:00Z,105.4106256,109.8035431,105.3136517,108.7562251,9908506
2024-09-13T00:00:00Z,108.7853172,111.1805725,108.0240721,110.8411638,7353335
2024-09-16T00:00:00Z,108.979265,112.2957723,108.8289555,111.9078767,8618921
2024-09-17T00:00:00Z,114.1479737,114.7298171,111.5587707,113.284906,9412731
2024-09-18T00:00:00Z,114.0219077,116.0001751,112.4315357,112.4800227,10783555
2024-09-19T00:00:00Z,116.4365577,116.4365577,113.8085651,114.2061581,10630519
2024-09-20T00:00:00Z,112.9745896,115.4474239,111.5975602,113.9443285,75332831
2024-09-23T00:00:00Z,113.9928155,114.5261719,113.0521687,114.0122103,8067756
2024-09-24T00:00:00Z,114.5940536,114.8558832,112.4897201,113.7600781,6851833
2024-09-25T00:00:00Z,113.7212886,116.6014133,113.5273408,116.5335316,8534983
2024-09-26T00:00:00Z,118.671806,123.1568487,117.7166131,122.6622818,13420524
2024-09-27T00:00:00Z,120.2476318,120.6452248,116.4365577,116.5820185,13544967
2024-09-30T00:00:00Z,115.398937,116.3328926,113.4109721,114.9528571,8647750
2024-10-01T00:00:00Z,113.8376572,114.2158554,109.4932267,109.7356614,9641850
2024-10-02T00:00:00Z,109.551411,113.0327739,108.7271329,110.0265831,6047118
2024-10-03T00:00:00Z,110.5696369,113.2170243,110.1817413,112.1697062,6872528
2024-10-04T00:00:00Z,113.9443285,117.1832567,113.5177404,116.7759663,8185053
2024-10-07T00:00:00Z,116.0583595,117.1929541,114.603751,115.4862135,5208144
2024-10-08T00:00:00Z,115.7868326,118.2499695,115.1080153,118.2402722,5681505
2024-10-09T00:00:00Z,117.9493505,119.4039589,116.8535454,118.6378651,5979890
2024-10-10T00:00:00Z,117.7844948,121.0816073,117.5323627,121.023423,5947184
2024-10-11T00:00:00Z,120.2476318,124.4175094,119.764023,123.8647582,7811938
2024-10-14T00:00:00Z,125.0963266,126.3181977,123.5447443,124.4659963,5932985
2024-10-15T00:00:00Z,124.9411684,127.1618706,121.8573985,122.0222541,6016641
2024-10-16T00:00:00Z,123.0501774,123.6514156,121.023423,122.8950192,3833057
2024-10-17T00:00:00Z,125.1933005,127.617648,124.1265877,125.2708797,5603585
2024-10-18T00:00:00Z,125.2902744,125.6587752,121.4113186,122.6331897,5491711
2024-10-21T00:00:00Z,122.6719792,123.1374539,121.3822264,121.8573985,4405016
2024-10-22T00:00:00Z,120.789401,120.9840656,116.1661161,117.1881054,7093039
2024-10-23T00:00:00Z,115.7962533,118.3171602,114.6769317,116.3023813,4558926
2024-10-24T00:00:00Z,117.3925032,118.1516953,116.1758493,117.3535703,3638107
2024-10-25T00:00:00Z,118.6480901,121.4609939,118.5020916,119.2807501,4040156
2024-10-28T00:00:00Z,119.7187455,120.3124726,117.3341038,117.4411694,3582942
2024-10-29T00:00:00Z,117.4606359,119.2710169,116.8961084,118.3852928,3909752
2024-10-30T00:00:00Z,127.4955974,130.396003,122.093654,125.9480136,17073703
2024-10-31T00:00:00Z,123.6120381,124.1814321,119.319683,120.3319391,7312424
2024-11-01T00:00:00Z,121.3003956,129.0821141,120.9840656,127.3787986,13048446
2024-11-04T00:00:00Z,129.2767787,132.0896826,126.2400105,126.386009,10608792
2024-11-05T00:00:00Z,127.5053306,130.6978305,126.2886767,129.8997055,6998599
2024-11-06T00:00:00Z,133.7248654,135.8759096,130.7367634,134.6592556,8857948
2024-11-07T00:00:00Z,135.2383829,135.6966234,132.3914127,134.1920605,6297479
2024-11-08T00:00:00Z,134.5327236,135.4379141,130.5031659,130.6491643,6325400
2024-11-11T00:00:00Z,134.7760544,136.9903645,131.3986231,134.8149873,7210941
2024-11-12T00:00:00Z,135.0485849,137.5597586,132.3135469,132.8294081,6667818
2024-11-13T00:00:00Z,134.084995,135.3308486,130.8827619,130.9411613,4701399
2024-11-14T00:00:00Z,132.2551475,133.2576703,129.7732708,130.843829,3510654
2024-11-15T00:00:00Z,129.7342406,130.298768,127.2619998,128.1282574,5010102
2024-11-18T00:00:00Z,132.527678,134.3185925,130.8816912,132.3816795,6620991
2024-11-19T00:00:00Z,130.2793015,132.6055438,128.7075793,132.274614,5767480
2024-11-20T00:00:00Z,133.8513974,134.4840575,129.0042482,130.3863671,4814244
2024-11-21T00:00:00Z,132.5082115,136.4014067,130.8632954,135.2140498,6619719
2024-11-22T00:00:00Z,138.6985466,140.6451929,136.7519004,140.3629292,7688618
2024-11-25T00:00:00Z,143.46783,143.720894,138.8250787,140.314263,12208161
2024-11-26T00:00:00Z,140.1585313,140.576963,137.4429598,137.9588211,12796248
2024-11-27T00:00:00Z,121.5875259,123.7677698,118.0640962,121.0619315,38089688
2024-11-29T00:00:00Z,121.9573887,125.0428231,121.6556586,124.1862987,9534508
2024-12-02T00:00:00Z,122.8236463,126.1913444,119.991276,122.4829832,13328005
2024-12-03T00:00:00Z,121.8211235,122.6581814,120.8624002,122.2104528,6989907
2024-12-04T00:00:00Z,121.9087226,123.9332347,120.6142028,122.7360472,6264548
2024-12-05T00:00:00Z,123.1837759,125.2472209,121.7043247,121.7335244,8115782
2024-12-06T00:00:00Z,122.2688521,122.9439491,119.4754147,120.1080748,10464351
2024-12-09T00:00:00Z,119.5630138,120.8867333,117.8694316,120.5071373,8318589
2024-12-10T00:00:00Z,119.864744,119.9523431,113.4408113,113.6744089,12659524
2024-12-11T00:00:00Z,114.6574652,116.0006512,112.5161543,115.5237228,8156109
2024-12-12T00:00:00Z,114.3752015,117.1881054,114.2064273,116.0006512,5403795
2024-12-13T00:00:00Z,117.1686389,118.0348965,113.4116116,115.2901253,5941904
2024-12-16T00:00:00Z,115.6891877,118.8330215,115.2901253,116.0882502,6730489
2024-12-17T00:00:00Z,115.0467945,116.9934407,114.7450643,115.1246603,5166312
2024-12-18T00:00:00Z,116.3413142,116.7890429,108.9443504,109.6643175,7336887
2024-12-19T00:00:00Z,111.1827016,112.4285552,108.3113984,108.9732581,9248377
2024-12-20T00:00:00Z,107.2310097,113.3532122,107.2310097,112.6816193,12228156
2024-12-23T00:00:00Z,113.4116116,115.9607449,113.1593263,115.6502548,5324214
2024-12-24T00:00:00Z,115.825453,116.2342487,115.027328,115.7670536,2077431
2024-12-26T00:00:00Z,115.2609256,116.6819773,115.0759942,116.0979835,2744871
2024-12-27T00:00:00Z,115.2122594,115.7183874,113.4018784,114.2000034,4881875
2024-12-30T00:00:00Z,112.2338906,112.8276177,109.6163327,111.7569623,5517940
2024-12-31T00:00:00Z,112.2533571,112.9930827,111.112525,112.165758,3874670
2025-01-02T00:00:00Z,112.1852245,114.3248807,110.5013754,113.4213448,4580909
2025-01-03T00:00:00Z,114.2584027,117.5969011,114.2389363,116.711177,5601022
2025-01-06T00:00:00Z,118.560491,121.675125,117.9764971,121.3344619,8361847
2025-01-07T00:00:00Z,122.2299192,122.4148506,117.7234331,118.0348965,6081910
2025-01-08T00:00:00Z,116.7793097,117.3925032,114.6087991,116.1271832,5137723
2025-01-10T00:00:00Z,114.774264,114.83753,111.533098,111.7082961,8213353
2025-01-13T00:00:00Z,107.075278,107.6106057,103.8438452,107.2310097,11518132
2025-01-14T00:00:00Z,108.3308649,108.822393,104.3429653,106.150621,8366186
2025-01-15T00:00:00Z,109.012191,109.012191,105.1578314,106.316086,9106148
2025-01-16T00:00:00Z,106.0922216,108.3892642,105.5228276,107.1726103,6073456
2025-01-17T00:00:00Z,108.7688603,108.7785935,106.6178161,106.7151485,6344472
2025-01-21T00:00:00Z,107.4792071,109.3820538,105.0312994,108.5741956,8635963
2025-01-22T00:00:00Z,114.172446,118.193153,112.3062126,112.482088,12846400
2025-01-23T00:00:00Z,110.117541,112.0717121,109.3944977,111.602711,5864066
2025-01-24T00:00:00Z,112.1791915,114.1138209,110.185937,111.1239391,5500019
2025-01-27T00:00:00Z,104.16709,105.2614258,97.74646549,101.4605631,17922259
2025-01-28T00:00:00Z,101.7439179,101.7439179,98.19709734,98.96899492,15042675
2025-01-29T00:00:00Z,99.66272566,101.4801048,99.14487032,100.7375198,8362610
2025-01-30T00:00:00Z,100.9427077,103.5319844,100.9329369,102.9359622,7952735
2025-01-31T00:00:00Z,103.8935061,104.7826539,101.1576665,101.2260625,6088844
2025-02-03T00:00:00Z,97.10276153,98.69541097,96.1110197,97.79649227,12114300
2025-02-04T00:00:00Z,97.9430551,100.112185,97.52290832,99.34028743,7241445
2025-02-05T00:00:00Z,100.2294353,103.2779422,98.87128637,102.0565852,7901794
2025-02-06T00:00:00Z,102.5646697,104.7924248,102.3301692,103.492901,5017384
2025-02-07T00:00:00Z,105.0562379,106.8443044,103.541853,103.9325895,7997277
2025-02-10T00:00:00Z,104.8901333,110.2250204,104.8901333,109.7364776,9084111
2025-02-11T00:00:00Z,107.7139106,109.5019771,107.3328472,108.8864132,4397056
2025-02-12T00:00:00Z,107.5282643,111.3877522,107.47941,110.3324998,5423724
2025-02-13T00:00:00Z,108.5444333,109.1893097,106.2482822,107.7334523,6806235
2025-02-14T00:00:00Z,108.495579,114.4753425,107.1960552,111.7590447,16971706
2025-02-18T00:00:00Z,113.8402369,118.1491842,113.5959655,117.5824746,13510027
2025-02-19T00:00:00Z,116.0875337,119.4584788,115.5403658,118.1882676,6728608
2025-02-20T00:00:00Z,117.7388083,118.432539,114.0971127,117.1427861,5480404
2025-02-21T00:00:00Z,118.0807882,118.5107058,114.6027545,114.9052602,5662294
2025-02-24T00:00:00Z,113.4494027,113.6936741,108.4859058,111.5245442,7327788
2025-02-25T00:00:00Z,110.8992094,111.4952316,107.1472009,108.1145156,6582053
2025-02-26T00:00:00Z,109.238164,114.5925928,109.238164,112.9999434,8657995
2025-02-27T00:00:00Z,114.3190088,114.7586973,104.9683002,105.3591344,15737173
2025-02-28T00:00:00Z,98.64655669,101.5191882,96.73146903,100.4053107,20366155
2025-03-03T00:00:00Z,101.265146,101.3921671,92.34435493,93.37029475,13096845
2025-03-04T00:00:00Z,90.86895575,94.63376407,90.29247528,91.91443728,12789368
2025-03-05T00:00:00Z,92.4811469,95.63713321,91.07414372,95.02156932,6059440
2025-03-06T00:00:00Z,92.09031268,93.65853498,90.79078891,90.88849746,8560539
2025-03-07T00:00:00Z,89.61340082,90.53674667,86.30606396,89.36424401,10162084
2025-03-10T00:00:00Z,86.96061357,89.66714053,86.65771705,88.2699082,8350075
2025-03-11T00:00:00Z,88.46532531,90.74183692,88.01586596,89.47172342,6282338
2025-03-12T00:00:00Z,92.49091776,93.78067068,91.03506029,92.41275091,7873046
2025-03-13T00:00:00Z,91.79718702,92.68633487,89.45218171,90.3315587,4543443
2025-03-14T00:00:00Z,92.43229262,95.06915339,92.23687552,93.47777416,5933435
2025-03-17T00:00:00Z,95.29515327,96.55559363,94.44508885,95.42217439,5283185
2025-03-18T00:00:00Z,94.69913109,94.97271504,92.59839717,94.23013003,5791995
2025-03-19T00:00:00Z,94.77729793,98.12870136,94.62584967,96.45788507,5460052
2025-03-20T00:00:00Z,95.71530006,99.09601605,95.65667492,96.65330218,4924513
2025-03-21T00:00:00Z,95.83255032,96.16475941,94.19290307,95.33423669,8911079
2025-03-24T00:00:00Z,97.70855457,99.1937246,97.01482383,97.52290832,6491786
2025-03-25T00:00:00Z,98.01145109,98.97876578,96.25279482,96.59467705,4807330
2025-03-26T00:00:00Z,96.47742678,98.24780808,93.40937817,94.05425463,5814156
2025-03-27T00:00:00Z,92.84266855,96.11590513,91.45520708,94.87500649,7537769
2025-03-28T00:00:00Z,92.2173338,93.37029475,89.41309829,90.17522501,7225203
2025-03-31T00:00:00Z,87.22442667,89.11997262,86.37436224,89.06134749,7286218
2025-04-01T00:00:00Z,89.18836861,90.67353864,87.65434431,89.85278678,5716711
2025-04-02T00:00:00Z,87.90838655,93.52662844,87.77159457,93.14556507,6245790
2025-04-03T00:00:00Z,83.78508554,84.23444719,74.96298015,75.4603167,30868525
2025-04-04T00:00:00Z,72.94920684,73.2227908,67.83025567,69.98863764,17449146
2025-04-07T00:00:00Z,66.44181711,75.52871268,64.72703198,73.28141593,15538442
2025-04-08T00:00:00Z,75.72412979,77.63921746,69.37307375,70.92663976,12924067
2025-04-09T00:00:00Z,70.8973272,83.51150159,69.49032401,82.26083209,18159954
2025-04-10T00:00:00Z,78.36226077,79.16835634,74.19987634,77.13113298,11279260
2025-04-11T00:00:00Z,76.79892389,81.01993345,76.17358914,80.05261876,8667626
2025-04-14T00:00:00Z,87.24396838,87.24396838,82.0849567,83.23791764,12355193
2025-04-15T00:00:00Z,82.68097888,84.90629121,82.38834176,83.5310433,5728840
2025-04-16T00:00:00Z,80.90756861,83.34539705,79.80834737,81.44985109,5842293
2025-04-17T00:00:00Z,81.95305015,83.46264731,81.00039174,82.85685428,6238336
2025-04-21T00:00:00Z,81.47036989,82.42693664,78.88988696,80.50207811,5595271
2025-04-22T00:00:00Z,81.5061625,83.95429694,81.07356043,82.66632259,4471564
2025-04-23T00:00:00Z,87.57733926,90.34500932,87.1004938,87.66091012,8413053
2025-04-24T00:00:00Z,88.36880441,93.08318377,87.93620234,92.81280748,6367166
2025-04-25T00:00:00Z,92.86688274,93.84515333,92.36054168,93.29456888,4466690
2025-04-28T00:00:00Z,92.97994919,94.03195877,91.54449687,92.88163054,3920233
2025-04-29T00:00:00Z,92.08524946,92.97011732,91.54449687,92.20323184,4474033
2025-04-30T00:00:00Z,85.36025366,90.54164662,85.30126247,90.21719507,9891218
2025-05-01T00:00:00Z,91.99676267,93.5993567,90.24669066,90.40400051,6333050
2025-05-02T00:00:00Z,92.64566577,94.22859607,92.26222303,92.99961292,5970475
2025-05-05T00:00:00Z,92.32121422,94.02900921,91.95251928,92.77348002,4937957
2025-05-06T00:00:00Z,91.10206294,93.13725903,90.97424869,92.37037355,5015423
2025-05-07T00:00:00Z,92.28188676,94.42523337,91.3190522,94.17943674,5215633
2025-05-08T00:00:00Z,95.8016945,95.84102196,94.06637029,94.60220695,4575909
2025-05-09T00:00:00Z,95.81152637,96.29328776,94.03195877,94.29741913,4367390
2025-05-12T00:00:00Z,99.30183851,102.330053,99.30183851,101.6811499,7927699
2025-05-13T00:00:00Z,102.1432476,106.6757374,102.1432476,106.0366662,7063523
2025-05-14T00:00:00Z,107.6589239,109.8710936,107.6589239,109.1533674,7639089
2025-05-15T00:00:00Z,107.1181713,109.6302129,106.7480999,109.0058895,4488787
2025-05-16T00:00:00Z,109.625297,112.6731752,109.2221905,112.2700687,5466640
2025-05-19T00:00:00Z,109.546642,113.1352728,109.546642,112.3585555,4594717
2025-05-20T00:00:00Z,112.0439358,113.5580431,111.2869805,112.3093962,4150630
2025-05-21T00:00:00Z,111.6309975,114.1774506,109.6842882,110.0480672,5859850
2025-05-22T00:00:00Z,110.5100665,111.080413,108.7994203,110.0677309,4013723
2025-05-23T00:00:00Z,107.8260656,110.790373,106.9805252,110.2250407,3916881
2025-05-27T00:00:00Z,112.5551928,113.1202301,111.2868822,112.0734314,5512085
2025-05-28T00:00:00Z,112.2307412,113.3515739,111.4048646,111.8571304,4618411
2025-05-29T00:00:00Z,113.2532552,113.5187156,109.4286597,111.7194843,14682692
2025-05-30T00:00:00Z,110.5888198,115.0033272,107.363968,109.3991641,19208004
2025-06-02T00:00:00Z,109.1238718,109.7924387,104.591382,106.2627991,9027602
2025-06-03T00:00:00Z,106.6757374,110.5494923,106.193976,110.0185716,6643941
2025-06-04T00:00:00Z,110.9722625,112.3290599,109.4314126,110.8051208,4536209
2025-06-05T00:00:00Z,111.1000768,112.2995643,109.3106773,109.9399167,5454944
2025-06-06T00:00:00Z,110.932935,113.3024146,110.932935,111.8374666,4037456
2025-06-09T00:00:00Z,112.5846884,114.6690438,112.2897324,112.2995643,5123656
2025-06-10T00:00:00Z,112.8698125,113.1156091,109.8816137,111.3458734,8661402
2025-06-11T00:00:00Z,112.4765379,112.5256972,109.0452169,109.3696685,5436451
2025-06-12T00:00:00Z,110.136554,111.6064178,108.7109335,111.4933514,5597707
2025-06-13T00:00:00Z,109.477819,109.8710936,107.3344724,107.7179151,5137534
2025-06-16T00:00:00Z,109.3696685,112.4421264,109.1337037,111.8276348,5292302
2025-06-17T00:00:00Z,110.8936076,115.7308853,110.7854571,113.9808133,5968230
2025-06-18T00:00:00Z,113.6661936,116.8222223,113.6072024,114.6002208,4671234
2025-06-20T00:00:00Z,116.330629,117.7365858,115.6454464,117.3629749,9568390
2025-06-23T00:00:00Z,116.8517179,117.3728067,114.0103088,116.0356731,5987393
2025-06-24T00:00:00Z,117.7808292,119.7816137,117.1565057,118.5624624,5034451
2025-06-25T00:00:00Z,118.7787635,120.2437114,118.228179,118.4346482,3977595
2025-06-26T00:00:00Z,120.636986,125.0072501,120.2092999,123.8618378,9434781
2025-06-27T00:00:00Z,121.6988274,122.9573062,120.4600124,121.9052966,7362045
2025-06-30T00:00:00Z,122.0724383,122.3968899,120.0765697,120.5386673,5427012
2025-07-01T00:00:00Z,120.0077466,121.0846308,118.0905329,119.6832951,4105007
2025-07-02T00:00:00Z,119.3146001,122.2297482,118.0905329,121.4038715,3937763
2025-07-03T00:00:00Z,122.1019339,124.0584751,121.610439,123.114616,3725609
2025-07-07T00:00:00Z,122.967138,124.8892677,121.6988274,122.6721821,4070215
2025-07-08T00:00:00Z,123.9994839,124.6188914,120.2338795,122.2985712,3317273
2025-07-09T00:00:00Z,122.4902926,124.864688,122.4485072,124.500909,3966168
2025-07-10T00:00:00Z,124.864688,126.1624942,124.2157849,125.7593878,5371349
2025-07-11T00:00:00Z,125.4251043,125.4840955,123.5865456,124.6975463,3560249
2025-07-14T00:00:00Z,124.0781388,124.3730948,121.6988274,123.55705,3626919
2025-07-15T00:00:00Z,125.0416616,126.4476183,122.9081469,123.5767137,4041727
2025-07-16T00:00:00Z,123.3899082,123.3899082,118.6312855,121.4923583,5955938
2025-07-17T00:00:00Z,121.6496681,122.3428146,119.8209412,121.7971461,3763654
2025-07-18T00:00:00Z,123.1736072,129.7707888,122.7311733,129.0333989,11025208
2025-07-21T00:00:00Z,128.4238232,128.7777704,126.4279546,126.7917336,5560236
2025-07-22T00:00:00Z,126.379284,126.4483976,121.6203141,122.7557529,6278006
2025-07-23T00:00:00Z,123.9504321,126.2805502,123.6971799,125.6091602,4175675
2025-07-24T00:00:00Z,125.9942221,127.8306711,125.5400465,126.7248523,3785008
2025-07-25T00:00:00Z,126.3397905,130.1607891,126.0929559,129.5585128,4300969
2025-07-28T00:00:00Z,130.2792697,132.2045791,129.495027,132.1650856,4846577
2025-07-29T00:00:00Z,133.2017906,134.297736,130.8420524,131.8195172,4013237
2025-07-30T00:00:00Z,131.7405302,133.4782453,130.9210395,131.8491374,3765782
2025-07-31T00:00:00Z,133.4881187,134.4162166,130.5359776,131.0098999,3876200
2025-08-01T00:00:00Z,126.7544725,127.6134567,123.8220782,125.707894,5520996
2025-08-04T00:00:00Z,127.0111804,129.0549704,126.2706768,128.5810481,2765311
2025-08-05T00:00:00Z,129.7263603,130.2109459,125.0968304,128.8278826,4754756
2025-08-06T00:00:00Z,126.3694106,128.1564927,122.3114508,126.5175113,6250887
2025-08-07T00:00:00Z,128.5218078,132.3033129,128.4576308,132.2341992,5691229
2025-08-08T00:00:00Z,133.2906511,137.1017764,132.3033129,135.8676037,5458586
2025-08-11T00:00:00Z,136.2526655,138.7012642,135.2850741,136.5686137,4402805
2025-08-12T00:00:00Z,137.7237994,140.3106254,136.91201,139.8465764,4859427
2025-08-13T00:00:00Z,138.5432901,138.8197447,134.3372295,137.378231,6025185
2025-08-14T00:00:00Z,135.3739346,138.049621,135.0184928,137.1017764,3813770
2025-08-15T00:00:00Z,138.9283519,139.3627807,135.6898828,136.5291202,3448196
2025-08-18T00:00:00Z,136.5291202,137.6151922,135.9762109,136.3810195,3202498
2025-08-19T00:00:00Z,136.134185,136.9487389,132.875969,133.4881187,3570149
2025-08-20T00:00:00Z,132.3033129,132.3033129,125.2339717,126.8532063,7222713
2025-08-21T00:00:00Z,127.672697,128.6641819,125.9349818,126.2114365,4057774
2025-08-22T00:00:00Z,127.2185214,130.3780035,126.4977646,129.1833243,3785951
2025-08-25T00:00:00Z,128.837756,130.4718006,128.1268725,129.3511718,3202732
2025-08-26T00:00:00Z,129.5288927,130.8223057,128.6205416,129.3314251,3735748
2025-08-27T00:00:00Z,129.2721848,130.9880798,128.9997782,130.8223057,3799268
2025-08-28T00:00:00Z,132.0071115,133.4683719,131.0592668,132.3526798,11144072
2025-08-29T00:00:00Z,122.4595515,123.3185357,118.1152636,120.6033558,24363215
2025-09-02T00:00:00Z,117.6018478,119.8431054,116.209701,119.4284234,8969874
2025-09-03T00:00:00Z,120.1590536,122.4595515,119.3691831,122.4496781,5941521
2025-09-04T00:00:00Z,122.4595515,125.7375142,121.3660745,125.0661242,7053769
2025-09-05T00:00:00Z,125.6387804,126.793966,121.7190479,123.249422,6413059
2025-09-08T00:00:00Z,123.713471,124.0146091,121.2352522,121.4425932,5187097
2025-09-09T00:00:00Z,119.3395629,120.168927,116.6540031,119.7542449,10704358
2025-09-10T00:00:00Z,121.8671486,125.5104264,121.8572752,122.8742335,8447197
2025-09-11T00:00:00Z,123.3234724,127.129661,122.9433472,123.7825846,6159381
2025-09-12T00:00:00Z,124.3058738,126.0238422,123.3876494,123.456763,4365666
2025-09-15T00:00:00Z,124.7896695,126.6804221,123.4271429,125.1944782,5734417
2025-09-16T00:00:00Z,126.0238422,127.0604486,124.3076511,126.0633358,4461322
2025-09-17T00:00:00Z,126.4780178,131.3159748,126.2805502,128.6896553,8236969
2025-09-18T00:00:00Z,130.2940798,131.9567572,129.795474,130.4372438,5528870
2025-09-19T00:00:00Z,131.2616712,132.2724092,130.2693963,130.2693963,9051982
2025-09-22T00:00:00Z,130.9407863,136.2329188,130.1410424,133.9719144,10255248
2025-09-23T00:00:00Z,134.3569763,135.605959,131.5628093,132.6390079,4750827
2025-09-24T00:00:00Z,133.2906511,133.7843201,130.0521819,130.417497,3921892
2025-09-25T00:00:00Z,127.7368739,129.5972165,125.5105251,129.3018049,4758872
2025-09-26T00:00:00Z,126.3891574,129.4499056,125.9843487,129.1043373,3841026
2025-09-29T00:00:00Z,130.4520539,132.8858424,130.4520539,132.2045791,3833449
2025-09-30T00:00:00Z,132.3033129,139.9749304,132.3033129,139.9749304,9934552
2025-10-01T00:00:00Z,139.1258196,147.7847752,138.6173404,147.7847752,13611989
2025-10-02T00:00:00Z,148.5845191,150.1741335,142.7789707,145.5040241,7490815
2025-10-03T00:00:00Z,146.382755,147.3108529,138.6321505,138.9579721,6526655
2025-10-06T00:00:00Z,143.6774485,147.3898399,142.4334024,143.9144096,10454686
2025-10-07T00:00:00Z,150.8652702,152.7412127,142.5716297,148.9597076,18683188
2025-10-08T00:00:00Z,152.7510861,163.9968677,152.050076,162.4467468,18937941
2025-10-09T00:00:00Z,162.2394058,162.8515555,153.1855149,153.9753854,13275627
2025-10-10T00:00:00Z,155.5748733,157.2632215,148.5154054,148.6635062,11749106
2025-10-13T00:00:00Z,153.5804502,153.5804502,149.1966688,151.4576731,6800939
2025-10-14T00:00:00Z,148.07604,150.6283091,146.2247809,146.8862975,7096445
2025-10-15T00:00:00Z,150.2383105,153.8074392,149.4978069,151.7538746,5804509
2025-10-16T00:00:00Z,153.3286789,156.4930977,147.7749018,149.3941364,6947603
2025-10-17T00:00:00Z,148.5104687,149.324924,145.425037,147.6959148,5301468
2025-10-20T00:00:00Z,148.2883177,149.4928702,145.2670629,145.9976931,5829581
2025-10-21T00:00:00Z,146.5898988,149.9091023,143.7561907,148.0562932,5191375
2025-10-22T00:00:00Z,148.8142606,149.998275,143.9147198,148.7498581,6136709
2025-10-23T00:00:00Z,148.6210532,153.9119627,148.2247304,152.8121669,5817217
2025-10-24T00:00:00Z,156.1511866,158.469675,155.35864,157.1816259,5081468
2025-10-27T00:00:00Z,159.0245269,160.877336,157.6969446,160.6989908,5480028
2025-10-28T00:00:00Z,160.9268764,165.4647726,159.2029713,163.3642617,6446412
2025-10-29T00:00:00Z,165.4647726,166.3961312,160.4810132,162.0960287,4511493
2025-10-30T00:00:00Z,159.4109417,162.561708,158.7371929,159.5298385,3105193
2025-10-31T00:00:00Z,161.4420961,161.8820144,156.5475094,160.5206455,4079199
2025-11-03T00:00:00Z,165.6133936,166.5348441,158.3904104,158.6381122,4614614
2025-11-04T00:00:00Z,154.0407676,156.464777,151.9006244,153.2183978,5330224
2025-11-05T00:00:00Z,150.7017479,153.5057318,147.7788672,151.0088981,7293135
2025-11-06T00:00:00Z,151.3309104,153.5750883,147.4519009,147.8085914,4255086
2025-11-07T00:00:00Z,146.6295311,146.6295311,141.7646686,145.35139,5780820
2025-11-10T00:00:00Z,148.3634434,148.6656395,139.7929626,141.3782539,8203558
2025-11-11T00:00:00Z,139.0102251,139.70379,135.0370889,137.4843823,7116087
2025-11-12T00:00:00Z,139.3570075,142.4631876,138.4652812,139.416456,5502993
2025-11-13T00:00:00Z,138.5148216,138.861604,131.0837689,132.7086924,6911959
2025-11-14T00:00:00Z,128.7256482,135.9213842,128.1410721,132.5303472,5573277
2025-11-17T00:00:00Z,122.8600706,127.2295296,118.9070479,121.354044,15291144
2025-11-18T00:00:00Z,119.3922461,124.881317,118.2925494,121.5621134,10147079
2025-11-19T00:00:00Z,121.4630327,122.4488857,117.7772306,118.2825422,6729224
2025-11-20T00:00:00Z,122.5132882,124.5246264,115.6767197,116.3207443,8855023
2025-11-21T00:00:00Z,117.4700804,122.3200808,115.4884664,121.3837682,8401641
2025-11-24T00:00:00Z,123.6527163,128.2203366,123.1325426,126.0504693,8985949
2025-11-25T00:00:00Z,121.9584363,125.9513885,121.918804,124.7624201,14794070
2025-11-26T00:00:00Z,132.3520019,134.1057303,126.9026624,132.0349437,16424919
2025-11-28T00:00:00Z,132.936578,133.2635444,128.8148208,132.1241163,5612640
2025-12-01T00:00:00Z,130.4991928,130.9252398,126.5904591,130.8756994,6720096
2025-12-02T00:00:00Z,133.7688559,136.7710012,133.573667,134.7002145,6981599
2025-12-03T00:00:00Z,134.1552707,134.8537896,132.0151275,132.4015423,5630736
2025-12-04T00:00:00Z,132.7681409,138.0293261,131.3909191,137.7122679,6857097
2025-12-05T00:00:00Z,137.6726356,137.9203374,134.8587437,137.6330033,5001590
2025-12-08T00:00:00Z,137.3407153,141.0314714,137.3258532,139.1192139,3904028
2025-12-09T00:00:00Z,137.7618082,138.6337184,135.8594588,136.9493465,3461043
2025-12-10T00:00:00Z,136.7809093,139.8325949,135.0073647,139.3371914,4576003
2025-12-11T00:00:00Z,137.5487847,137.7816244,133.4418896,137.3258532,4933520
2025-12-12T00:00:00Z,137.2267725,138.2076714,128.2500608,128.7850966,9299012
2025-12-15T00:00:00Z,130.0929619,132.2032818,128.418498,129.3102244,5336226
2025-12-16T00:00:00Z,129.0872928,133.7589479,128.8247289,132.5204391,5365614
2025-12-17T00:00:00Z,132.2380591,132.510531,125.446077,126.71431,6125680
2025-12-18T00:00:00Z,126.8332068,127.5094326,120.9775373,121.8098152,9344794
2025-12-19T00:00:00Z,122.8204384,125.9811128,122.5628285,125.2578236,9715400
2025-12-22T00:00:00Z,127.5862201,127.6654847,124.2075682,125.446077,4852725
2025-12-23T00:00:00Z,125.168651,127.4475072,125.168651,126.4467921,3494371
2025-12-24T00:00:00Z,125.5253415,127.8636461,125.0497542,127.1998054,1755985
2025-12-26T00:00:00Z,127.4673233,128.4779465,126.8232987,128.0518994,2733190
2025-12-29T00:00:00Z,126.9719198,128.1559342,125.9414805,126.2882629,3111973
2025-12-30T00:00:00Z,125.7730433,127.2691619,125.733411,126.7440342,2754523
2025-12-31T00:00:00Z,126.9917359,127.2295296,124.6237071,124.7227878,2925715
2026-01-02T00:00:00Z,127.2196215,128.1608882,124.5939829,126.6251373,4959254
2026-01-05T00:00:00Z,128.3689577,129.9839731,120.9676292,122.8699787,8471012
2026-01-06T00:00:00Z,123.9499584,125.0398461,120.7100194,122.7907142,6595593
2026-01-07T00:00:00Z,121.8692636,122.1615517,117.6583338,118.966199,10343405
2026-01-08T00:00:00Z,116.4743194,118.2676801,113.734738,117.410632,11522059
2026-01-09T00:00:00Z,118.8770264,119.8975576,116.2414797,119.5111429,7001487
2026-01-12T00:00:00Z,117.9060355,120.9577212,117.6187015,119.3625219,5203381
2026-01-13T00:00:00Z,120.3830531,120.7595598,117.8168629,118.5599682,5641635
2026-01-14T00:00:00Z,118.0546566,120.9478131,116.845872,117.5988854,4788293
2026-01-15T00:00:00Z,120.6902033,122.5132882,118.3816229,118.5599682,6834002
2026-01-16T00:00:00Z,119.099958,121.8593556,118.1218333,119.4219703,9023326
2026-01-20T00:00:00Z,115.9845769,116.5221416,110.3351693,110.5691095,11502285
2026-01-21T00:00:00Z,111.8234273,113.9030066,109.7229428,112.7492333,9162264
2026-01-22T00:00:00Z,113.7148589,119.050687,113.4659864,116.6416005,8372247
2026-01-23T00:00:00Z,114.8994924,115.4669219,113.2469785,114.9094473,6342803
2026-01-26T00:00:00Z,114.4913414,116.7610593,114.4913414,115.4071925,6309421
2026-01-27T00:00:00Z,116.2533593,117.308579,113.9637315,114.1429198,5035058
2026-01-28T00:00:00Z,114.8795826,117.9656026,113.7058995,116.790924,5300447
2026-01-29T00:00:00Z,115.148365,118.5621004,114.7899885,117.9556477,6246442
2026-01-30T00:00:00Z,116.2931789,116.3728181,111.753743,113.9239119,10734697
2026-02-02T00:00:00Z,114.0234609,118.7570174,113.8741374,118.6226262,8019704
2026-02-03T00:00:00Z,119.4389283,120.6534265,115.6759749,116.6216907,8547288
2026-02-04T00:00:00Z,117.6221584,122.4881151,116.2931789,121.4896383,10914510
2026-02-05T00:00:00Z,119.7077107,122.1665717,112.5402799,114.8696277,9298445
2026-02-06T00:00:00Z,116.3728181,122.0122707,115.974622,120.5041029,7918021
2026-02-09T00:00:00Z,119.7574852,121.4498187,117.3280906,120.3647343,5016813
2026-02-10T00:00:00Z,121.9923609,126.0589389,121.8977894,125.4417349,6194076
2026-02-11T00:00:00Z,127.1141586,127.48249,121.7385109,123.6000778,5431215
2026-02-12T00:00:00Z,116.9701123,120.3746892,110.6985233,112.3112176,11756645
2026-02-13T00:00:00Z,114.9492669,120.285095,113.6999266,116.9601574,10480404
2026-02-17T00:00:00Z,115.7257494,118.5131223,114.4515218,115.5664709,5303651
2026-02-18T00:00:00Z,114.3320629,116.9253152,112.3510372,116.2533593,5783427
2026-02-19T00:00:00Z,118.4235281,120.8923441,117.0796162,118.5230772,7042264
2026-02-20T00:00:00Z,117.2289398,122.1068423,117.0696613,121.7186011,7763458
2026-02-23T00:00:00Z,120.7131559,123.7592567,118.333934,118.6027164,6962259
2026-02-24T00:00:00Z,119.9565832,122.0869325,118.4633478,119.2398302,4937680
2026-02-25T00:00:00Z,117.5873163,124.3865151,116.6714652,122.9231444,8220005
2026-02-26T00:00:00Z,124.5358387,125.43178,119.7674401,120.902299,14418103
2026-02-27T00:00:00Z,136.7505049,148.1886886,135.4961871,147.4122062,33475578
2026-03-02T00:00:00Z,146.0931815,153.0267716,145.341885,152.8575382,12554157
2026-03-03T00:00:00Z,149.0547652,150.2593085,140.3840445,144.5252843,15258237
2026-03-04T00:00:00Z,145.3366089,147.6610788,143.4003802,146.4366257,8505495
2026-03-05T00:00:00Z,145.3415863,148.4873357,141.4113906,145.8592413,7032450
2026-03-06T00:00:00Z,143.1813723,147.9895906,141.4790839,145.8194217,7100433
2026-03-09T00:00:00Z,143.9478999,146.0384295,140.7225113,145.8492864,7400609
2026-03-10T00:00:00Z,145.6253011,146.2275727,136.8749412,143.1515076,7518682
2026-03-11T00:00:00Z,145.0031196,148.7958382,144.4954196,146.7054081,5405664
2026-03-12T00:00:00Z,146.4864002,151.1652047,146.4216933,149.2339535,7340868
2026-03-13T00:00:00Z,150.3190379,152.260244,146.1578884,150.9362419,6441089
2026-03-16T00:00:00Z,152.3597931,157.0883721,151.9914616,155.8340543,7923360
2026-03-17T00:00:00Z,154.0521266,154.320909,151.1154302,152.3199735,6675798
2026-03-18T00:00:00Z,152.0213264,154.320909,148.258373,148.5371102,5460722
2026-03-19T00:00:00Z,145.9239482,156.3616641,145.9090158,156.0530621,7715340
2026-03-20T00:00:00Z,162.7626669,169.1338049,156.9589583,156.9589583,23135869
2026-03-23T00:00:00Z,158.5218781,164.6740083,157.914629,163.8477513,10721325
2026-03-24T00:00:00Z,162.8821257,177.5058785,162.6332531,176.112192,15886495
2026-03-25T00:00:00Z,176.9583588,184.0263401,176.8189902,183.1801733,11330772
2026-03-26T00:00:00Z,181.8860359,185.5494402,174.7583252,175.0271076,11061283
2026-03-27T00:00:00Z,174.3402193,175.494988,169.5767981,171.0351914,8011470
2026-03-30T00:00:00Z,171.9908621,173.2153152,161.7472668,163.9174356,10135271
2026-03-31T00:00:00Z,163.5491042,167.2324184,154.6693306,163.3898258,13713718
2026-04-01T00:00:00Z,166.2269732,170.5573561,164.0169847,168.6161499,7311128
2026-04-02T00:00:00Z,166.2369281,173.5836466,165.7441604,173.5836466,5217126
2026-04-06T00:00:00Z,175.0370625,175.704041,172.0107719,172.3990132,3925402
2026-04-07T00:00:00Z,171.4582748,178.0334883,171.4433424,176.8886745,5753013
2026-04-08T00:00:00Z,184.9222813,188.8941882,181.8462163,184.6335891,7212000
2026-04-09T00:00:00Z,186.1268246,186.952982,178.8746777,180.641673,4500859
2026-04-10T00:00:00Z,182.3987134,183.1702184,176.2416058,176.9981784,4279738
2026-04-13T00:00:00Z,178.1927668,190.5020046,176.6995313,188.9341073,10506654
2026-04-14T00:00:00Z,184.7132284,185.9476364,179.2891003,183.6779184,6256367
2026-04-15T00:00:00Z,182.1149986,182.1647732,176.2017862,176.4805235,7793327
2026-04-16T00:00:00Z,178.7601963,192.9260235,177.6950216,192.2192254,11474725
2026-04-17T00:00:00Z,191.9603979,196.4487651,190.8852683,195.6636219,6311200
2026-04-20T00:00:00Z,195.6636219,204.8518979,195.653667,203.3189424,7155812
2026-04-21T00:00:00Z,205.5296149,213.9963167,205.0303931,212.0294827,9078170
2026-04-22T00:00:00Z,214.6753582,217.051654,209.173934,214.3159185,5482147
2026-04-23T00:00:00Z,214.1561675,218.9187435,210.3520974,211.8098251,4421454
2026-04-24T00:00:00Z,213.6569457,218.6591482,209.1740338,215.7536773,4621365
2026-04-27T00:00:00Z,217.441047,221.1552572,212.4288601,215.6338641,5820969
2026-04-28T00:00:00Z,209.6432025,210.182362,201.2412996,205.6094903,4437704
2026-04-29T00:00:00Z,205.739288,207.6013853,202.9350593,205.3399106,3635688
2026-04-30T00:00:00Z,208.1754904,208.8244787,200.5274124,208.62479,5635830
2026-05-01T00:00:00Z,208.2054437,212.4388446,206.1186966,209.8428912,3010589
2026-05-04T00:00:00Z,210.5218328,214.6454049,205.3798483,211.3106033,3842381
2026-05-05T00:00:00Z,214.6853427,217.0616384,210.6103948,215.9833193,4360824
2026-05-06T00:00:00Z,220.4563467,239.0773198,219.2582143,238.4283314,9187209
2026-05-07T00:00:00Z,234.8938411,237.3799657,227.6451406,229.9116075,4848341
2026-05-08T00:00:00Z,233.2264403,263.5791257,233.2264403,260.0546198,12168099
2026-05-11T00:00:00Z,253.2003045,255.0524174,241.623351,246.6555067,11517041
2026-05-12T00:00:00Z,242.1325572,242.1325572,228.1443624,238.5681135,7150812
2026-05-13T00:00:00Z,244.2193043,246.615569,236.4314442,243.4904405,5008542
2026-05-14T00:00:00Z,248.4626896,260.1344953,240.4362015,247.5041838,6241866
2026-05-15T00:00:00Z,240.0358256,246.4757868,236.4214598,241.6133665,4833109
2026-05-18T00:00:00Z,244.2193043,244.5687596,231.8387035,237.6595299,5132555
2026-05-19T00:00:00Z,233.8854131,239.3768529,226.9162767,234.8938411,4082709
2026-05-20T00:00:00Z,239.0972887,246.5456779,236.8208372,242.5519035,4150368
2026-05-21T00:00:00Z,242.5818568,253.9840827,239.8960435,252.4065418,5075014
2026-05-22T00:00:00Z,267.6827289,297.8556945,264.7972269,294.730566,15291495
2026-05-26T00:00:00Z,299.7826906,308.1597322,298.5046828,304.6051732,10305678
2026-05-27T00:00:00Z,306.9964456,311.6540851,298.1053054,304.8447996,8262376
2026-05-28T00:00:00Z,316.5365742,327.2199207,311.03515,316.5565431,26611335
2026-05-29T00:00:00Z,417.3494244,428.483069,401.6439066,420.2548953,41832954
2026-06-01T00:00:00Z,425.4867397,468.7393164,425.4867397,465.2347794,20849202
2026-06-02T00:00:00Z,465.3845459,468.4597522,432.7554091,434.6324831,16018502
2026-06-03T00:00:00Z,433.1148488,435.3214092,406.3665448,420.4246307,14231062
2026-06-04T00:00:00Z,401.2445291,429.8299694,398.378996,421.393121,12297420
2026-06-05T00:00:00Z,405.1384592,412.257362,385.6738012,393.776171,10990345
2026-06-08T00:00:00Z,397.9596497,405.8672231,385.0098362,400.1462412,8569719
2026-06-09T00:00:00Z,402.2928949,407.1052932,356.5142559,381.1857972,10471829
2026-06-10T00:00:00Z,376.3333613,398.3689117,369.0846608,369.2543962,9281213
2026-06-11T00:00:00Z,368.1061861,393.6962955,366.3888631,390.8407468,7869755
2026-06-12T00:00:00Z,384.4007856,407.7394047,380.51684,394.9543345,6059055
2026-06-15T00:00:00Z,410.7596966,415.2626773,393.4866224,408.433323,7036583
2026-06-16T00:00:00Z,412.4969885,421.1634789,401.6239377,403.4510895,6326463
2026-06-17T00:00:00Z,411.3587628,431.0880083,394.8844434,418.6673699,8754030
2026-06-18T00:00:00Z,429.2109343,435.3214092,407.2451752,408.8626538,15360635
2026-06-22T00:00:00Z,414.5437979,443.308958,413.8385972,418.0583193,7336879
2026-06-23T00:00:00Z,394.3852216,434.3129811,390.3914472,427.1142028,6643874
2026-06-24T00:00:00Z,421.1085645,439.6945921,417.6888952,433.3844286,6317230
2026-06-25T00:00:00Z,413.8948095,416.6704827,390.4413694,408.8127316,11179169
2026-06-26T00:00:00Z,395.6332761,400.6854007,384.5305833,398.8682334,10832990
2026-06-29T00:00:00Z,393.2070582,415.7917525,378.0706532,413.9647006,8818454
2026-06-30T00:00:00Z,410.0008795,432.8253002,408.363432,430.7884752,6903796
2026-07-01T00:00:00Z,417.3494244,437.837487,410.1216912,424.5881405,6027599
2026-07-02T00:00:00Z,415.4324127,421.8873505,385.4092136,393.70628,6618448
2026-07-06T00:00:00Z,394.5749259,429.0711522,392.6379453,411.1590741,7260436
2026-07-07T00:00:00Z,397.1309415,425.8961016,395.2039454,416.630545,7050107
2026-07-08T00:00:00Z,422.2218291,448.7504756,413.35565,431.2976815,9774345
2026-07-09T00:00:00Z,443.1392225,459.7832773,433.4742885,449.5192771,7927965
2026-07-10T00:00:00Z,448.4110047,452.0952616,432.5657048,434.2930123,5146813
2026-07-13T00:00:00Z,431.7719422,436.0203197,417.8785995,426.4452456,4661691
2026-07-14T00:00:00Z,441.2122264,462.7586393,440.8228334,456.8278843,7198292
2026-07-15T00:00:00Z,458.7299193,460.4864812,390.5113603,412.0377044,12957623
2026-07-16T00:00:00Z,403.8604514,413.1859146,390.5511982,390.7708558,6441782
2026-07-17T00:00:00Z,376.2634703,406.5163113,367.5720188,395.723136,7290834
2026-07-20T00:00:00Z,399.6669882,402.5674669,380.4569334,381.2856416,4725822
2026-07-21T00:00:00Z,394.5,407.98,393.94,404.15,5277304
2026-07-22T00:00:00Z,414.34,451.36,413.77,441.8,7215047
2026-07-23T00:00:00Z,438,454.77,434.1,439.34,5118495
2026-07-24T00:00:00Z,438.94,451.48,432.2606,437.5,4604132
2026-07-27T00:00:00Z,435.49,447.88,411.87,426.91,4960389
2026-07-28T00:00:00Z,401.26,403.9994,358.8801,392.1,9448664
2026-07-29T00:00:00Z,388.5,394.96,364.17,369.64,6349077
2026-07-30T00:00:00Z,384.89,413,383,404.81,6193743
2026-07-31T00:00:00Z,419,431.4297,400.2522,405.37,4853862
2026-08-03T00:00:00Z,397.68,432.36,390.11,429.02,4838276
2026-08-04T00:00:00Z,449.28,476.9,443.83,467.27,7583199
2026-08-05T00:00:00Z,466.595,485.7,459.19,462.7,6984245
2026-08-06T00:00:00Z,450.55,455.8699,426,437.65,6094432
2026-08-07T00:00:00Z,444.95,455.8799,416.3,453.77,5208419
2026-08-10T00:00:00Z,458.58,474.99,451.5,457.88,4986581
2026-08-11T00:00:00Z,449.13,452.4594,431.01,440.97,4796064
2026-08-12T22:51:14Z,459.275,484.74,455,484.5,6158404
