date,open,high,low,close,volume
2019-01-02T00:00:00Z,3.234968128,3.429105836,3.220358275,3.37314267,508753600
2019-01-03T00:00:00Z,3.312969886,3.34689446,3.161918863,3.169347602,705551440
2019-01-04T00:00:00Z,3.242396867,3.410533989,3.211691413,3.372399796,585619320
2019-01-07T00:00:00Z,3.429601085,3.587833222,3.378342787,3.550937152,709159200
2019-01-08T00:00:00Z,3.632405655,3.634634276,3.389981145,3.46253516,786017160
2019-01-09T00:00:00Z,3.513793458,3.577928237,3.463278034,3.530631933,617259000
2019-01-10T00:00:00Z,3.511317212,3.604919321,3.450896803,3.596252459,523156240
2019-01-11T00:00:00Z,3.573966243,3.708178791,3.546232284,3.685397325,874762640
2019-01-14T00:00:00Z,3.633148528,3.750522602,3.609624189,3.72526489,730169960
2019-01-15T00:00:00Z,3.757951341,3.797323656,3.692826064,3.711150286,617010040
2019-01-16T00:00:00Z,3.738388995,3.77132307,3.680197208,3.685644949,470103680
2019-01-17T00:00:00Z,3.652710874,3.796828407,3.625472165,3.756960842,493436200
2019-01-18T00:00:00Z,3.806733392,3.911973859,3.75522747,3.885973273,651336920
2019-01-22T00:00:00Z,3.855763068,3.867401426,3.653701373,3.683911577,661551040
2019-01-23T00:00:00Z,3.739131869,3.827781485,3.665587355,3.696788058,591021800
2019-01-24T00:00:00Z,3.781228055,3.926088462,3.776523188,3.908507114,708970440
2019-01-25T00:00:00Z,3.849077203,3.983785,3.746560608,3.965708403,1155221880
2019-01-28T00:00:00Z,3.381314283,3.507355218,3.243882615,3.417467478,2511526760
2019-01-29T00:00:00Z,3.371409298,3.4196961,3.244130239,3.258740092,1153933880
2019-01-30T00:00:00Z,3.334760853,3.41647698,3.255273348,3.402114751,974229560
2019-01-31T00:00:00Z,3.398895631,3.595261961,3.377104664,3.559604014,842853520
2019-02-01T00:00:00Z,3.578175861,3.634881901,3.530631933,3.583871228,625047000
2019-02-04T00:00:00Z,3.599719204,3.731207881,3.577680612,3.694064187,528600720
2019-02-05T00:00:00Z,3.705950169,3.749779728,3.67227322,3.713131283,542425000
2019-02-06T00:00:00Z,3.746312983,3.853039197,3.740865241,3.788656794,702465880
2019-02-07T00:00:00Z,3.742350989,3.744579611,3.607643192,3.650482252,637120000
2019-02-08T00:00:00Z,3.583375978,3.679701958,3.56901375,3.669054099,461605480
2019-02-11T00:00:00Z,3.624976916,3.679206709,3.578175861,3.626462664,495180600
2019-02-12T00:00:00Z,3.664844481,3.758941839,3.650482252,3.743341488,591060520
2019-02-13T00:00:00Z,3.772808818,3.858734564,3.759189464,3.785685299,605372080
2019-02-14T00:00:00Z,3.7846948,3.85477257,3.741608115,3.826543362,827262960
2019-02-15T00:00:00Z,4.035043298,4.057824764,3.873344417,3.896125882,1516749360
2019-02-19T00:00:00Z,3.885478023,3.959270162,3.866410927,3.878792159,551892640
2019-02-20T00:00:00Z,3.908011865,3.993194736,3.896868756,3.926088462,540989480
2019-02-21T00:00:00Z,3.938717318,3.963232156,3.842638963,3.857248816,448546720
2019-02-22T00:00:00Z,3.909002363,3.96075591,3.895383009,3.941936438,401741240
2019-02-25T00:00:00Z,4.025385938,4.092739836,3.920888345,3.929555207,656019240
2019-02-26T00:00:00Z,3.924850339,3.980813505,3.856753567,3.890182891,488462840
2019-02-27T00:00:00Z,3.875820663,3.902316498,3.791380665,3.848334329,500255240
2019-02-28T00:00:00Z,3.84216272,3.864472052,3.801510159,3.823819491,324942600
2019-03-01T00:00:00Z,3.873643666,3.920245382,3.815391522,3.878105532,357187120
2019-03-04T00:00:00Z,3.91652716,3.939332254,3.829768647,3.886285621,409990000
2019-03-05T00:00:00Z,3.870669088,3.918014448,3.816383047,3.879840703,362924760
2019-03-06T00:00:00Z,3.87091697,3.87934494,3.766310991,3.769037687,403525960
2019-03-07T00:00:00Z,3.745488948,3.755156325,3.653772806,3.699878758,450105320
2019-03-08T00:00:00Z,3.610641431,3.744745304,3.589323625,3.734086401,422414840
2019-03-11T00:00:00Z,3.75763514,4.017167035,3.710537661,3.99436194,859726000
2019-03-12T00:00:00Z,4.022124664,4.074923416,3.946025054,4.028569582,579574720
2019-03-13T00:00:00Z,4.065999683,4.209027289,4.058563239,4.179777276,768900720
2019-03-14T00:00:00Z,4.18894889,4.200847201,4.096241222,4.103925548,519385200
2019-03-15T00:00:00Z,4.147056923,4.251910783,4.143586582,4.209275171,661459280
2019-03-18T00:00:00Z,4.240756117,4.294546395,4.160938285,4.187957365,486993160
2019-03-19T00:00:00Z,4.282400203,4.399896018,4.265544263,4.355525235,854972400
2019-03-20T00:00:00Z,4.384527367,4.437821882,4.288349358,4.323052763,719148600
2019-03-21T00:00:00Z,4.34610574,4.585807117,4.34114811,4.559531682,824310680
2019-03-22T00:00:00Z,4.532264721,4.580849488,4.386014656,4.399896018,747643480
2019-03-25T00:00:00Z,4.359243457,4.423444757,4.241499761,4.307684113,525212040
2019-03-26T00:00:00Z,4.44922443,4.505245641,4.328010393,4.384279485,703507120
2019-03-27T00:00:00Z,4.409811276,4.456165111,4.305701061,4.375107871,474371760
2019-03-28T00:00:00Z,4.401135425,4.45938757,4.340652348,4.393698981,480264080
2019-03-29T00:00:00Z,4.460379095,4.475251983,4.410059158,4.4509596,456895160
2019-04-01T00:00:00Z,4.542675742,4.548624897,4.471037999,4.518383358,483824480
2019-04-02T00:00:00Z,4.542427861,4.580601606,4.499544367,4.536230824,440919840
2019-04-03T00:00:00Z,4.585807117,4.734535997,4.580849488,4.675540208,788778720
2019-04-04T00:00:00Z,4.660171557,4.709004206,4.603902464,4.666616475,457376760
2019-04-05T00:00:00Z,4.70974785,4.750648292,4.673309275,4.733296589,481745960
2019-04-08T00:00:00Z,4.702807169,4.779154661,4.678762667,4.754118632,424193920
2019-04-09T00:00:00Z,4.720654635,4.731809301,4.649264772,4.691404622,439972800
2019-04-10T00:00:00Z,4.690660977,4.78758263,4.686199111,4.761802958,444772280
2019-04-11T00:00:00Z,4.764281773,4.795762719,4.698593184,4.747921596,374601480
2019-04-12T00:00:00Z,4.786591104,4.790557208,4.70131988,4.709995732,471706560
2019-04-15T00:00:00Z,4.702311406,4.707269035,4.538709639,4.578370673,440093800
2019-04-16T00:00:00Z,4.617535945,4.684216059,4.584815591,4.665377068,394963640
2019-04-17T00:00:00Z,4.700328354,4.721150398,4.620262641,4.642571973,351002720
2019-04-18T00:00:00Z,4.649264772,4.683224533,4.590268984,4.618031708,380988160
2019-04-22T00:00:00Z,4.594482968,4.687438518,4.563002022,4.671821986,279935520
2019-04-23T00:00:00Z,4.684959704,4.757588973,4.675292326,4.726355908,346855240
2019-04-24T00:00:00Z,4.73676693,4.779402542,4.676035971,4.738749982,318204800
2019-04-25T00:00:00Z,4.698593184,4.720902516,4.553582527,4.633152477,499297480
2019-04-26T00:00:00Z,4.479465968,4.483927835,4.295785802,4.414521024,868989160
2019-04-29T00:00:00Z,4.422453231,4.47302105,4.350319725,4.445258326,391919320
2019-04-30T00:00:00Z,4.413033736,4.512186322,4.393946863,4.486654531,362921600
2019-05-01T00:00:00Z,4.53895752,4.581097369,4.473268932,4.473516813,354281240
2019-05-02T00:00:00Z,4.48318419,4.582584658,4.440052815,4.540940572,394685400
2019-05-03T00:00:00Z,4.549368542,4.5592838,4.475004102,4.536478705,336823480
2019-05-06T00:00:00Z,4.350319725,4.470294354,4.313137505,4.458148162,422177800
2019-05-07T00:00:00Z,4.409811276,4.409811276,4.24298705,4.291076054,555218320
2019-05-08T00:00:00Z,4.263561212,4.391220167,4.251662901,4.311154453,419166160
2019-05-09T00:00:00Z,4.242243406,4.251910783,4.099959444,4.218694666,660246560
2019-05-10T00:00:00Z,4.187957365,4.253398072,4.065256039,4.184734906,569498040
2019-05-13T00:00:00Z,4.052861966,4.075914942,3.911817412,3.927681826,656912760
2019-05-14T00:00:00Z,3.96734286,4.05187044,3.928673351,4.016671272,524878880
2019-05-15T00:00:00Z,3.961145823,3.992131007,3.901902153,3.955692431,502320040
2019-05-16T00:00:00Z,3.950239039,4.013448813,3.907851308,3.970813201,781088160
2019-05-17T00:00:00Z,3.928921233,4.058067477,3.840675431,3.880088584,1022067920
2019-05-20T00:00:00Z,3.781431761,3.836461446,3.736813097,3.761601243,572065360
2019-05-21T00:00:00Z,3.822332203,3.859514422,3.783662694,3.843650009,361849880
2019-05-22T00:00:00Z,3.8049805,3.831008054,3.761849125,3.772755909,325869600
2019-05-23T00:00:00Z,3.710537661,3.710537661,3.592050321,3.651789754,591844360
2019-05-24T00:00:00Z,3.670628745,3.705827914,3.591306676,3.597999476,357585280
2019-05-28T00:00:00Z,3.61559906,3.648319414,3.550901998,3.552885049,428354080
2019-05-29T00:00:00Z,3.505291808,3.540243094,3.444065086,3.478768491,559801480
2019-05-30T00:00:00Z,3.482025163,3.517761149,3.414027522,3.452245174,394299600
2019-05-31T00:00:00Z,3.40335636,3.4706095,3.35992721,3.361664376,389719680
2019-06-03T00:00:00Z,3.372831871,3.411545856,3.290688736,3.319972392,478643200
2019-06-04T00:00:00Z,3.383999367,3.553993468,3.361912542,3.54878197,641835400
2019-06-05T00:00:00Z,3.622487442,3.627947107,3.469865001,3.50609732,511615400
2019-06-06T00:00:00Z,3.510316152,3.592707454,3.507834486,3.568138963,408138480
2019-06-07T00:00:00Z,3.574094961,3.6450706,3.554986135,3.610823613,348857520
2019-06-10T00:00:00Z,3.666909258,3.752030392,3.666909258,3.683536419,402780880
2019-06-11T00:00:00Z,3.743344562,3.781065881,3.701652578,3.741111063,383870040
2019-06-12T00:00:00Z,3.697681913,3.703886077,3.613057112,3.628195273,358891920
2019-06-13T00:00:00Z,3.650282098,3.697681913,3.632662271,3.679317587,308081080
2019-06-14T00:00:00Z,3.586255123,3.610575447,3.544811305,3.589481288,394426240
2019-06-17T00:00:00Z,3.587744122,3.636136603,3.564912798,3.599159784,276041480
2019-06-18T00:00:00Z,3.660456927,3.849311688,3.649537598,3.793970543,581918000
2019-06-19T00:00:00Z,3.829210196,3.840546445,3.773963354,3.799926541,331643960
2019-06-20T00:00:00Z,3.890507339,3.904404667,3.809853203,3.824246865,350167280
2019-06-21T00:00:00Z,3.80935687,3.858493851,3.759723556,3.766175887,434426880
2019-06-24T00:00:00Z,3.787518212,3.8180427,3.740366563,3.788510878,282948720
2019-06-25T00:00:00Z,3.79347421,3.868420514,3.756497391,3.759227223,311866440
2019-06-26T00:00:00Z,3.886536674,4.013349792,3.873632012,3.952300815,584073000
2019-06-27T00:00:00Z,4.037918283,4.06993177,4.00193413,4.050822944,445441520
2019-06-28T00:00:00Z,4.094748427,4.10393059,4.028984286,4.075639601,397666360
2019-07-01T00:00:00Z,4.282610522,4.316857509,4.086310764,4.123783916,711533080
2019-07-02T00:00:00Z,4.107156756,4.128250914,4.012853459,4.026006287,400227520
2019-07-03T00:00:00Z,4.049333945,4.055041776,3.979102805,4.038910949,246634240
2019-07-05T00:00:00Z,3.980591805,3.985058803,3.913090497,3.976372973,396553880
2019-07-08T00:00:00Z,3.916812996,3.935673655,3.871398513,3.901426668,329786760
2019-07-09T00:00:00Z,3.859238351,3.931951157,3.846581856,3.903908334,342860480
2019-07-10T00:00:00Z,3.947337484,4.029480619,3.933440156,3.972154141,452075960
2019-07-11T00:00:00Z,4.045115113,4.167213066,4.007890127,4.126513748,682558560
2019-07-12T00:00:00Z,4.154308404,4.230495542,4.154308404,4.159519902,506392640
2019-07-15T00:00:00Z,4.180614061,4.196744888,4.12279125,4.151082239,289839720
2019-07-16T00:00:00Z,4.136192245,4.17341723,4.090777762,4.146367074,341443920
2019-07-17T00:00:00Z,4.14810424,4.218583546,4.118820585,4.211634882,348204280
2019-07-18T00:00:00Z,4.222057878,4.286084854,4.1654759,4.223298711,443178960
2019-07-19T00:00:00Z,4.261516363,4.267968694,4.17416173,4.180117728,344895800
2019-07-22T00:00:00Z,4.201460053,4.264494362,4.194015056,4.2515897,315939920
2019-07-23T00:00:00Z,4.290800019,4.361279325,4.275165525,4.359293992,428176560
2019-07-24T00:00:00Z,4.402474976,4.439451795,4.326536005,4.433743964,366237480
2019-07-25T00:00:00Z,4.392300146,4.404956642,4.279384356,4.302712014,392698120
2019-07-26T00:00:00Z,4.32976217,4.39130748,4.32976217,4.344652165,274159880
2019-07-29T00:00:00Z,4.337455334,4.354578828,4.250348868,4.338448,248161960
2019-07-30T00:00:00Z,4.292040852,4.366242656,4.27764719,4.354082494,197770440
2019-07-31T00:00:00Z,4.32256534,4.323558006,4.144878075,4.187066392,359415640
2019-08-01T00:00:00Z,4.197489388,4.28782202,4.040648115,4.092763095,421212560
2019-08-02T00:00:00Z,4.000196964,4.069435437,3.952797149,4.000196964,428349280
2019-08-05T00:00:00Z,3.816801867,3.8180427,3.695200247,3.742103729,589157440
2019-08-06T00:00:00Z,3.816801867,3.86221635,3.733169733,3.780817715,361270680
2019-08-07T00:00:00Z,3.720016905,3.830947362,3.702645245,3.819035367,372561800
2019-08-08T00:00:00Z,3.876610011,3.928724991,3.819283533,3.927484158,309298880
2019-08-09T00:00:00Z,3.886536674,3.890011006,3.775854383,3.826232197,341816720
2019-08-12T00:00:00Z,3.774117217,3.826232197,3.736644065,3.758482723,279200480
2019-08-13T00:00:00Z,3.756993724,3.918550162,3.718031572,3.872639346,360512440
2019-08-14T00:00:00Z,3.784540213,3.795707709,3.68055842,3.724235736,419881320
2019-08-15T00:00:00Z,3.743096396,3.762949721,3.657727095,3.691974082,554462040
2019-08-16T00:00:00Z,3.954534315,4.008882794,3.893237171,3.959745813,1015385120
2019-08-19T00:00:00Z,4.072909769,4.254071366,4.056778942,4.238188706,816322440
2019-08-20T00:00:00Z,4.232729041,4.233225374,4.144878075,4.165972233,463521600
2019-08-21T00:00:00Z,4.231984541,4.30444918,4.21039405,4.249356201,427910920
2019-08-22T00:00:00Z,4.259034698,4.301471181,4.216350047,4.255560366,303756720
2019-08-23T00:00:00Z,4.179125062,4.233473541,4.011364459,4.031217785,569497320
2019-08-26T00:00:00Z,4.109886588,4.133958746,4.067698271,4.105915923,318594160
2019-08-27T00:00:00Z,4.144133575,4.146863407,3.986051469,4.015335125,291549560
2019-08-28T00:00:00Z,3.989013705,4.057575655,3.949764474,4.004912129,255068760
2019-08-29T00:00:00Z,4.096328061,4.180788433,4.092850281,4.148494762,358373040
2019-08-30T00:00:00Z,4.194699554,4.244382126,4.143029679,4.161163817,290908480
2019-09-03T00:00:00Z,4.088378849,4.12141776,4.055339939,4.078193922,296510800
2019-09-04T00:00:00Z,4.13880666,4.199667811,4.13880666,4.192215425,228120360
2019-09-05T00:00:00Z,4.29431311,4.471183067,4.29257422,4.464972745,696485000
2019-09-06T00:00:00Z,4.441621936,4.498508481,4.399888576,4.437895743,376976760
2019-09-09T00:00:00Z,4.468947351,4.570299798,4.467456874,4.483852123,417525320
2019-09-10T00:00:00Z,4.451061625,4.577006945,4.441373523,4.550426769,352812200
2019-09-11T00:00:00Z,4.565083128,4.627186343,4.536018823,4.578994248,361511280
2019-09-12T00:00:00Z,4.625447453,4.680098282,4.569554559,4.577503771,327841000
2019-09-13T00:00:00Z,4.510929124,4.54794264,4.475902911,4.519623574,324591480
2019-09-16T00:00:00Z,4.444602891,4.511177537,4.434169551,4.47664815,231831840
2019-09-17T00:00:00Z,4.483355297,4.502234674,4.436902092,4.498011656,228473120
2019-09-18T00:00:00Z,4.491056095,4.506706106,4.384486979,4.470934654,264037680
2019-09-19T00:00:00Z,4.476896562,4.495279114,4.384735391,4.395417144,256342760
2019-09-20T00:00:00Z,4.394423493,4.418022715,4.279656752,4.289841679,357251800
2019-09-23T00:00:00Z,4.290090092,4.388709997,4.286363899,4.343250444,255825880
2019-09-24T00:00:00Z,4.374550464,4.404111594,4.250344034,4.285867073,321241800
2019-09-25T00:00:00Z,4.285370247,4.447087019,4.240655933,4.427462403,313106880
2019-09-26T00:00:00Z,4.417774302,4.426468752,4.354429023,4.405353659,237825920
2019-09-27T00:00:00Z,4.363620298,4.414296522,4.206126545,4.266739283,365958960
2019-09-30T00:00:00Z,4.29257422,4.334307581,4.2612742,4.324122654,193199080
2019-10-01T00:00:00Z,4.34722505,4.496272766,4.317663919,4.322383764,367566000
2019-10-02T00:00:00Z,4.300523432,4.312447249,4.226247987,4.298536129,295661760
2019-10-03T00:00:00Z,4.30300756,4.510183886,4.272701192,4.503973564,462730600
2019-10-04T00:00:00Z,4.50620928,4.54968153,4.441125111,4.520368813,267960200
2019-10-07T00:00:00Z,4.585204569,4.678607805,4.576510119,4.578994248,488313560
2019-10-08T00:00:00Z,4.487329903,4.487329903,4.384486979,4.402621117,449342640
2019-10-09T00:00:00Z,4.479380691,4.538502952,4.450564799,4.489068793,307883280
2019-10-10T00:00:00Z,4.486833077,4.597625212,4.481616407,4.546700576,327515560
2019-10-11T00:00:00Z,4.630664123,4.703449091,4.611784745,4.620230783,450866720
2019-10-14T00:00:00Z,4.611536333,4.654511757,4.580484725,4.633645077,210335760
2019-10-15T00:00:00Z,4.723818945,4.950619886,4.709907825,4.878083331,667985320
2019-10-16T00:00:00Z,4.84405077,4.948880996,4.812999162,4.824426154,432753120
2019-10-17T00:00:00Z,4.868892056,4.913854783,4.77201104,4.826413456,264316960
2019-10-18T00:00:00Z,4.826910282,4.859452367,4.657741125,4.73201657,301921560
2019-10-21T00:00:00Z,4.793374546,4.882554763,4.774495169,4.869140468,261868440
2019-10-22T00:00:00Z,4.926027013,5.031105653,4.851503155,4.859203954,337369120
2019-10-23T00:00:00Z,4.77722771,4.860446018,4.745430864,4.846286485,285770000
2019-10-24T00:00:00Z,4.88752302,4.923791298,4.853490458,4.890255561,239037320
2019-10-25T00:00:00Z,4.970741328,5.101903318,4.963040529,5.081036638,423091520
2019-10-28T00:00:00Z,5.124757301,5.189344645,5.095444584,5.136929531,324668720
2019-10-29T00:00:00Z,5.123018411,5.129477146,5.021417552,5.040793755,211236800
2019-10-30T00:00:00Z,5.067622343,5.073335839,4.974715934,5.042781057,205961520
2019-10-31T00:00:00Z,5.021914377,5.042781057,4.913854783,4.993595311,209732600
2019-11-01T00:00:00Z,4.958320685,5.064889802,4.933230986,5.03259613,283638240
2019-11-04T00:00:00Z,5.113578723,5.241511345,5.090476327,5.229090702,376716200
2019-11-05T00:00:00Z,5.22884229,5.25492564,5.159038276,5.206981958,300868480
2019-11-06T00:00:00Z,5.182885911,5.208472435,5.070354885,5.157796212,269013400
2019-11-07T00:00:00Z,5.244243887,5.258900246,5.13071921,5.175433525,280339920
2019-11-08T00:00:00Z,5.15854145,5.193070838,5.121031108,5.161522405,189407480
2019-11-11T00:00:00Z,5.160777166,5.194561315,5.074577904,5.171458919,243789440
2019-11-12T00:00:00Z,5.209714499,5.262874851,5.174688286,5.206981958,283838840
2019-11-13T00:00:00Z,5.175681938,5.203255765,5.114820787,5.18114702,302364960
2019-11-14T00:00:00Z,5.190089883,5.213689105,5.130222384,5.211453389,527006840
2019-11-15T00:00:00Z,5.209217674,5.260887549,4.984155623,5.072342188,1054216360
2019-11-18T00:00:00Z,5.064889802,5.299888368,5.061908848,5.273308192,575318520
2019-11-19T00:00:00Z,5.242256584,5.265855806,5.108610465,5.166739075,415380240
2019-11-20T00:00:00Z,5.143885091,5.329697911,5.131216036,5.245982777,473017520
2019-11-21T00:00:00Z,5.241511345,5.297155826,5.199529572,5.221141491,288389200
2019-11-22T00:00:00Z,5.243747061,5.290200266,5.215179582,5.238778804,224098800
2019-11-25T00:00:00Z,5.366711427,5.500109133,5.353793958,5.495140875,507347440
2019-11-26T00:00:00Z,5.477503562,5.482223407,5.384100327,5.390559061,385680920
2019-11-27T00:00:00Z,5.436026446,5.470332553,5.398985794,5.425336862,216428720
2019-11-29T00:00:00Z,5.394511084,5.422850912,5.364182497,5.388047615,141556960
2019-12-02T00:00:00Z,5.381086955,5.394511084,5.18668568,5.201849974,373869680
2019-12-03T00:00:00Z,5.018386878,5.166300892,4.981097631,5.162323372,474146120
2019-12-04T00:00:00Z,5.245851286,5.268224834,5.177487666,5.206076089,273618360
2019-12-05T00:00:00Z,5.227952447,5.243613931,5.158594447,5.18917163,185137760
2019-12-06T00:00:00Z,5.258281035,5.307254246,5.248337235,5.274439708,232418280
2019-12-09T00:00:00Z,5.25156897,5.329130604,5.242868146,5.274439708,215132800
2019-12-10T00:00:00Z,5.304519701,5.371143156,5.251817565,5.3194354,256689120
2019-12-11T00:00:00Z,5.329876389,5.408432403,5.327390439,5.402963314,234009880
2019-12-12T00:00:00Z,5.374126296,5.588415169,5.365176876,5.570267736,406083360
2019-12-13T00:00:00Z,5.573250875,5.692327871,5.514333865,5.568278976,454967320
2019-12-16T00:00:00Z,5.615760617,5.669457133,5.587669384,5.597115994,321307360
2019-12-17T00:00:00Z,5.615760617,5.697796961,5.606314008,5.675174818,323263920
2019-12-18T00:00:00Z,5.709978115,5.765911986,5.701525886,5.705503405,344278760
2019-12-19T00:00:00Z,5.740058108,5.866841548,5.735086208,5.853417419,453106960
2019-12-20T00:00:00Z,5.919792279,5.975974744,5.900650465,5.950618056,603384280
2019-12-23T00:00:00Z,5.979206479,6.011275232,5.926255748,5.936945332,355392600
2019-12-24T00:00:00Z,5.921532444,5.949126486,5.887226336,5.931973433,138863880
2019-12-26T00:00:00Z,5.935453763,5.97423458,5.916560544,5.946143347,183218040
2019-12-27T00:00:00Z,5.961307641,5.974731769,5.862118243,5.888469311,254810040
2019-12-30T00:00:00Z,5.866592953,5.871813447,5.744035627,5.775358595,258247120
2019-12-31T00:00:00Z,5.740058108,5.858886508,5.720916294,5.849439899,231211320
2020-01-02T00:00:00Z,5.935205168,5.964042185,5.884740386,5.964042185,237678760
2020-01-03T00:00:00Z,5.844468,5.912334429,5.819608501,5.868581713,205772320
2020-01-06T00:00:00Z,5.775358595,5.89841311,5.749256122,5.893192616,262912480
2020-01-07T00:00:00Z,5.921532444,6.010280852,5.876536752,5.964539375,319205760
2020-01-08T00:00:00Z,5.960313261,6.016992916,5.920289469,5.975726149,277240680
2020-01-09T00:00:00Z,6.061988608,6.113696364,5.987658709,6.041355224,255442120
2020-01-10T00:00:00Z,6.148499661,6.178828249,6.059502658,6.073672572,316462400
2020-01-13T00:00:00Z,6.156703295,6.28920442,6.134081152,6.264096327,309566720
2020-01-14T00:00:00Z,6.22133799,6.246694679,6.134081152,6.147256686,359579320
2020-01-15T00:00:00Z,6.15993503,6.182308578,6.078893066,6.104746944,263105440
2020-01-16T00:00:00Z,6.158194865,6.194241138,6.134826937,6.188274858,284191640
2020-01-17T00:00:00Z,6.207416672,6.214874521,6.149494041,6.196975682,253790560
2020-01-21T00:00:00Z,6.16043222,6.197224277,6.129606443,6.163663955,212850400
2020-01-22T00:00:00Z,6.208908241,6.304120119,6.190015023,6.217609066,239238680
2020-01-23T00:00:00Z,6.257632858,6.294424915,6.16888445,6.285972686,244514440
2020-01-24T00:00:00Z,6.401320757,6.451039753,6.172613374,6.22680708,373513560
2020-01-27T00:00:00Z,5.922526824,6.022213411,5.77312124,5.97125144,470534160
2020-01-28T00:00:00Z,6.03712911,6.196727087,5.983929784,6.16440974,310976040
2020-01-29T00:00:00Z,6.149991231,6.186037503,6.064225963,6.10400116,259451160
2020-01-30T00:00:00Z,6.006303332,6.124137353,5.951363841,6.110713224,290503600
2020-01-31T00:00:00Z,6.064971748,6.076904307,5.835767175,5.877531132,370419720
2020-02-03T00:00:00Z,5.859383698,5.993873583,5.853168824,5.974483175,255928200
2020-02-04T00:00:00Z,6.116182314,6.162669575,6.066214722,6.143527761,271543560
2020-02-05T00:00:00Z,6.264344922,6.274537316,6.150488421,6.23376774,208220080
2020-02-06T00:00:00Z,6.268073847,6.320527388,6.187031883,6.320527388,218282040
2020-02-07T00:00:00Z,6.280503596,6.302628549,6.229044435,6.254401123,189752120
2020-02-10T00:00:00Z,6.277023266,6.538047996,6.272051367,6.537302211,529607760
2020-02-11T00:00:00Z,6.645441028,6.774213228,6.583540878,6.659610942,638556880
2020-02-12T00:00:00Z,6.712313078,6.781671077,6.673532261,6.775207608,374644720
2020-02-13T00:00:00Z,6.717284977,6.798575536,6.689939529,6.731454891,528015360
2020-02-14T00:00:00Z,7.14113942,7.33280615,7.109816452,7.20403395,1041923720
2020-02-18T00:00:00Z,7.100867033,7.390977375,7.081476624,7.372581347,621881000
2020-02-19T00:00:00Z,7.494890077,7.840934291,7.494890077,7.823284047,694331240
2020-02-20T00:00:00Z,7.775305216,7.863556434,7.367112257,7.674127059,810050360
2020-02-21T00:00:00Z,7.562010722,7.587118815,7.225661713,7.310432602,769293240
2020-02-24T00:00:00Z,6.716787787,7.007146725,6.662345486,6.793603636,856914920
2020-02-25T00:00:00Z,6.868679321,6.930579471,6.412756126,6.514431473,1055497680
2020-02-26T00:00:00Z,6.514680068,6.847548747,6.513188498,6.653644662,749661440
2020-02-27T00:00:00Z,6.340699798,6.641690255,6.191199579,6.283486736,906414920
2020-02-28T00:00:00Z,6.031251757,6.777509089,6.014585344,6.718057255,1134675280
2020-03-02T00:00:00Z,6.887955175,6.905119093,6.492438789,6.87626381,890745560
2020-03-03T00:00:00Z,6.931984357,6.991684944,6.528756645,6.614078734,652793120
2020-03-04T00:00:00Z,6.721291037,7.086708377,6.646665304,7.077255785,597407360
2020-03-05T00:00:00Z,6.878005077,7.044669214,6.753628855,6.798155542,540327480
2020-03-06T00:00:00Z,6.61880503,6.676266845,6.417813055,6.61781002,515412280
2020-03-09T00:00:00Z,5.967571132,6.452638398,5.924785711,6.105379986,614158400
2020-03-10T00:00:00Z,6.381495199,6.494428808,6.11906137,6.494428808,580648720
2020-03-11T00:00:00Z,6.354629935,6.382987713,6.033988034,6.131001488,502067720
2020-03-12T00:00:00Z,5.608372603,5.873542708,5.368077742,5.380764116,816541400
2020-03-13T00:00:00Z,5.733743834,5.995431406,5.462852423,5.990953862,634837720
2020-03-16T00:00:00Z,5.283750663,5.624292759,4.825797414,4.885498,726972120
2020-03-17T00:00:00Z,4.997685353,5.493946478,4.751171681,5.404644351,833631960
2020-03-18T00:00:00Z,4.977536405,5.22230881,4.494459158,5.045197069,869095400
2020-03-19T00:00:00Z,5.023804359,5.391211719,4.810623515,5.2976808,765513880
2020-03-20T00:00:00Z,5.447678524,5.72926629,5.102658884,5.118081536,804634160
2020-03-23T00:00:00Z,5.117086526,5.384992908,4.938233519,5.290715732,643874640
2020-03-24T00:00:00Z,5.696430968,6.28497925,5.672799486,6.1984134,1101643800
2020-03-25T00:00:00Z,6.313337029,6.512836489,6.061102051,6.10985753,793430680
2020-03-26T00:00:00Z,6.316819563,6.522786587,6.2188111,6.39890787,697587680
2020-03-27T00:00:00Z,6.2188111,6.545174307,6.185975778,6.286720517,638829760
2020-03-30T00:00:00Z,6.35214241,6.615820001,6.308113228,6.60661616,602250120
2020-03-31T00:00:00Z,6.646665304,6.850642308,6.411594244,6.557114424,949960560
2020-04-01T00:00:00Z,6.359356231,6.505622668,6.001898969,6.046425657,656913120
2020-04-02T00:00:00Z,6.075529693,6.368062567,6.027520471,6.354878687,675764520
2020-04-03T00:00:00Z,6.317317068,6.358858726,5.930009513,6.067320862,663213840
2020-04-06T00:00:00Z,6.349157381,6.713330959,6.291695566,6.676515597,727882480
2020-04-07T00:00:00Z,6.897905272,6.921536755,6.400400384,6.443434557,784521880
2020-04-08T00:00:00Z,6.552388128,6.665321737,6.482488691,6.640446493,542444520
2020-04-09T00:00:00Z,6.766066477,6.788951702,6.478011147,6.540945515,526247800
2020-04-13T00:00:00Z,6.481244929,6.721291037,6.392937811,6.712584702,398407280
2020-04-14T00:00:00Z,6.84069221,7.097404732,6.813080689,7.063325648,530946680
2020-04-15T00:00:00Z,6.895417748,7.068798201,6.850144803,6.985963638,366148840
2020-04-16T00:00:00Z,7.141185163,7.437698076,7.128001283,7.330734525,745620400
2020-04-17T00:00:00Z,7.412822831,7.434215542,7.137702628,7.271531443,539121960
2020-04-20T00:00:00Z,7.145165202,7.300884232,7.09616097,7.140438905,449388200
2020-04-21T00:00:00Z,7.022530247,7.083723348,6.644426532,6.704127119,735159840
2020-04-22T00:00:00Z,6.896164005,7.160836606,6.850642308,7.118051185,484729120
2020-04-23T00:00:00Z,7.160090348,7.291929144,7.039694165,7.064818162,424159520
2020-04-24T00:00:00Z,7.054619312,7.205612046,6.979993579,7.203622026,352645480
2020-04-27T00:00:00Z,7.337948346,7.549636676,7.313321854,7.389937607,479387960
2020-04-28T00:00:00Z,7.537199053,7.567049347,7.242178655,7.247651209,442904120
2020-04-29T00:00:00Z,7.382226281,7.477000962,7.307103043,7.424265444,379161880
2020-04-30T00:00:00Z,7.370286164,7.424265444,7.256606297,7.270536434,375917720
2020-05-01T00:00:00Z,7.073275745,7.186458107,6.985963638,7.034221612,342097800
2020-05-04T00:00:00Z,6.986958647,7.259591326,6.986958647,7.245909942,317555200
2020-05-05T00:00:00Z,7.349888463,7.469289636,7.245909942,7.30685429,368895640
2020-05-06T00:00:00Z,7.38620632,7.512323809,7.348395948,7.40759903,323465560
2020-05-07T00:00:00Z,7.546651646,7.646898881,7.495408643,7.583715761,373730520
2020-05-08T00:00:00Z,7.655356464,7.779732686,7.621526132,7.773513875,339907120
2020-05-11T00:00:00Z,7.768538826,8.072016808,7.739932295,8.025251349,469060160
2020-05-12T00:00:00Z,8.082961916,8.131717395,7.753862432,7.763563778,493059280
2020-05-13T00:00:00Z,7.877989902,8.038186476,7.556850497,7.741176058,625850080
2020-05-14T00:00:00Z,7.802617911,7.99589856,7.649137653,7.990426006,602312360
2020-05-15T00:00:00Z,7.850378381,8.458080601,7.834706977,8.448379256,987661720
2020-05-18T00:00:00Z,8.716783143,8.872004668,8.637182361,8.706584293,776403440
2020-05-19T00:00:00Z,8.746384684,9.04215134,8.719021915,8.761558583,717321960
2020-05-20T00:00:00Z,8.946132896,8.997873405,8.844393147,8.925237691,587536200
2020-05-21T00:00:00Z,9.006330988,9.007325998,8.693897918,8.731459537,702088000
2020-05-22T00:00:00Z,8.781210026,9.047623894,8.669768931,8.981206991,1038765000
2020-05-26T00:00:00Z,9.111055767,9.135931011,8.628724778,8.674246475,770779040
2020-05-27T00:00:00Z,8.581959318,8.589670644,7.956844427,8.482707093,1175892240
2020-05-28T00:00:00Z,8.370270988,8.716783143,8.337435666,8.444647969,736128160
2020-05-29T00:00:00Z,8.511811129,8.831209267,8.44265795,8.831209267,745919760
2020-06-01T00:00:00Z,8.789170104,8.796632678,8.646137449,8.76230484,390511000
2020-06-02T00:00:00Z,8.752354742,8.793150143,8.614794641,8.781210026,391320560
2020-06-03T00:00:00Z,8.778224997,8.822005427,8.656585052,8.725738231,365438880
2020-06-04T00:00:00Z,8.688407885,8.902681464,8.638136964,8.726733241,424278400
2020-06-05T00:00:00Z,8.754606227,8.956187642,8.66849861,8.879536931,481746040
2020-06-08T00:00:00Z,8.836980855,8.849424152,8.64634954,8.765058596,387737240
2020-06-09T00:00:00Z,8.760081277,9.068426184,8.711552418,9.004965368,468488840
2020-06-10T00:00:00Z,9.126163083,9.456905924,9.111977724,9.324260376,632181480
2020-06-11T00:00:00Z,9.108493601,9.219238947,8.746144784,8.756348288,583650240
2020-06-12T00:00:00Z,9.120936898,9.145574627,8.663770157,8.891980228,570908160
2020-06-15T00:00:00Z,8.7752621,9.140597308,8.70408644,9.132135866,400002160
2020-06-16T00:00:00Z,9.183153385,9.224713997,8.798655499,9.027363303,535715000
2020-06-17T00:00:00Z,9.072408039,9.256817704,9.029105364,9.194103486,408305640
2020-06-18T00:00:00Z,9.185144312,9.240392552,9.073154637,9.176185138,254409520
2020-06-19T00:00:00Z,9.200574001,9.402155417,9.185393178,9.219238947,524160520
2020-06-22T00:00:00Z,9.257813168,9.488014168,9.231184512,9.483534581,398466480
2020-06-23T00:00:00Z,9.507674577,9.598759513,9.364825525,9.407132735,375107400
2020-06-24T00:00:00Z,9.43326366,9.513149628,9.10301855,9.193605754,449370880
2020-06-25T00:00:00Z,9.313310274,9.461883243,9.140597308,9.446951287,376072000
2020-06-26T00:00:00Z,9.456905924,9.456905924,9.083607006,9.11347092,592085760
2020-06-29T00:00:00Z,9.128154011,9.162746377,8.859627656,9.15826679,342248120
2020-06-30T00:00:00Z,9.271749661,9.483036849,9.224465132,9.454666131,367892000
2020-07-01T00:00:00Z,9.477561798,9.532312306,9.370300575,9.486769838,329487200
2020-07-02T00:00:00Z,9.59527539,9.693328573,9.534800965,9.568646734,364075680
2020-07-06T00:00:00Z,9.697559294,9.863801745,9.668441978,9.794617012,316155240
2020-07-07T00:00:00Z,9.901131637,10.02432028,9.806064846,9.826969585,357801560
2020-07-08T00:00:00Z,9.948416167,10.17861717,9.920294315,10.16965799,377493840
2020-07-09T00:00:00Z,10.33316292,10.52205217,10.18707861,10.46132888,494708720
2020-07-10T00:00:00Z,10.54071712,10.60691546,10.33166972,10.43171383,497674760
2020-07-13T00:00:00Z,10.54693877,10.743294,9.97952441,10.0066508,457077280
2020-07-14T00:00:00Z,10.0292976,10.35556085,9.741110834,10.32992766,542694240
2020-07-15T00:00:00Z,10.36700869,10.38567363,10.01013492,10.18085696,403984920
2020-07-16T00:00:00Z,9.969569772,10.16044995,9.85061185,10.08877656,344964720
2020-07-17T00:00:00Z,10.1791149,10.20201056,10.04198976,10.15522377,266284920
2020-07-20T00:00:00Z,10.22764376,10.48347795,10.11067676,10.46307094,281599320
2020-07-21T00:00:00Z,10.46531074,10.51209753,10.24008705,10.28164767,274668720
2020-07-22T00:00:00Z,10.32047075,10.55440474,10.24487275,10.39139755,367290840
2020-07-23T00:00:00Z,10.40259652,10.4991565,9.985746058,10.08379924,411661280
2020-07-24T00:00:00Z,9.830204843,10.31773323,9.732649392,10.14825552,473292000
2020-07-27T00:00:00Z,10.18583428,10.39438394,10.17140005,10.3742258,292130200
2020-07-28T00:00:00Z,10.32719014,10.33490498,10.16293861,10.16916026,271636040
2020-07-29T00:00:00Z,10.34366506,10.46854599,10.30006375,10.41802621,284507680
2020-07-30T00:00:00Z,10.32793673,10.57485655,10.2485485,10.56585258,308880160
2020-07-31T00:00:00Z,10.51533279,10.7176608,10.38567363,10.56659917,386286000
2020-08-03T00:00:00Z,10.68381504,11.04840365,10.66664328,10.9603051,413018240
2020-08-04T00:00:00Z,10.99987479,11.17681847,10.85653049,11.17681847,310335600
2020-08-05T00:00:00Z,11.19299476,11.32009558,11.11559745,11.23555084,250499720
2020-08-06T00:00:00Z,11.29826505,11.30647763,11.12804075,11.2840797,244315680
2020-08-07T00:00:00Z,11.26118403,11.45256194,10.98743149,11.14869662,342515960
2020-08-10T00:00:00Z,11.28283537,11.35649969,10.80725254,11.11435312,427795920
2020-08-11T00:00:00Z,11.02351705,11.08623127,10.74677812,10.80078203,354510520
2020-08-12T00:00:00Z,10.94089356,11.41498318,10.90854098,11.38835453,464942920
2020-08-13T00:00:00Z,11.49362482,11.66857758,11.30423784,11.39109205,374459560
2020-08-14T00:00:00Z,11.4776974,11.6516547,11.38860339,11.51154317,366436160
2020-08-17T00:00:00Z,11.79749014,12.35345666,11.76358464,12.28103667,616714320
2020-08-18T00:00:00Z,12.39352408,12.43931541,12.03142413,12.20513256,503446200
2020-08-19T00:00:00Z,12.24072039,12.25913647,12.04312083,12.08343711,622622320
2020-08-20T00:00:00Z,11.92067878,12.3188643,11.82486539,12.08592577,921386240
2020-08-21T00:00:00Z,12.1464002,12.75059694,12.13984009,12.62596487,999869520
2020-08-24T00:00:00Z,12.8253065,12.85392608,12.45076325,12.66254817,490564200
2020-08-25T00:00:00Z,12.57345416,12.70336218,12.51671272,12.69216321,289076800
2020-08-26T00:00:00Z,12.74117487,12.81011572,12.62024096,12.71505888,321242920
2020-08-27T00:00:00Z,12.72352032,12.79170959,12.50942842,12.5709655,317602920
2020-08-28T00:00:00Z,12.61741633,13.0883578,12.58515086,13.08810893,537158520
2020-08-31T00:00:00Z,13.12298501,13.51342083,12.97860792,13.31383035,500841200
2020-09-01T00:00:00Z,13.42273539,13.93430292,13.37942018,13.76228678,512473960
2020-09-02T00:00:00Z,14.64128675,14.66418656,13.84095118,14.28555439,874012880
2020-09-03T00:00:00Z,13.76988935,13.82551702,12.82403957,12.96020864,945126040
2020-09-04T00:00:00Z,12.72944314,13.11903106,11.65502686,12.56887815,1463682840
2020-09-08T00:00:00Z,11.68465047,12.49668614,11.65452898,11.86239219,795729480
2020-09-09T00:00:00Z,12.34732335,12.75483481,12.1797881,12.6609852,736198280
2020-09-10T00:00:00Z,12.93407015,13.00974729,12.11531316,12.25944825,698684440
2020-09-11T00:00:00Z,12.43246014,12.5987507,11.84521547,12.11282378,636926880
2020-09-14T00:00:00Z,13.02543039,13.25843633,12.57748393,12.81756718,1201744960
2020-09-15T00:00:00Z,13.22358501,13.24225536,12.77325622,12.93581272,727556560
2020-09-16T00:00:00Z,12.90220609,13.03713047,12.46059013,12.46133694,557599400
2020-09-17T00:00:00Z,12.08069585,12.53626727,11.98362498,12.4105536,792511760
2020-09-18T00:00:00Z,12.54025028,12.57883567,11.93782039,12.13746864,698461920
2020-09-21T00:00:00Z,11.87434121,12.46930296,11.8539283,12.46407526,721042440
2020-09-22T00:00:00Z,12.52157993,12.59426733,12.10391181,12.58406336,646452080
2020-09-23T00:00:00Z,12.52207781,12.67293422,12.02793594,12.0722469,647012320
2020-09-24T00:00:00Z,12.02096567,12.5161033,11.96296313,12.29554426,731240320
2020-09-25T00:00:00Z,12.39462157,12.82876939,12.19372863,12.81906081,588016280
2020-09-28T00:00:00Z,12.9848535,12.99630464,12.69583651,12.9796258,573809120
2020-09-29T00:00:00Z,12.88253999,13.38564363,12.87830805,13.16956547,623004960
2020-09-30T00:00:00Z,13.1016054,13.56463003,13.0943862,13.47302086,689184120
2020-10-01T00:00:00Z,13.69955441,13.70427179,13.40356965,13.55666402,525002360
2020-10-02T00:00:00Z,13.16881866,13.46206759,12.99555783,13.00676004,552495880
2020-10-05T00:00:00Z,13.17977193,13.58628763,13.16659315,13.58454507,479818280
2020-10-06T00:00:00Z,13.77124855,14.08192313,13.60694949,13.67814575,784419840
2020-10-07T00:00:00Z,13.94027743,14.05926978,13.80460623,13.9046793,418085160
2020-10-08T00:00:00Z,14.01520776,14.0246674,13.69955441,13.77996138,378900880
2020-10-09T00:00:00Z,13.70851618,13.76552297,13.60271754,13.70428423,346890920
2020-10-12T00:00:00Z,13.93007097,14.28605227,13.85339808,14.16556629,434743800
2020-10-13T00:00:00Z,14.2357668,14.28754341,13.95907225,14.18772177,344603120
2020-10-14T00:00:00Z,14.22979229,14.28182032,13.90069629,14.03537173,276647120
2020-10-15T00:00:00Z,13.75201062,13.94625194,13.70926299,13.91065381,267225120
2020-10-16T00:00:00Z,13.97712025,14.06151022,13.73390785,13.75282714,242639600
2020-10-19T00:00:00Z,13.84381397,13.92409397,13.34979656,13.44040998,298068560
2020-10-20T00:00:00Z,13.52579571,13.74112705,13.44962318,13.58753232,229212040
2020-10-21T00:00:00Z,13.56711941,13.7329121,13.4202485,13.46729528,219597320
2020-10-22T00:00:00Z,13.46505484,13.5539257,13.17553998,13.30424091,290479440
2020-10-23T00:00:00Z,13.39286283,13.53550429,13.23478722,13.53251703,233484280
2020-10-26T00:00:00Z,13.36996054,13.63462392,12.98311093,13.08542444,336894320
2020-10-27T00:00:00Z,13.24947456,13.38489682,13.13546097,13.33983904,250519680
2020-10-28T00:00:00Z,13.14193336,13.20366997,12.5554355,12.57335903,376518080
2020-10-29T00:00:00Z,12.78396055,13.13670566,12.69583651,12.96867253,320081840
2020-10-30T00:00:00Z,12.7954117,12.88141977,12.24774817,12.48075411,417396000
2020-11-02T00:00:00Z,12.6039784,12.78212588,12.34234459,12.52730551,299652640
2020-11-03T00:00:00Z,12.65451281,13.04932843,12.54921205,12.96419165,272901080
2020-11-04T00:00:00Z,13.3323709,13.76875917,13.2802184,13.73565042,410229280
2020-11-05T00:00:00Z,14.10233605,14.27808626,13.9315646,14.09984667,319028320
2020-11-06T00:00:00Z,14.04981014,14.52677529,13.83597242,14.50013893,383349280
2020-11-09T00:00:00Z,14.49067928,14.62908879,13.55292995,13.57284498,582977880
2020-11-10T00:00:00Z,13.548698,13.548698,12.57460372,12.71575155,644067200
2020-11-11T00:00:00Z,12.99829615,13.37780208,12.89324432,13.36099877,404743440
2020-11-12T00:00:00Z,13.42166246,13.70752043,13.25943208,13.39958416,366635000
2020-11-13T00:00:00Z,13.56938724,13.61068107,13.00377278,13.24051279,346762320
2020-11-16T00:00:00Z,13.11654168,13.59151533,13.10011427,13.45783564,413774800
2020-11-17T00:00:00Z,13.4949274,13.53849154,13.2473561,13.36523072,312027960
2020-11-18T00:00:00Z,13.40804805,13.54795119,13.12898858,13.3717031,510925320
2020-11-19T00:00:00Z,13.1566207,13.43020353,13.04434967,13.38315425,565934200
2020-11-20T00:00:00Z,13.39684584,13.4371713,13.00949836,13.03215171,341089800
2020-11-23T00:00:00Z,13.1151775,13.32564958,12.96020864,13.08417975,361354200
2020-11-24T00:00:00Z,13.08666913,13.10608629,12.83026302,12.90270397,342755320
2020-11-25T00:00:00Z,12.97713642,13.21302008,12.96468952,13.17852724,259916400
2020-11-27T00:00:00Z,13.31818144,13.35054338,13.11459499,13.20491466,167275200
2020-11-30T00:00:00Z,13.20864873,13.35552214,12.91724443,13.34456886,286952000
2020-12-01T00:00:00Z,13.43493335,13.47127829,13.17205485,13.33311772,296495160
2020-12-02T00:00:00Z,13.29378552,13.61535612,13.17802936,13.48696138,283361200
2020-12-03T00:00:00Z,13.53381866,13.60603223,13.27633994,13.34307524,199520640
2020-12-04T00:00:00Z,13.39536782,13.50642482,13.33579412,13.50468422,202243400
2020-12-07T00:00:00Z,13.54751434,13.67700073,13.44666435,13.55299261,223243240
2020-12-08T00:00:00Z,13.53132854,13.54502421,13.2290276,13.29725697,271920880
2020-12-09T00:00:00Z,13.24795254,13.36100412,12.81739781,12.87966334,401301200
2020-12-10T00:00:00Z,12.8181573,13.01711564,12.79860984,12.92099938,207764720
2020-12-11T00:00:00Z,12.91601914,12.96856073,12.77233904,12.9618374,209265640
2020-12-14T00:00:00Z,13.03616757,13.33585388,13.02583356,13.25616994,270157880
2020-12-15T00:00:00Z,13.38665239,13.41080658,13.13465194,13.30771549,193485920
2020-12-16T00:00:00Z,13.36946805,13.38416227,13.16030021,13.19018168,223114680
2020-12-17T00:00:00Z,13.3139408,13.32664042,13.12643453,13.28854154,231383880
2020-12-18T00:00:00Z,13.3261424,13.35203968,13.01886122,13.21956513,342064640
2020-12-21T00:00:00Z,13.02309443,13.31717796,12.91626815,13.2795771,302332160
2020-12-22T00:00:00Z,13.26662846,13.28455486,13.00230688,13.22579044,186314880
2020-12-23T00:00:00Z,13.20362835,13.22255328,12.95362,12.9578532,179142760
2020-12-24T00:00:00Z,12.98574258,13.08061627,12.88763173,12.94241444,97883520
2020-12-28T00:00:00Z,13.01089282,13.01089282,12.71275039,12.84903483,211466200
2020-12-29T00:00:00Z,12.87393606,13.02085332,12.79151299,12.89211396,170372160
2020-12-30T00:00:00Z,12.93898803,13.16154527,12.84579767,13.09381392,225397160
2020-12-31T00:00:00Z,13.08460047,13.09916769,12.86397557,13.00342246,192424400
2021-01-04T00:00:00Z,13.05247788,13.59855937,12.9112879,13.06169133,560641800
2021-01-05T00:00:00Z,13.04799566,13.39038757,13.03529603,13.35179067,322759920
2021-01-06T00:00:00Z,13.1702607,13.19267181,12.53627538,12.56466278,580423000
2021-01-07T00:00:00Z,12.91626815,13.32489734,12.83559065,13.29128068,461481480
2021-01-08T00:00:00Z,13.30970759,13.36797398,12.99047382,13.22429637,292528600
2021-01-11T00:00:00Z,13.36573536,13.90584304,13.30970759,13.56768433,519028800
2021-01-12T00:00:00Z,13.69816678,13.70015888,13.29227673,13.4314746,287122960
2021-01-13T00:00:00Z,13.436669,13.57116802,13.33212119,13.47828892,210028440
2021-01-14T00:00:00Z,13.52136805,13.54602026,13.12842663,13.1480986,283120280
2021-01-15T00:00:00Z,13.17573897,13.27260475,12.79773829,12.80869483,277781280
2021-01-19T00:00:00Z,12.96482555,13.04225094,12.79325607,12.97378999,226186880
2021-01-20T00:00:00Z,13.05994825,13.37743893,13.00516554,13.31294475,258570880
2021-01-21T00:00:00Z,13.36559093,13.944049,13.20064269,13.81271244,338339600
2021-01-22T00:00:00Z,13.68580332,13.78704674,13.57341162,13.65832481,246818560
2021-01-25T00:00:00Z,13.72730122,13.77386652,13.18418547,13.5993089,251111160
2021-01-26T00:00:00Z,13.52678655,13.59084248,13.33460882,13.38217017,163980400
2021-01-27T00:00:00Z,13.17773107,13.1804702,12.7432046,12.8667147,371272840
2021-01-28T00:00:00Z,12.94490456,13.28704747,12.90929581,12.99943826,228315960
2021-01-29T00:00:00Z,13.02334344,13.28206722,12.86049437,12.93843024,271552040
2021-02-01T00:00:00Z,13.00176652,13.21832007,12.85177396,13.18470341,217204320
2021-02-02T00:00:00Z,13.34581437,13.5183799,13.23300931,13.50319015,218064120
2021-02-03T00:00:00Z,13.58212705,13.8767086,13.46309917,13.47704386,245409280
2021-02-04T00:00:00Z,13.47754188,13.61947889,13.28516743,13.61026544,201338480
2021-02-05T00:00:00Z,13.67077543,13.68297703,13.49223361,13.53730483,169153640
2021-02-08T00:00:00Z,13.67298168,14.41656727,13.67298168,14.38170555,434622840
2021-02-09T00:00:00Z,14.28396822,14.52563466,14.16630991,14.20689892,285123120
2021-02-10T00:00:00Z,14.40610876,14.8461135,14.28471526,14.70591957,481910480
2021-02-11T00:00:00Z,14.9210662,15.21191257,14.86603448,15.19049751,450827720
2021-02-12T00:00:00Z,14.99054063,15.23072545,14.7166271,14.90214126,374757480
2021-02-16T00:00:00Z,15.00473433,15.3117665,14.89093571,15.26968342,321959520
2021-02-17T00:00:00Z,15.11106259,15.1633726,14.72160735,14.84710955,271454720
2021-02-18T00:00:00Z,14.67080884,14.81448893,14.51741726,14.77041376,234080800
2021-02-19T00:00:00Z,14.96514138,15.11703639,14.78804383,14.86752855,271724120
2021-02-22T00:00:00Z,14.71637809,15.07346173,14.26840495,14.29903347,321672560
2021-02-23T00:00:00Z,14.01964166,14.18249571,13.33660092,14.08612795,391779320
2021-02-24T00:00:00Z,14.066954,14.4494369,13.70165295,14.44171752,448319080
2021-02-25T00:00:00Z,13.98992703,14.3179584,13.16403539,13.25492488,812196240
2021-02-26T00:00:00Z,13.69816678,13.7997638,13.30821351,13.66031691,498759000
2021-03-01T00:00:00Z,13.82018281,13.86998527,13.49970149,13.78706417,353183000
2021-03-02T00:00:00Z,13.84508404,13.86550305,13.34307524,13.35328474,264114120
2021-03-03T00:00:00Z,13.37320573,13.39835597,12.74818485,12.75416114,377590280
2021-03-04T00:00:00Z,12.75017694,12.92373852,12.03600966,12.32137776,573345160
2021-03-05T00:00:00Z,12.5004176,12.5004176,11.63310775,12.41226725,542838840
2021-03-08T00:00:00Z,12.40081268,12.42197873,11.5208032,11.54744752,543111680
2021-03-09T00:00:00Z,12.08618604,12.57091879,12.01544395,12.47476934,521825520
2021-03-10T00:00:00Z,12.79385601,12.93284926,12.41224728,12.42295823,384376560
2021-03-11T00:00:00Z,12.90295824,12.99885861,12.68824106,12.94630022,299914280
2021-03-12T00:00:00Z,12.60230437,12.84193074,12.54426596,12.8092997,243963960
2021-03-15T00:00:00Z,12.81801792,13.15877558,12.72074755,13.14333188,222520440
2021-03-16T00:00:00Z,13.3079816,13.46341492,13.06910251,13.24296863,272129600
2021-03-17T00:00:00Z,12.99238222,13.40438015,12.94231475,13.292787,243864200
2021-03-18T00:00:00Z,13.08878077,13.13610822,12.67084697,12.67628465,294188080
2021-03-19T00:00:00Z,12.70368475,12.87456177,12.56668423,12.79908694,299206960
2021-03-22T00:00:00Z,12.86584355,13.34584356,12.85986535,13.13835005,297803080
2021-03-23T00:00:00Z,13.20610303,13.29602519,12.97394942,13.02326961,222046080
2021-03-24T00:00:00Z,13.10347719,13.11132358,12.59084614,12.59707344,245838520
2021-03-25T00:00:00Z,12.45409471,12.6685628,12.22742112,12.48971485,295144560
2021-03-26T00:00:00Z,12.50889492,12.80954879,12.32855242,12.79261055,363968960
2021-03-29T00:00:00Z,12.77367957,13.01504958,12.65386638,12.9012146,273519880
2021-03-30T00:00:00Z,12.79530074,12.92811652,12.65884822,12.82499249,200202480
2021-03-31T00:00:00Z,12.96822031,13.42156749,12.93534018,13.29976157,314777520
2021-04-01T00:00:00Z,13.52294787,13.81961628,13.46216946,13.76157787,308274600
2021-04-05T00:00:00Z,13.81712536,13.96305582,13.68311394,13.93668945,255671400
2021-04-06T00:00:00Z,13.94882272,14.00307243,13.72358888,13.81114715,191745960
2021-04-07T00:00:00Z,13.83032723,14.19175702,13.66169204,14.09212277,251284360
2021-04-08T00:00:00Z,14.20097591,14.41893129,14.19718224,14.26499252,244414920
2021-04-09T00:00:00Z,14.16236667,14.35566196,14.12350834,14.34769102,195170880
2021-04-12T00:00:00Z,14.23784151,15.29673099,14.08788821,15.15375227,869322000
2021-04-13T00:00:00Z,15.17617054,15.64296868,15.07080468,15.62254315,676211880
2021-04-14T00:00:00Z,15.56824112,15.66335436,15.17218507,15.22150525,385501920
2021-04-15T00:00:00Z,15.6056049,16.15525099,15.57471751,16.07863034,598480680
2021-04-16T00:00:00Z,15.99477356,16.10702681,15.8076184,15.85469676,335207560
2021-04-19T00:00:00Z,15.48010246,15.75007818,15.17766758,15.30594739,404418080
2021-04-20T00:00:00Z,15.26758725,15.44070609,14.90864588,15.1161394,334133040
2021-04-21T00:00:00Z,15.06383011,15.30669467,15.04739005,15.30470193,216777040
2021-04-22T00:00:00Z,15.31914926,15.38248585,14.72979793,14.79630545,277786280
2021-04-23T00:00:00Z,14.88011241,15.27917002,14.84612382,15.20979794,227772200
2021-04-26T00:00:00Z,15.12988429,15.42277148,15.0700574,15.42177511,197797080
2021-04-27T00:00:00Z,15.52191003,15.61357584,15.29872373,15.32587474,164573000
2021-04-28T00:00:00Z,15.3086874,15.47582804,15.16024609,15.22125616,209416200
2021-04-29T00:00:00Z,15.34405845,15.38042586,15.01675175,15.2690818,173196480
2021-04-30T00:00:00Z,15.11937759,15.3091831,14.94252237,14.95497697,201910080
2021-05-03T00:00:00Z,15.0700574,15.19136514,14.7337834,14.78285449,203911840
2021-05-04T00:00:00Z,14.58407919,14.58432828,13.9593593,14.2991181,405324800
2021-05-05T00:00:00Z,14.65556855,14.75968895,14.33523642,14.40597851,292023040
2021-05-06T00:00:00Z,14.44259501,14.51831894,14.16644182,14.47024421,193380920
2021-05-07T00:00:00Z,14.75445802,14.91636773,14.61841152,14.75844349,229327320
2021-05-10T00:00:00Z,14.7335343,14.75221619,14.1982359,14.21392869,268903800
2021-05-11T00:00:00Z,13.77477974,14.30260539,13.70005219,14.25428157,285585360
2021-05-12T00:00:00Z,13.95860953,14.20844867,13.65945021,13.70852131,303409320
2021-05-13T00:00:00Z,13.98277144,14.02960071,13.41010926,13.61561005,285727480
2021-05-14T00:00:00Z,13.83954363,14.27605718,13.69855763,14.19126133,258615000
2021-05-17T00:00:00Z,14.10557373,14.11777923,13.80317621,14.11404285,216980840
2021-05-18T00:00:00Z,14.21517415,14.35192558,13.95312951,13.96483683,186254240
2021-05-19T00:00:00Z,13.51721876,14.02835525,13.49405322,14.0146552,343999360
2021-05-20T00:00:00Z,14.25054519,14.63044515,14.21866143,14.5594191,321591920
2021-05-21T00:00:00Z,15.10866664,15.16670505,14.81537593,14.93729144,672992000
2021-05-24T00:00:00Z,15.15723955,15.68780521,15.12087214,15.55528834,554816200
2021-05-25T00:00:00Z,15.70872893,15.76103573,15.42625876,15.59090848,435406880
2021-05-26T00:00:00Z,15.67709426,15.73637812,15.52963188,15.64296868,370438640
2021-05-27T00:00:00Z,15.64271959,15.69278705,15.40384049,15.43173878,581475200
2021-05-28T00:00:00Z,15.44469156,16.21834596,15.44469156,16.18549074,644535600
2021-06-01T00:00:00Z,16.21089811,16.32859402,15.84548036,16.20541809,472803000
2021-06-02T00:00:00Z,16.19321259,16.85740856,16.17652344,16.71730186,594167560
2021-06-03T00:00:00Z,16.64008338,17.1963055,16.52276112,16.90810622,580006800
2021-06-04T00:00:00Z,17.05033767,17.59684521,17.03339943,17.51439581,617120280
2021-06-07T00:00:00Z,17.50731163,17.74779488,17.13029616,17.55499778,575754920
2021-06-08T00:00:00Z,17.46358107,17.55757588,17.18833456,17.39358625,323846760
2021-06-09T00:00:00Z,17.45614447,17.51519285,17.19702924,17.29918044,381657480
2021-06-10T00:00:00Z,17.29095852,17.43247529,17.11755312,17.36570329,287770440
2021-06-11T00:00:00Z,17.42001783,17.8781784,17.38438949,17.76459126,416307640
2021-06-14T00:00:00Z,17.84506647,17.97811217,17.60264673,17.95743278,321374280
2021-06-15T00:00:00Z,17.85403584,17.95494129,17.66762236,17.72796631,243030440
2021-06-16T00:00:00Z,17.73020866,17.89357832,17.52458577,17.7496423,303788440
2021-06-17T00:00:00Z,17.71408123,18.77090511,17.69582855,18.59375999,809654880
2021-06-18T00:00:00Z,18.72007866,19.30906751,18.52075925,18.57532294,968854280
2021-06-21T00:00:00Z,18.37251544,18.47342089,17.7620001,18.36454267,672382160
2021-06-22T00:00:00Z,18.40864209,18.89921698,18.32330847,18.82247901,580145560
2021-06-23T00:00:00Z,18.94306725,19.08757382,18.84340754,18.9923988,332357040
2021-06-24T00:00:00Z,19.16231859,19.35391437,19.02329331,19.14014431,320922400
2021-06-25T00:00:00Z,19.21488909,19.27966789,18.83007806,18.96623813,278365920
2021-06-28T00:00:00Z,19.2953643,20.01042267,19.25325807,19.9169917,495436560
2021-06-29T00:00:00Z,19.8148405,20.03035461,19.58998329,19.95859962,367633840
2021-06-30T00:00:00Z,19.93106863,20.09388767,19.79615431,19.93443214,326566160
2021-07-01T00:00:00Z,20.05651528,20.3863889,19.950876,20.14321922,480134960
2021-07-02T00:00:00Z,20.37056792,20.4354713,20.21871145,20.41728341,343396680
2021-07-06T00:00:00Z,20.66693096,20.77107535,20.28099876,20.62806368,446707480
2021-07-07T00:00:00Z,20.78253622,20.80396306,20.2628607,20.3024256,418427280
2021-07-08T00:00:00Z,19.78892898,20.06448806,19.63370899,19.83502159,503299680
2021-07-09T00:00:00Z,19.89456826,20.01179299,19.68702693,19.98201965,296622680
2021-07-12T00:00:00Z,20.17112394,20.46287772,20.11905174,20.44269663,321984760
2021-07-13T00:00:00Z,20.33107776,20.39162103,20.0455552,20.18108991,290706320
2021-07-14T00:00:00Z,20.28847324,20.34826906,19.68553204,19.77398002,380099200
2021-07-15T00:00:00Z,19.74433126,19.77946131,18.79432763,18.90170847,550564520
2021-07-16T00:00:00Z,18.96573983,19.09191898,18.01149817,18.09919871,688222640
2021-07-19T00:00:00Z,17.85428499,18.97720069,17.80470429,18.71584312,749058760
2021-07-20T00:00:00Z,18.66626242,18.7738949,18.1021885,18.54866397,433661880
2021-07-21T00:00:00Z,18.81774517,19.46055026,18.67822158,19.3439484,371017360
2021-07-22T00:00:00Z,19.57515891,19.81932519,19.2104044,19.52732226,323825950
2021-07-23T00:00:00Z,19.58946008,19.63296154,19.18449288,19.49144476,195671980
2021-07-26T00:00:00Z,19.2452853,19.37583951,18.84963627,19.22834315,203943160
2021-07-27T00:00:00Z,19.19944183,19.55522697,18.67722499,19.1426358,248862580
2021-07-28T00:00:00Z,19.25345739,19.5791453,18.93036063,19.43663193,202191150
2021-07-29T00:00:00Z,19.45257748,19.78544089,19.26225734,19.59509085,183733990
2021-07-30T00:00:00Z,19.35192118,19.56319975,19.19744864,19.43264554,183497460
2021-08-02T00:00:00Z,19.63296154,19.89307337,19.29511515,19.68279139,217443970
2021-08-03T00:00:00Z,19.67282542,20.15318519,19.15459497,19.7475702,301810740
2021-08-04T00:00:00Z,19.92197468,20.24885851,19.76052596,20.20500824,231309400
2021-08-05T00:00:00Z,20.43023917,20.66244628,20.27277684,20.56677296,211435370
2021-08-06T00:00:00Z,20.4541575,20.50000096,20.14122603,20.29669517,178496610
2021-08-09T00:00:00Z,20.37642293,20.43820198,20.07445403,20.22593678,146443100
2021-08-10T00:00:00Z,20.2528449,20.36047738,19.76704371,19.86815844,179237780
2021-08-11T00:00:00Z,19.97479432,19.98077391,19.36388034,19.63196494,185924840
2021-08-12T00:00:00Z,19.80238304,19.960832,19.55323378,19.83726393,151861550
2021-08-13T00:00:00Z,19.83726393,20.14502306,19.78344769,20.11930089,180598980
2021-08-16T00:00:00Z,20.06648125,20.217964,19.38680207,19.8821108,211152800
2021-08-17T00:00:00Z,19.61801259,19.70272333,19.20143503,19.39178506,204584850
2021-08-18T00:00:00Z,19.43364214,19.56683733,18.93534362,18.9752075,285913480
2021-08-19T00:00:00Z,19.42766255,20.42525618,18.69815353,19.73062805,766554770
2021-08-20T00:00:00Z,19.92297128,20.79405688,19.86516865,20.74516383,675741310
2021-08-23T00:00:00Z,20.89963637,21.92214493,20.87870783,21.88327764,575806580
2021-08-24T00:00:00Z,21.67897525,21.88427424,21.4617171,21.71883913,297298920
2021-08-25T00:00:00Z,21.6630297,22.39353532,21.64808074,22.13740988,347701040
2021-08-26T00:00:00Z,22.12445412,22.26397771,21.71584934,21.99290332,237940420
2021-08-27T00:00:00Z,22.10850857,22.64467777,22.09156642,22.55897043,304722190
2021-08-30T00:00:00Z,22.75228036,22.96458542,22.47425968,22.61079348,262579900
2021-08-31T00:00:00Z,22.62181125,22.62181125,22.04866556,22.31281096,259849680
2021-09-01T00:00:00Z,22.41248847,22.6238048,22.28440287,22.36863037,201766950
2021-09-02T00:00:00Z,22.44538205,22.52013022,22.22260281,22.32377549,188109570
2021-09-03T00:00:00Z,22.25300446,22.91187281,22.12840757,22.76933397,280831980
2021-09-07T00:00:00Z,22.75936621,22.82515337,22.44976786,22.58891767,198107160
2021-09-08T00:00:00Z,22.44039818,22.53708536,21.90612672,22.26695931,254434210
2021-09-09T00:00:00Z,22.24004638,22.46531756,22.05963008,22.10548174,196856010
2021-09-10T00:00:00Z,22.27623928,22.55303377,22.19818182,22.40551105,248375740
2021-09-13T00:00:00Z,22.61084672,22.88994375,21.78751048,22.08056236,297499900
2021-09-14T00:00:00Z,22.2031657,22.33773034,22.0147752,22.17027212,199754600
2021-09-15T00:00:00Z,22.23705605,22.29485904,21.89516219,22.26895286,166538010
2021-09-16T00:00:00Z,22.11191094,22.20515925,21.85628796,22.17027212,156033440
2021-09-17T00:00:00Z,22.22808508,22.24901736,21.75960077,21.82937503,294502840
2021-09-20T00:00:00Z,21.07780659,21.36388105,20.59536744,21.04491302,349440450
2021-09-21T00:00:00Z,21.34743426,21.35590685,20.88243867,21.17748411,204688100
2021-09-22T00:00:00Z,21.29659873,21.88918154,21.12764535,21.87024281,268725560
2021-09-23T00:00:00Z,22.06860106,22.46182884,21.81940728,22.40949815,248554910
2021-09-24T00:00:00Z,21.9988268,22.07757204,21.7905008,22.00979133,217655450
2021-09-27T00:00:00Z,21.64033663,21.72870074,21.25622934,21.590149,245215140
2021-09-28T00:00:00Z,21.14508891,21.3499262,20.58440291,20.63224812,343068950
2021-09-29T00:00:00Z,20.87197253,20.9492226,20.40099629,20.45083505,218393630
2021-09-30T00:00:00Z,20.70142431,20.99806459,20.62128359,20.64919329,221009120
2021-10-01T00:00:00Z,20.68308365,20.79173214,20.13784766,20.67510945,240977960
2021-10-04T00:00:00Z,20.43787697,20.4755451,19.49193739,19.66836658,345634970
2021-10-05T00:00:00Z,19.88566356,20.58141259,19.78997314,20.38504789,279281650
2021-10-06T00:00:00Z,20.05511533,20.6531804,20.01524432,20.63324489,297201750
2021-10-07T00:00:00Z,21.02398074,21.25323901,20.90436772,21.00703556,256918930
2021-10-08T00:00:00Z,21.03295171,21.1376131,20.70800303,20.76382243,151257910
2021-10-11T00:00:00Z,20.508648,20.99507426,20.4448544,20.62826102,163387540
2021-10-12T00:00:00Z,20.76033372,20.98909361,20.46179957,20.60433841,162133540
2021-10-13T00:00:00Z,20.85054187,20.92230968,20.64620297,20.87147415,180651880
2021-10-14T00:00:00Z,21.21934866,21.68484264,21.05389396,21.67587166,243588810
2021-10-15T00:00:00Z,21.73966527,21.86027506,21.59214255,21.79149758,226994010
2021-10-18T00:00:00Z,21.67886199,22.2191141,21.5742006,22.15033662,189493560
2021-10-19T00:00:00Z,22.20416247,22.30683031,21.96593322,22.21811733,161473290
2021-10-20T00:00:00Z,22.23257057,22.36065617,21.91111059,22.03172038,146275940
2021-10-21T00:00:00Z,22.02573973,22.63775965,22.01178488,22.61882092,187590320
2021-10-22T00:00:00Z,22.74939846,23.05540842,22.48824338,22.65271128,249383790
2021-10-25T00:00:00Z,22.89891473,23.27967286,22.69656938,23.09129233,230234830
2021-10-26T00:00:00Z,23.91163825,25.17754264,23.84684787,24.63729053,485898300
2021-10-27T00:00:00Z,24.39507418,25.00908765,24.20370332,24.37214835,245989890
2021-10-28T00:00:00Z,24.79777133,24.86953913,24.44391616,24.86056816,234204310
2021-10-29T00:00:00Z,24.91987628,25.62609145,24.91937789,25.48454938,292502840
2021-11-01T00:00:00Z,25.56628494,25.81049484,25.14564584,25.74371091,260741580
2021-11-02T00:00:00Z,25.73872703,26.59196653,25.71679798,26.31585983,287448230
2021-11-03T00:00:00Z,26.58399233,26.6976247,26.15039516,26.51222452,239910330
2021-11-04T00:00:00Z,27.14118962,31.2638515,27.03054758,29.70489522,1153631150
2021-11-05T00:00:00Z,30.08965041,31.29873863,29.31515615,29.65605324,851260150
2021-11-08T00:00:00Z,30.05177296,30.99970609,29.81055338,30.70466066,503100930
2021-11-09T00:00:00Z,32.17789428,32.20580398,29.86736956,30.55813472,642168530
2021-11-10T00:00:00Z,29.26133029,30.75051232,28.68519428,29.36399813,636205720
2021-11-11T00:00:00Z,30.36974422,30.49135079,29.68098258,30.29199576,332172110
2021-11-12T00:00:00Z,29.91322122,30.58106055,29.53444667,30.29199576,410261290
2021-11-15T00:00:00Z,30.45347333,30.54517664,29.15268181,29.92817285,384909000
2021-11-16T00:00:00Z,29.66303066,30.29199576,29.610072,30.10559882,264483670
2021-11-17T00:00:00Z,30.31990547,30.410612,28.70712333,29.16663666,428507990
2021-11-18T00:00:00Z,32.26262017,32.65435279,31.2199934,31.57285179,781710750
2021-11-19T00:00:00Z,32.13902005,32.98129502,31.80211006,32.87862719,533866650
2021-11-22T00:00:00Z,33.40891155,34.53526743,31.79712619,31.85294559,754335240
2021-11-23T00:00:00Z,31.43330327,32.25564274,30.78041557,31.64362282,532162700
2021-11-24T00:00:00Z,31.35954191,32.74904642,30.82826077,32.56863013,435162260
2021-11-26T00:00:00Z,32.49486877,32.60451403,31.24889987,31.40140647,283068860
2021-11-29T00:00:00Z,32.26162339,33.30425016,31.9326876,33.26836626,454963980
2021-11-30T00:00:00Z,33.06203381,33.24544043,31.76125225,32.57062368,622066470
2021-12-01T00:00:00Z,33.11655449,33.18620802,31.28278325,31.33761286,485802040
2021-12-02T00:00:00Z,31.11729753,32.37737163,30.92888306,32.02647211,472890330
2021-12-03T00:00:00Z,31.90086246,32.02946281,30.03665581,30.59791161,544325050
2021-12-06T00:00:00Z,29.78743032,30.14731193,27.95113693,29.94394393,658938450
2021-12-07T00:00:00Z,30.86109373,32.34847144,30.55604173,32.3265396,593053480
2021-12-08T00:00:00Z,31.89986556,32.18996403,31.3236662,31.72740152,475551450
2021-12-09T00:00:00Z,31.63568654,32.10522736,30.33373259,30.39554051,488507160
2021-12-10T00:00:00Z,31.0534958,31.20801561,29.76848919,30.10444514,488825090
2021-12-13T00:00:00Z,30.15528714,30.20014773,28.02889528,28.07375587,598343660
2021-12-14T00:00:00Z,27.61318717,28.58915418,27.16557819,28.24921061,667035370
2021-12-15T00:00:00Z,28.31201543,30.40550953,27.75175654,30.36463655,698296880
2021-12-16T00:00:00Z,31.05548961,31.06346482,28.00596654,28.29905571,707365950
2021-12-17T00:00:00Z,27.89830112,28.83239825,27.67399819,27.71487117,716622390
2021-12-20T00:00:00Z,27.2204078,28.05680854,27.06090349,27.63312521,461846760
2021-12-21T00:00:00Z,28.28609598,29.02978484,27.31611038,28.98492425,524384940
2021-12-22T00:00:00Z,28.80149429,29.46343719,28.36086363,29.30891739,395184380
2021-12-23T00:00:00Z,29.66281758,29.96587577,29.33983132,29.54817386,343021740
2021-12-27T00:00:00Z,29.56811189,30.99019253,29.54817386,30.8491309,403685870
2021-12-28T00:00:00Z,31.21499392,31.23293815,29.91883197,30.22806099,420591210
2021-12-29T00:00:00Z,30.17871434,30.45336083,29.27502272,29.90805546,343139280
2021-12-30T00:00:00Z,29.73459452,30.36264275,29.44848366,29.49434115,308864220
2021-12-31T00:00:00Z,29.58206852,29.93696562,29.23970248,29.31988331,263477920
2022-01-03T00:00:00Z,29.7226317,30.61585585,29.69272464,30.02768369,392402940
2022-01-04T00:00:00Z,30.1832004,30.37360867,28.26117344,29.19925817,527154400
2022-01-05T00:00:00Z,28.85931461,29.32486782,27.44770144,27.51848148,498063880
2022-01-06T00:00:00Z,27.55436995,28.34988774,26.98115133,28.0907032,454186370
2022-01-07T00:00:00Z,28.05381783,28.33394728,26.97317611,27.16258748,409938510
2022-01-10T00:00:00Z,26.49865078,27.38389972,25.56439415,27.31511348,594680950
2022-01-11T00:00:00Z,27.23785358,27.97805328,26.75585149,27.7308216,402765080
2022-01-12T00:00:00Z,27.97954863,28.50641132,27.52246909,27.91225775,383413480
2022-01-13T00:00:00Z,28.29108049,28.39176759,26.41590792,26.49266937,538868090
2022-01-14T00:00:00Z,26.21852134,27.1126427,26.12881013,26.85853239,395832350
2022-01-18T00:00:00Z,26.17864526,26.5554742,25.6901633,25.82275126,422675380
2022-01-19T00:00:00Z,25.998206,26.46093798,24.9743877,24.98934123,483604080
2022-01-20T00:00:00Z,25.22560699,25.4997949,24.0034052,24.07518214,435180730
2022-01-21T00:00:00Z,23.43417418,24.74609715,23.19093011,23.30158622,718957840
2022-01-24T00:00:00Z,22.26082059,23.30756764,20.82328797,23.29959242,915810630
2022-01-25T00:00:00Z,22.47615141,22.87192148,21.93184294,22.25483917,664616360
2022-01-26T00:00:00Z,23.16800136,23.98247026,22.23091353,22.70145125,755958730
2022-01-27T00:00:00Z,23.4949852,23.92066234,21.60784981,21.87601643,573352720
2022-01-28T00:00:00Z,21.9439553,22.78718482,21.23002397,22.76924058,543774250
2022-01-31T00:00:00Z,23.11018105,24.43306994,22.9805838,24.4101412,564679680
2022-02-01T00:00:00Z,25.0262266,25.06709958,23.8159976,24.56167029,518925170
2022-02-02T00:00:00Z,25.71408895,25.73701769,24.47694359,25.16379907,543419410
2022-02-03T00:00:00Z,24.38222794,24.99931025,23.70632842,23.87380794,410177780
2022-02-04T00:00:00Z,23.89773359,24.55867959,23.55878693,24.24365857,354828500
2022-02-07T00:00:00Z,24.29649437,25.10398495,24.12702104,24.65139147,376867500
2022-02-08T00:00:00Z,24.28353465,25.15183625,23.90570881,25.03021421,410358640
2022-02-09T00:00:00Z,25.54262181,26.64220467,25.27445519,26.62226663,524281660
2022-02-10T00:00:00Z,25.91446624,26.84157509,25.52068997,25.74399601,513199720
2022-02-11T00:00:00Z,25.83571099,26.07097985,23.6993501,23.87480485,605471980
2022-02-14T00:00:00Z,23.85985132,24.79793605,23.68140587,24.19181967,440424430
2022-02-15T00:00:00Z,24.8717068,26.46276231,24.70721798,26.41291722,701752800
2022-02-16T00:00:00Z,26.17764836,26.49964769,25.47283868,26.42886765,732676330
2022-02-17T00:00:00Z,25.55059703,25.70511683,24.09013567,24.43107614,810595080
2022-02-18T00:00:00Z,24.5910789,24.90859217,23.02843509,23.56875595,761254910
2022-02-22T00:00:00Z,22.96363646,23.9894386,22.92874489,23.31753666,629195660
2022-02-23T00:00:00Z,23.72826026,24.08015668,22.23191043,22.317644,566510770
2022-02-24T00:00:00Z,20.94989452,23.72626646,20.82528178,23.67442755,735800630
2022-02-25T00:00:00Z,23.6475112,24.14197457,23.30856454,24.08216045,528865510
2022-02-28T00:00:00Z,23.91767163,24.58858664,23.63356454,24.3094541,477318610
2022-03-01T00:00:00Z,24.21574531,24.30147888,23.06033595,23.40426713,412055980
2022-03-02T00:00:00Z,23.68631398,24.33739847,23.34631428,24.14895288,389641850
2022-03-03T00:00:00Z,24.19033115,24.25463197,23.40015587,23.64443719,365095040
2022-03-04T00:00:00Z,23.31540521,23.61053692,22.41605114,22.86871938,432010700
2022-03-07T00:00:00Z,22.75006845,22.96543484,21.26743043,21.28936589,450820890
2022-03-08T00:00:00Z,21.24649203,22.30736092,20.58942515,21.45089068,557467190
2022-03-09T00:00:00Z,22.32132982,23.15188629,22.1817405,22.94649057,492741950
2022-03-10T00:00:00Z,22.46490741,22.72115352,21.81781119,22.59153487,428065650
2022-03-11T00:00:00Z,22.95446711,23.0771063,21.98133011,22.03517171,367208570
2022-03-14T00:00:00Z,21.80484932,22.19669649,21.09694201,21.26743043,385354240
2022-03-15T00:00:00Z,21.45487895,22.97042017,21.25946387,22.90561084,491995690
2022-03-16T00:00:00Z,23.43106494,24.52484699,23.10402709,24.42414326,671421740
2022-03-17T00:00:00Z,24.04924622,24.7691283,23.83587397,24.69335124,471941190
2022-03-18T00:00:00Z,24.72625444,26.49105234,24.55176779,26.37540259,727887480
2022-03-21T00:00:00Z,26.42924418,27.07234216,25.89082822,26.6555783,588079710
2022-03-22T00:00:00Z,26.64859883,27.15809986,25.99552021,26.44619431,542652230
2022-03-23T00:00:00Z,26.04936181,26.53343764,25.49998809,25.55880505,502119860
2022-03-24T00:00:00Z,26.08924447,28.23691594,25.83100423,28.06742459,877379140
2022-03-25T00:00:00Z,27.80419901,28.27481445,27.19100306,27.61076809,577769440
2022-03-28T00:00:00Z,27.67408182,28.16713125,27.12619373,28.13622219,425493920
2022-03-29T00:00:00Z,28.61032735,28.8610896,27.89792327,28.57194029,488984400
2022-03-30T00:00:00Z,28.22097285,28.4119111,27.42232251,27.60877396,463487130
2022-03-31T00:00:00Z,27.70050409,28.16513712,27.19000599,27.20595906,523440220
2022-04-01T00:00:00Z,27.29469798,27.41534304,26.1899482,26.63364283,517235110
2022-04-04T00:00:00Z,26.6495959,27.47716117,26.53493324,27.27974199,397707820
2022-04-05T00:00:00Z,27.17405293,27.23886226,25.74425943,25.85493382,430930870
2022-04-06T00:00:00Z,24.86085843,25.2257848,23.93258943,24.33540434,703832560
2022-04-07T00:00:00Z,24.3693046,24.64948031,23.40912947,24.13698808,557992360
2022-04-08T00:00:00Z,23.84684171,23.85282411,22.99435974,23.05118256,524780640
2022-04-11T00:00:00Z,22.1488373,22.25446653,21.59646241,21.85270852,575206840
2022-04-12T00:00:00Z,22.47088981,22.65833833,21.21961112,21.44092002,662258070
2022-04-13T00:00:00Z,21.66426293,22.43399834,21.39206375,22.13786957,516943440
2022-04-14T00:00:00Z,22.43898368,22.71018579,21.10092031,21.19564164,569096850
2022-04-18T00:00:00Z,21.13781177,22.02320691,21.01716671,21.7191016,525700610
2022-04-19T00:00:00Z,21.6562864,22.30737089,21.25147736,22.13288423,512780580
2022-04-20T00:00:00Z,22.45104818,22.60386858,21.13781177,21.41898455,466971260
2022-04-21T00:00:00Z,21.64546823,22.32631515,19.94133186,20.12379505,656209440
2022-04-22T00:00:00Z,20.24344304,20.42590623,19.44279856,19.45775456,624713430
2022-04-25T00:00:00Z,19.14567272,19.8864932,19.03998366,19.84361933,641565610
2022-04-26T00:00:00Z,19.66015908,19.72995374,18.61523329,18.73288715,644960170
2022-04-27T00:00:00Z,18.5434445,19.11077539,18.23634799,18.36098131,499460170
2022-04-28T00:00:00Z,18.91136207,19.97822332,18.43533257,19.72397134,570326710
2022-04-29T00:00:00Z,19.34508604,20.06943498,18.4626821,18.4925941,500434910
2022-05-02T00:00:00Z,18.48611317,19.51658149,18.33705171,19.47570176,572048680
2022-05-03T00:00:00Z,19.34309191,19.76684521,19.07687512,19.54449936,475750840
2022-05-04T00:00:00Z,19.86455773,20.3401585,18.69599569,20.2743521,646305030
2022-05-05T00:00:00Z,19.808722,19.86655187,18.44573197,18.78872288,626331410
2022-05-06T00:00:00Z,18.68103969,19.45476336,17.93722801,18.62021863,633296720
2022-05-09T00:00:00Z,17.98109894,18.20145066,16.77763956,16.90027875,644454510
2022-05-10T00:00:00Z,17.63711096,18.14461786,16.97505875,17.5433867,761474290
2022-05-11T00:00:00Z,17.29611419,17.70092323,16.51939931,16.58121744,670167030
2022-05-12T00:00:00Z,16.17152278,16.73875396,15.52133565,16.12755214,708728370
2022-05-13T00:00:00Z,16.73875396,17.87583862,16.54382745,17.6540611,670436510
2022-05-16T00:00:00Z,17.45763898,17.73582056,17.05582114,17.21335766,521445980
2022-05-17T00:00:00Z,18.0209816,18.31711038,17.5822723,18.12367946,585829710
2022-05-18T00:00:00Z,17.65306403,18.06485253,16.81453103,16.88831395,545161060
2022-05-19T00:00:00Z,16.88731689,17.63511683,16.68496222,17.07376834,621309590
2022-05-20T00:00:00Z,17.28115819,17.35892938,15.70878417,16.6450297,739105260
2022-05-23T00:00:00Z,16.22626174,16.86538142,16.13155038,16.84843129,639888690
2022-05-24T00:00:00Z,16.46156945,16.54831424,15.73371084,16.10661374,588550020
2022-05-25T00:00:00Z,15.97300682,17.0607965,15.95306549,16.92520542,781131900
2022-05-26T00:00:00Z,15.98895989,18.0389288,15.97500095,17.79863575,996574520
2022-05-27T00:00:00Z,18.13265306,18.82561434,18.04690533,18.75581968,738379350
2022-05-31T00:00:00Z,18.92432394,19.14367859,18.29617198,18.61722743,664099510
2022-06-01T00:00:00Z,18.66907489,18.99728927,18.0688408,18.26625998,544513900
2022-06-02T00:00:00Z,18.23834212,19.56144949,18.14461786,19.53452869,648655800
2022-06-03T00:00:00Z,19.0255262,19.2755905,18.46722873,18.66508662,598778700
2022-06-06T00:00:00Z,19.08285752,19.28027671,18.50974365,18.73089302,422406150
2022-06-07T00:00:00Z,18.41781411,18.94426527,18.13464719,18.87048234,388914110
2022-06-08T00:00:00Z,18.74787544,19.1278393,18.4845934,18.59728609,363252460
2022-06-09T00:00:00Z,18.43074026,18.88151103,17.99193685,17.99891782,395573790
2022-06-10T00:00:00Z,17.55213617,17.64887237,16.82312415,16.9278386,465649660
2022-06-13T00:00:00Z,15.95648742,16.26763893,15.56355892,15.60444742,604153380
2022-06-14T00:00:00Z,15.68821898,16.02230794,15.37008651,15.79293343,469679520
2022-06-15T00:00:00Z,16.05122907,16.82212687,15.88268867,16.48205423,563935650
2022-06-16T00:00:00Z,15.81686816,15.89896429,15.35911643,15.55857252,545748670
2022-06-17T00:00:00Z,15.6054447,15.95150102,15.28631495,15.83681377,630333970
2022-06-21T00:00:00Z,16.429697,16.96174613,16.36238057,16.52094817,483088880
2022-06-22T00:00:00Z,16.18187281,16.61668709,16.13599791,16.31550839,437997440
2022-06-23T00:00:00Z,16.47357735,16.5398965,15.8098872,16.18087553,463679590
2022-06-24T00:00:00Z,16.45512766,17.09338715,16.26564437,17.07942523,472152830
2022-06-27T00:00:00Z,17.26491939,17.28287044,16.58028636,16.82312415,427967880
2022-06-28T00:00:00Z,16.85403984,17.15520857,15.901637,15.93853638,461859360
2022-06-29T00:00:00Z,15.77099326,15.77697694,15.12874464,15.49973297,482352280
2022-06-30T00:00:00Z,15.31922521,15.52466498,14.82158226,15.11777455,686070030
2022-07-01T00:00:00Z,14.85848163,15.02194587,14.35286044,14.48350418,577610080
2022-07-05T00:00:00Z,14.13645058,14.93028583,14.01677692,14.92330486,652207610
2022-07-06T00:00:00Z,14.96917977,15.27732946,14.74878078,15.08885342,529065860
2022-07-07T00:00:00Z,15.41346821,15.901637,15.34714906,15.8148736,492902760
2022-07-08T00:00:00Z,15.38803756,15.99337683,15.34714906,15.79492799,467971760
2022-07-11T00:00:00Z,15.48377648,15.48476379,14.99711359,15.11079359,438388730
2022-07-12T00:00:00Z,15.22647813,15.38903484,14.83654146,15.04098396,458483100
2022-07-13T00:00:00Z,14.55032197,15.33318713,14.42566191,15.12276096,521918340
2022-07-14T00:00:00Z,15.06691325,15.43091065,14.68794667,15.33019529,456234840
2022-07-15T00:00:00Z,15.61641479,15.73908028,15.40299677,15.71913467,385935470
2022-07-18T00:00:00Z,16.25766612,16.851048,15.95848199,16.05721275,670517450
2022-07-19T00:00:00Z,16.44116573,17.06346874,16.12802964,16.94578965,702366080
2022-07-20T00:00:00Z,16.90091202,17.88373192,16.75530908,17.75857322,760537790
2022-07-21T00:00:00Z,17.8363611,18.09465674,17.49684694,18.00091238,557049280
2022-07-22T00:00:00Z,17.84433934,17.9181381,17.08989667,17.27190036,536670880
2022-07-25T00:00:00Z,16.97271622,17.07743067,16.60372245,16.97770262,480747510
2022-07-26T00:00:00Z,16.84306976,16.87298817,16.43318749,16.48803791,397864910
2022-07-27T00:00:00Z,16.98568086,17.8872224,16.86701446,17.74161946,569776230
2022-07-28T00:00:00Z,17.92611634,18.09066762,17.39257129,17.93509187,474646280
2022-07-29T00:00:00Z,17.76455691,18.19438479,17.64388597,18.11360507,435460420
2022-08-01T00:00:00Z,18.1325534,18.79474763,17.94107555,18.39084904,476469040
2022-08-02T00:00:00Z,18.07271657,18.88602871,18.04279816,18.47561788,489526920
2022-08-03T00:00:00Z,18.13454796,18.91641584,18.08767578,18.84161981,418145570
2022-08-04T00:00:00Z,18.79773947,19.22158366,18.70898151,19.16274412,409652270
2022-08-05T00:00:00Z,18.75884553,19.17662626,18.61523714,18.93735873,386068290
2022-08-08T00:00:00Z,17.45440268,18.18939838,17.19510976,17.7446113,983783180
2022-08-09T00:00:00Z,17.20508257,17.39974174,16.67851848,17.03953401,668262650
2022-08-10T00:00:00Z,17.64986965,18.06872745,17.26991577,18.04778456,597422460
2022-08-11T00:00:00Z,18.08169209,18.65612564,17.82738558,17.89320609,509326550
2022-08-12T00:00:00Z,18.11061323,18.66709573,17.90417617,18.6581202,478094150
2022-08-15T00:00:00Z,18.65014196,19.11188281,18.56238128,18.98024179,457665560
2022-08-16T00:00:00Z,18.86804774,19.08994264,18.45068587,18.82765788,451239640
2022-08-17T00:00:00Z,18.47262604,18.63717731,18.09565402,18.28513731,446799110
2022-08-18T00:00:00Z,18.25122977,18.81368598,18.13355068,18.72194615,415446560
2022-08-19T00:00:00Z,18.35594422,18.46963419,17.72167385,17.800459,441588330
2022-08-22T00:00:00Z,17.44243532,17.51025039,16.91986035,16.98767542,409592710
2022-08-23T00:00:00Z,16.94229916,17.4175033,16.92384947,17.13427565,369985770
2022-08-24T00:00:00Z,16.96573525,17.35866376,16.84905344,17.17516415,522660710
2022-08-25T00:00:00Z,16.79819214,17.89819249,16.78722205,17.86428495,770691330
2022-08-26T00:00:00Z,17.80843725,17.87525504,16.19284289,16.21578035,769127430
2022-08-29T00:00:00Z,15.97643303,16.29356822,15.72412108,15.75802861,493712950
2022-08-30T00:00:00Z,15.91659621,15.99538136,15.14071201,15.42593422,530180690
2022-08-31T00:00:00Z,15.34216266,15.49773841,14.91782979,15.05295132,573709860
2022-09-01T00:00:00Z,14.17035811,14.34089307,13.23412119,13.89909783,1178865140
2022-09-02T00:00:00Z,14.06165454,14.13246146,13.55403879,13.60988649,743157460
2022-09-06T00:00:00Z,13.69365805,13.74152751,13.31469148,13.42838145,533269580
2022-09-07T00:00:00Z,13.53006013,13.80439225,13.31358715,13.68069341,512657460
2022-09-08T00:00:00Z,13.42631271,13.97397938,13.33653129,13.9560231,624873120
2022-09-09T00:00:00Z,14.12261751,14.43884763,14.0916928,14.35205892,487128420
2022-09-12T00:00:00Z,14.33410264,14.51167033,14.16351794,14.46977234,484159240
2022-09-13T00:00:00Z,13.76847968,13.88818825,13.06718703,13.09910931,714955630
2022-09-14T00:00:00Z,13.22181059,13.25771318,12.88163876,13.0961166,588506540
2022-09-15T00:00:00Z,12.98359055,13.20085161,12.75893748,12.8975999,523625160
2022-09-16T00:00:00Z,12.71055527,13.17991259,12.58635764,13.16594659,670751400
2022-09-19T00:00:00Z,12.98039832,13.430303,12.97840318,13.34949972,569685280
2022-09-20T00:00:00Z,13.18240652,13.45001501,13.02528903,13.14400002,524817750
2022-09-21T00:00:00Z,13.18091016,13.99692352,13.07816031,13.22879359,807679400
2022-09-22T00:00:00Z,13.03825746,13.11703567,12.39781666,12.53049365,756710890
2022-09-23T00:00:00Z,12.38983609,12.58037221,12.22723196,12.48560294,663309310
2022-09-26T00:00:00Z,12.46066365,12.62825564,12.18433639,12.19830239,547342690
2022-09-27T00:00:00Z,12.47662479,12.70506863,12.22822953,12.38285309,553854060
2022-09-28T00:00:00Z,12.37986037,12.79185734,12.32385672,12.70506863,542413880
2022-09-29T00:00:00Z,12.41776808,12.46964179,11.91699725,12.19032182,532763120
2022-09-30T00:00:00Z,12.05764483,12.60231878,12.04567397,12.10951854,565638420
2022-10-03T00:00:00Z,12.31701338,12.64720949,12.07560111,12.48161265,547478470
2022-10-04T00:00:00Z,12.84772133,13.18789316,12.84772133,13.13502188,584181670
2022-10-05T00:00:00Z,12.87934435,13.28864787,12.59034793,13.17691988,507130730
2022-10-06T00:00:00Z,13.18789316,13.62283427,13.07117731,13.09811174,644156890
2022-10-07T00:00:00Z,12.47462965,12.63922892,11.99280269,12.04667155,672478160
2022-10-10T00:00:00Z,12.00776626,12.09487419,11.3804136,11.64165758,698699250
2022-10-11T00:00:00Z,11.5329223,11.81723014,11.25559747,11.55786159,667481630
2022-10-12T00:00:00Z,11.55087859,11.70649972,11.31744689,11.47207045,492590190
2022-10-13T00:00:00Z,10.94435521,12.04865671,10.78673894,11.93095327,850103010
2022-10-14T00:00:00Z,12.02771769,12.08158654,11.17678933,11.19973347,713431990
2022-10-17T00:00:00Z,11.49002674,11.91898241,11.48902916,11.85912813,580774170
2022-10-18T00:00:00Z,12.31402067,12.46166122,11.58978387,11.93793627,659362060
2022-10-19T00:00:00Z,11.85014999,12.32000609,11.80525928,12.02173226,523130610
2022-10-20T00:00:00Z,12.08358168,12.73798849,12.07560111,12.16438496,652397610
2022-10-21T00:00:00Z,12.06881763,12.46764665,11.85813056,12.43572437,609494410
2022-10-24T00:00:00Z,12.47762237,12.67913178,12.03470069,12.56840136,517457400
2022-10-25T00:00:00Z,12.66267185,13.26769887,12.6332435,13.22879359,505482330
2022-10-26T00:00:00Z,12.83774562,13.35548515,12.67713663,12.86468005,535533290
2022-10-27T00:00:00Z,13.59689741,13.80439225,13.09013117,13.14400002,583113080
2022-10-28T00:00:00Z,13.07217489,13.81636311,13.02927932,13.80040197,521039930
2022-10-31T00:00:00Z,13.74453797,13.80439225,13.26470616,13.46422042,486340990
2022-11-01T00:00:00Z,13.77745783,13.89118096,13.48616699,13.51010871,432816900
2022-11-02T00:00:00Z,13.81636311,14.17548879,13.17915444,13.18689559,672627840
2022-11-03T00:00:00Z,13.01132303,13.74753069,12.92453433,13.388405,500064860
2022-11-04T00:00:00Z,13.95203281,14.19444265,13.66373469,14.12161994,612575910
2022-11-07T00:00:00Z,14.19344508,14.3769982,13.92011053,14.26626778,410060950
2022-11-08T00:00:00Z,14.76505346,14.85484485,14.18147422,14.56653676,595291990
2022-11-09T00:00:00Z,14.12710658,14.17648636,13.72559409,13.74254283,454413660
2022-11-10T00:00:00Z,14.76405588,15.7346928,14.51167033,15.71174866,700819250
2022-11-11T00:00:00Z,15.76910901,16.34919675,15.44439954,16.28734733,655487470
2022-11-14T00:00:00Z,16.17861205,16.49983002,15.88333093,16.25542504,527852450
2022-11-15T00:00:00Z,16.68088922,16.9567177,16.34221375,16.62552401,545875500
2022-11-16T00:00:00Z,16.12224927,16.32226232,15.83444994,15.87136008,649546840
2022-11-17T00:00:00Z,15.67683366,16.22649547,15.49727082,15.63892595,710893560
2022-11-18T00:00:00Z,15.92722407,15.96313664,15.08328869,15.37157683,492071650
2022-11-21T00:00:00Z,15.11021314,15.43941168,15.04337586,15.27980027,404739310
2022-11-22T00:00:00Z,15.29077355,16.01857168,15.08487483,15.99904921,472866070
2022-11-23T00:00:00Z,16.05890349,16.4868616,16.0090349,16.47888102,427240930
2022-11-25T00:00:00Z,16.27836918,16.44695874,16.13272377,16.23048576,167934300
2022-11-28T00:00:00Z,15.98707835,16.31727447,15.68680938,15.78856165,304152010
2022-11-29T00:00:00Z,15.78856165,15.89330665,15.48230725,15.60101824,298384490
2022-11-30T00:00:00Z,15.66257859,16.89287478,15.56279787,16.88589013,565298220
2022-12-01T00:00:00Z,16.96172347,17.22714017,16.59852168,17.09742525,470976570
2022-12-02T00:00:00Z,16.62246905,16.89543915,16.40893832,16.8389932,371388580
2022-12-05T00:00:00Z,16.64242519,16.95773225,16.43588909,16.5735765,352255170
2022-12-06T00:00:00Z,16.49375193,16.53665764,15.78431106,15.95194266,352694270
2022-12-07T00:00:00Z,15.73741412,16.15050627,15.63264437,16.084651,372387580
2022-12-08T00:00:00Z,16.2373155,17.14132876,15.92400406,17.13135069,515455540
2022-12-09T00:00:00Z,17.12237042,17.54444284,16.9377761,16.96371909,465338190
2022-12-12T00:00:00Z,16.99964015,17.49954152,16.76016643,17.4965481,457327800
2022-12-13T00:00:00Z,18.490364,18.74879605,17.67216215,18.03237053,656588760
2022-12-14T00:00:00Z,17.94755692,18.21197581,17.38180028,17.63524329,496888100
2022-12-15T00:00:00Z,17.10840112,17.28201956,16.66337914,16.91482654,478542100
2022-12-16T00:00:00Z,16.82721907,17.00363137,16.37401507,16.53466202,478231930
2022-12-19T00:00:00Z,16.53565983,16.57257869,16.10959618,16.21835716,354038770
2022-12-20T00:00:00Z,16.0287738,16.27423436,15.81723869,16.04972775,403259790
2022-12-21T00:00:00Z,16.07866416,16.59053922,16.06669048,16.46481552,325025380
2022-12-22T00:00:00Z,16.05820911,16.10261153,14.84936577,15.30536363,565045270
2022-12-23T00:00:00Z,15.16267721,15.30536363,14.85036358,15.17265528,349325630
2022-12-27T00:00:00Z,15.04094474,15.06688773,14.02517708,14.09003454,464902260
2022-12-28T00:00:00Z,13.89645996,14.23072535,13.85355425,14.00522094,351066450
2022-12-29T00:00:00Z,14.37041835,14.65080215,14.1958021,14.57097758,354923240
2022-12-30T00:00:00Z,14.30256746,14.59691059,14.20178894,14.58195346,310489830
2023-01-03T00:00:00Z,14.81843375,14.96311579,14.06508936,14.28360913,401276580
2023-01-04T00:00:00Z,14.53505652,14.82042936,14.2097714,14.71665742,431323600
2023-01-05T00:00:00Z,14.45922318,14.5320631,14.11692544,14.23371877,389168110
2023-01-06T00:00:00Z,14.44226046,14.97708508,14.00322532,14.82641621,405043620
2023-01-09T00:00:00Z,15.25048424,16.02079135,15.10779782,15.59372989,504230560
2023-01-10T00:00:00Z,15.47299523,15.9269875,15.43807198,15.8741137,384101260
2023-01-11T00:00:00Z,15.80477608,15.99285275,15.52887243,15.96591195,353284930
2023-01-12T00:00:00Z,16.06469486,16.60051729,15.45802812,16.47479359,551409060
2023-01-13T00:00:00Z,16.24230453,16.88489233,16.12955232,16.86194276,447287060
2023-01-17T00:00:00Z,16.86194276,17.68912488,16.86194276,17.66318189,511102160
2023-01-18T00:00:00Z,17.62825864,17.83380691,17.24410289,17.33889457,439623550
2023-01-19T00:00:00Z,16.99864234,17.15928929,16.69431116,16.72823661,452931600
2023-01-20T00:00:00Z,16.97369716,17.81684419,16.78810503,17.79988147,564967120
2023-01-23T00:00:00Z,18.02438807,19.2027983,17.77842861,19.15091233,655162590
2023-01-24T00:00:00Z,18.78571492,19.45225008,18.77873027,19.22275444,496204100
2023-01-25T00:00:00Z,18.87102743,19.32752419,18.53925655,19.28062725,449537110
2023-01-26T00:00:00Z,19.65779835,20.12177867,19.23572593,19.75857687,489535420
2023-01-27T00:00:00Z,19.41932245,20.58276557,19.36244744,20.32034229,542141980
2023-01-30T00:00:00Z,19.90625233,20.09583568,19.10800662,19.11998031,488611150
2023-01-31T00:00:00Z,19.12746386,19.64382905,18.90844519,19.49415798,498016580
2023-02-01T00:00:00Z,19.64782028,21.14552879,19.56799571,20.89707481,660477040
2023-02-02T00:00:00Z,20.95394982,21.90086879,20.65460768,21.66139508,564275800
2023-02-03T00:00:00Z,20.95394982,21.69730616,20.74341251,21.05373053,429365950
2023-02-06T00:00:00Z,20.76037523,21.52269989,20.74041909,21.04275465,452197090
2023-02-07T00:00:00Z,21.33511214,22.210189,21.10362089,22.12437759,664149610
2023-02-08T00:00:00Z,22.33790831,22.82783162,21.95974939,22.15630742,559651220
2023-02-09T00:00:00Z,22.55642808,22.96952023,22.07149381,22.28801796,523875780
2023-02-10T00:00:00Z,21.64243674,22.0292267,20.76536427,21.21836871,550736750
2023-02-13T00:00:00Z,21.49077006,21.9996517,20.91603315,21.74022184,474918620
2023-02-14T00:00:00Z,21.53068234,22.99825708,21.31914723,22.92062768,675473500
2023-02-15T00:00:00Z,22.49955307,22.80488205,22.05752451,22.7140816,421188260
2023-02-16T00:00:00Z,22.0844653,22.50055088,21.87871747,21.95375257,412026280
2023-02-17T00:00:00Z,21.58356612,21.6923271,20.92900464,21.34109899,465887640
2023-02-21T00:00:00Z,20.95394982,21.44666698,20.57278749,20.60970636,410014550
2023-02-22T00:00:00Z,20.66159233,21.05772176,20.37621949,20.70848926,513184320
2023-02-23T00:00:00Z,23.38859923,23.83561682,22.97450927,23.61210802,1117995410
2023-02-24T00:00:00Z,23.17407069,23.42252467,22.89668031,23.23493693,589715910
2023-02-27T00:00:00Z,23.61809487,23.8275745,23.40256853,23.44946546,452993670
2023-02-28T00:00:00Z,23.32074834,23.77275497,23.15511236,23.16509043,455962800
2023-03-01T00:00:00Z,23.14114306,23.20457366,22.45864298,22.64822633,460025620
2023-03-02T00:00:00Z,22.43868683,23.32912992,22.38280964,23.26287553,390074650
2023-03-03T00:00:00Z,23.26886237,23.84759051,23.07927901,23.83761244,412393300
2023-03-06T00:00:00Z,23.83861024,24.19482739,23.43549616,23.50234924,437429230
2023-03-07T00:00:00Z,23.55229307,24.07623179,23.19401878,23.24092377,515153880
2023-03-08T00:00:00Z,23.4395215,24.15108018,23.37614986,24.13211859,513573390
2023-03-09T00:00:00Z,24.12613072,24.40456672,23.33557205,23.38862459,501256990
2023-03-10T00:00:00Z,23.36167917,23.57923849,22.68005984,22.91857671,474865650
2023-03-13T00:00:00Z,22.70600728,23.25090356,22.25192706,22.91957469,421890320
2023-03-14T00:00:00Z,23.4485033,24.17004177,23.41257608,24.01435712,474910130
2023-03-15T00:00:00Z,23.71296761,24.23690633,23.31277822,24.17902358,524485740
2023-03-16T00:00:00Z,23.9784299,25.53627437,23.84569875,25.48936938,584946260
2023-03-17T00:00:00Z,25.9294779,26.34563495,25.61611265,25.67299742,848546560
2023-03-20T00:00:00Z,25.56321979,25.971393,25.07903055,25.84764366,432747190
2023-03-21T00:00:00Z,26.12707765,26.3386491,25.32969281,26.14603924,547407760
2023-03-22T00:00:00Z,26.37158239,27.53322938,26.18396243,26.41449546,797295110
2023-03-23T00:00:00Z,27.06068656,27.44341132,26.6360467,27.13603393,564888760
2023-03-24T00:00:00Z,26.97635737,27.11208245,26.30172389,26.72486678,455414070
2023-03-27T00:00:00Z,26.78274954,26.94542004,26.31170368,26.47736811,361025740
2023-03-28T00:00:00Z,26.39353791,26.4594045,25.79774474,26.35661271,356103780
2023-03-29T00:00:00Z,26.7707738,27.02326236,26.54323469,26.92945238,393693870
2023-03-30T00:00:00Z,27.17395712,27.44341132,27.04721385,27.32764581,364515740
2023-03-31T00:00:00Z,27.08513703,27.7780435,27.05020778,27.72084935,433932770
2023-04-03T00:00:00Z,27.4533911,27.94339856,27.28074082,27.90846931,398715600
2023-04-04T00:00:00Z,27.90946729,27.94339856,27.25179944,27.39750431,368591530
2023-04-05T00:00:00Z,26.77476571,26.94342408,26.34164303,26.82666059,515014740
2023-04-06T00:00:00Z,26.53026097,27.02525832,26.37357834,26.98234524,397654340
2023-04-10T00:00:00Z,26.76877784,27.56515472,26.61508915,27.5232496,395278550
2023-04-11T00:00:00Z,27.6674575,27.73382307,27.07116533,27.11407841,314378170
2023-04-12T00:00:00Z,27.31467209,27.412464,26.3940369,26.44144088,446258950
2023-04-13T00:00:00Z,26.67995775,26.83254867,26.27577645,26.40950557,353615280
2023-04-14T00:00:00Z,26.45042269,26.82865655,26.16699679,26.70390923,395660130
2023-04-17T00:00:00Z,26.51179837,26.95140791,26.37974585,26.94741599,313489820
2023-04-18T00:00:00Z,27.47784158,28.05317619,27.30169837,27.61107171,604811540
2023-04-19T00:00:00Z,27.30569028,27.94339856,27.17695105,27.87453804,358660410
2023-04-20T00:00:00Z,27.61506362,27.97333791,26.94542004,27.0492098,427713260
2023-04-21T00:00:00Z,26.89751707,27.12805011,26.66798201,27.06417948,345102770
2023-04-24T00:00:00Z,26.95839376,27.31067019,26.61709508,26.98733513,339281860
2023-04-25T00:00:00Z,27.02326236,27.19192073,26.17198668,26.18795434,378527160
2023-04-26T00:00:00Z,26.94741599,27.27475295,26.65111617,26.90150898,404493910
2023-04-27T00:00:00Z,27.30768624,27.4394194,26.57118807,27.17096318,377161190
2023-04-28T00:00:00Z,27.1699652,27.70188775,27.01675554,27.69290595,292216140
2023-05-01T00:00:00Z,27.78372199,28.99969894,27.72384328,28.85155901,570328530
2023-05-02T00:00:00Z,28.62202395,28.77769862,28.02623077,28.15297405,402729570
2023-05-03T00:00:00Z,27.78372199,28.30965667,27.4164659,27.74579881,383387400
2023-05-04T00:00:00Z,27.59510405,27.80268358,27.18493488,27.50628396,321850410
2023-05-05T00:00:00Z,27.7692513,28.69687234,27.67494233,28.62202395,361494080
2023-05-08T00:00:00Z,28.46434334,29.16093235,28.29269104,29.09207183,344978900
2023-05-09T00:00:00Z,28.84058125,28.91443166,28.39248889,28.51324429,314869460
2023-05-10T00:00:00Z,28.94636697,29.05414865,28.40374609,28.82660955,369349980
2023-05-11T00:00:00Z,28.83758731,28.89147815,28.18890127,28.52023014,322149030
2023-05-12T00:00:00Z,28.47132919,28.7218218,27.98930557,28.28271125,274222250
2023-05-15T00:00:00Z,28.45087063,28.91043974,28.09509129,28.89447209,293925870
2023-05-16T00:00:00Z,28.78269849,29.80961839,28.77371668,29.1539465,449404940
2023-05-17T00:00:00Z,29.52419653,30.13795332,29.37051782,30.11699577,432535410
2023-05-18T00:00:00Z,30.34852679,31.76366033,30.25870872,31.61396355,748725010
2023-05-19T00:00:00Z,31.4722506,31.51616166,30.85350392,31.20080045,473907650
2023-05-22T00:00:00Z,30.83853424,31.45628295,30.61798099,31.11297834,371999670
2023-05-23T00:00:00Z,30.93733412,31.22475193,30.56908004,30.62596482,356253260
2023-05-24T00:00:00Z,30.14893109,30.54512856,29.74574776,30.47626804,721418510
2023-05-25T00:00:00Z,38.44512652,39.40019196,36.56094308,37.90322418,1543910670
2023-05-26T00:00:00Z,37.81340612,39.09081862,37.47409342,38.86727143,714396760
2023-05-30T00:00:00Z,40.51293801,41.85322317,39.86824389,40.02991641,923401100
2023-05-31T00:00:00Z,39.40817579,40.21354446,37.74554358,37.75751932,998826810
2023-06-01T00:00:00Z,38.41119525,39.96903972,38.26249645,39.68960574,635872950
2023-06-02T00:00:00Z,40.01594471,40.41813005,38.97905501,39.24750125,482731210
2023-06-05T00:00:00Z,38.83034623,39.48505008,38.62875457,39.0918166,396093810
2023-06-06T00:00:00Z,38.75150593,39.08083884,38.07088458,38.57586171,388729140
2023-06-07T00:00:00Z,38.84047941,39.42336107,37.28446483,37.40323695,511997890
2023-06-08T00:00:00Z,37.65176012,38.78957707,37.4331795,38.43625496,417772400
2023-06-09T00:00:00Z,38.96224578,39.6349551,38.49314581,38.69575708,427717470
2023-06-12T00:00:00Z,39.12493364,39.45429173,38.54404815,39.40639363,389673350
2023-06-13T00:00:00Z,40.10904549,41.02229331,39.66389957,40.94344459,613208160
2023-06-14T00:00:00Z,40.74582375,42.9176568,40.47434462,42.91466255,740465020
2023-06-15T00:00:00Z,42.52041896,43.20610338,42.06629026,42.57132129,568622040
2023-06-16T00:00:00Z,43.36679507,43.63727612,42.57880693,42.61024661,655709410
2023-06-20T00:00:00Z,42.91566063,43.90576099,42.59228108,43.72410952,451153110
2023-06-21T00:00:00Z,43.41769741,43.5314791,41.99941856,42.96257063,551602910
2023-06-22T00:00:00Z,42.17208728,43.34234199,42.15312366,42.94260893,417737430
2023-06-23T00:00:00Z,42.38268322,42.72702256,41.93454304,42.12817153,358139840
2023-06-26T00:00:00Z,42.37968897,42.68210873,40.02321018,40.55419142,594321920
2023-06-27T00:00:00Z,40.72087163,41.85968666,40.37054378,41.79580922,462174700
2023-06-28T00:00:00Z,40.5821378,41.76486858,40.44040973,41.03826267,582639270
2023-06-29T00:00:00Z,41.47841817,41.52033774,40.5222527,40.74382758,380514300
2023-06-30T00:00:00Z,41.60018455,42.46851853,41.42152732,42.22099344,501147750
2023-07-03T00:00:00Z,42.43558173,42.81585213,42.12118494,42.33178088,198209190
2023-07-05T00:00:00Z,42.05431324,43.09431786,42.00440899,42.23596472,323617560
2023-07-06T00:00:00Z,41.76387049,42.09822898,41.26682414,42.02237452,304138790
2023-07-07T00:00:00Z,42.24095514,43.131247,42.09922707,42.42160854,355881470
2023-07-10T00:00:00Z,42.57531363,42.72901873,41.56924391,42.09922707,353908110
2023-07-11T00:00:00Z,42.39965067,42.67612022,41.98644346,42.3237962,298244060
2023-07-12T00:00:00Z,42.95059361,43.85086632,42.6953633,43.81792951,481277020
2023-07-13T00:00:00Z,44.4327499,46.06661511,44.40679969,45.88895597,478203690
2023-07-14T00:00:00Z,46.49360587,47.9959135,44.97371199,45.38192877,772075330
2023-07-17T00:00:00Z,46.20035851,46.40696211,45.17573438,46.37202913,510488220
2023-07-18T00:00:00Z,46.61156954,47.80427119,45.64642131,47.40305098,570190420
2023-07-19T00:00:00Z,47.37310843,47.72643053,46.65249103,46.98684952,427501790
2023-07-20T00:00:00Z,46.41794104,46.99683037,44.97570816,45.43283111,537864510
2023-07-21T00:00:00Z,45.7003179,45.77816853,44.01555035,44.22415012,963768630
2023-07-24T00:00:00Z,44.64534201,45.02261816,43.95566525,44.52656989,383099740
2023-07-25T00:00:00Z,44.85493987,46.09406245,44.83697434,45.59152663,348080910
2023-07-26T00:00:00Z,45.93287171,45.96481044,44.54453542,45.36496133,364237260
2023-07-27T00:00:00Z,46.42991807,47.30424056,45.66239067,45.81210342,455975520
2023-07-28T00:00:00Z,46.57863274,46.93694527,46.29218233,46.66047571,331194240
2023-07-31T00:00:00Z,46.66446805,47.03974803,46.41695294,46.63951592,251055280
2023-08-01T00:00:00Z,46.37053201,46.81018847,45.93886022,46.41794104,239275970
2023-08-02T00:00:00Z,45.74323556,45.75221832,43.30391571,44.18422672,530141570
2023-08-03T00:00:00Z,43.71612484,45.03160092,43.71612484,44.42975564,325076600
2023-08-04T00:00:00Z,44.89885561,45.55459748,44.30798927,44.59443967,362666180
2023-08-07T00:00:00Z,45.02461433,45.45279281,44.47811286,45.32952931,322153540
2023-08-08T00:00:00Z,44.76710839,45.15536347,43.97164459,44.57847031,353843430
2023-08-09T00:00:00Z,44.18921715,44.22714438,42.05331516,42.47251087,586449070
2023-08-10T00:00:00Z,42.07926537,43.49055762,41.75488773,42.30682876,492705300
2023-08-11T00:00:00Z,41.67104859,41.93753729,40.56117802,40.77676439,533085260
2023-08-14T00:00:00Z,40.40847101,43.71612484,40.23380612,43.66921484,690285830
2023-08-15T00:00:00Z,44.47466947,45.18131368,43.62629718,43.85585674,676511510
2023-08-16T00:00:00Z,44.43474607,44.58944925,43.32287933,43.40272613,527450680
2023-08-17T00:00:00Z,43.88579929,43.97762312,42.91865489,43.26049901,452394820
2023-08-18T00:00:00Z,42.55335576,43.49453998,41.58022285,43.21608423,583767870
2023-08-21T00:00:00Z,44.40879586,46.9748725,44.13731672,46.87706016,692573370
2023-08-22T00:00:00Z,48.04282349,48.09472392,45.24628901,45.58054769,757206910
2023-08-23T00:00:00Z,45.77816853,47.10961398,45.12142858,47.02577484,779046080
2023-08-24T00:00:00Z,50.11983847,50.16974272,47.06869249,47.07268483,1156044090
2023-08-25T00:00:00Z,46.92197399,47.71345543,44.93778093,45.92987746,925340520
2023-08-28T00:00:00Z,46.39298892,46.89003527,44.80204136,46.74531294,685192230
2023-08-29T00:00:00Z,46.57663657,48.98701194,46.30217316,48.69058069,701396990
2023-08-30T00:00:00Z,48.9500828,49.83139189,48.33226816,49.16966151,735205980
2023-08-31T00:00:00Z,49.28543937,49.64874233,48.86424748,49.26048724,528569770
2023-09-01T00:00:00Z,49.66670786,49.70463509,48.04941085,48.4161073,463830300
2023-09-05T00:00:00Z,48.13065498,48.75726275,47.76835011,48.45503262,382652580
2023-09-06T00:00:00Z,48.35234693,48.46014927,46.49475279,46.9748725,468669570
2023-09-07T00:00:00Z,45.44168357,46.2591847,45.06936621,46.1563732,433329890
2023-09-08T00:00:00Z,45.85792041,46.5207052,45.18814842,45.48859755,473899940
2023-09-11T00:00:00Z,46.0635434,46.07851595,44.23090351,45.09531862,473965550
2023-09-12T00:00:00Z,44.65612388,45.58941271,44.44950271,44.7878823,349256340
2023-09-13T00:00:00Z,44.51837644,45.84594237,44.42155396,45.40175677,398355350
2023-09-14T00:00:00Z,45.86590577,45.90282807,45.04840464,45.49758108,370097200
2023-09-15T00:00:00Z,45.25802031,45.51554814,43.72782589,43.81965752,506830510
2023-09-18T00:00:00Z,42.66976583,44.16103162,41.92313476,43.88553673,500270790
2023-09-19T00:00:00Z,43.75278014,43.88553673,42.92330097,43.44035297,373064240
2023-09-20T00:00:00Z,43.52020656,43.82265203,42.14572664,42.16169736,367107690
2023-09-21T00:00:00Z,41.50689792,42.02295175,40.90500149,40.94193377,450735960
2023-09-22T00:00:00Z,41.49591805,42.0379243,41.15554213,41.53384851,479236310
2023-09-25T00:00:00Z,41.51488328,42.45815381,41.10164095,42.14472847,419090960
2023-09-26T00:00:00Z,41.92413293,42.74163406,41.57876615,41.83429764,402282090
2023-09-27T00:00:00Z,42.25253082,42.79353889,41.55282372,42.39027826,444935200
2023-09-28T00:00:00Z,42.3822929,43.36679783,42.0379243,43.01014175,424662790
2023-09-29T00:00:00Z,43.74679112,44.06321097,43.2276829,43.4193914,397829930
2023-10-02T00:00:00Z,43.94941961,45.09232411,43.7807289,44.70004335,433298210
2023-10-03T00:00:00Z,44.72599577,45.04740647,43.16685442,43.43735846,470849540
2023-10-04T00:00:00Z,43.66194668,44.0622128,43.21278022,43.96039947,361820860
2023-10-05T00:00:00Z,43.969383,44.8178274,43.80767948,44.60621538,393483090
2023-10-06T00:00:00Z,44.1121213,45.70520042,43.94542693,45.67824983,434436020
2023-10-09T00:00:00Z,44.75993354,45.52153716,44.28680102,45.19014476,409674720
2023-10-10T00:00:00Z,45.22707705,46.17434026,45.00548333,45.71418395,368582080
2023-10-11T00:00:00Z,46.11145556,46.77324218,45.96572275,46.72033918,378136890
2023-10-12T00:00:00Z,46.69139225,47.52186959,46.24521032,46.85908479,481325000
2023-10-13T00:00:00Z,46.87405734,47.02977184,45.19713195,45.3778007,475425990
2023-10-16T00:00:00Z,44.98052909,46.14040248,44.82980544,46.0106404,375099240
2023-10-17T00:00:00Z,43.91947451,44.6720946,42.4022563,43.85758798,812332670
2023-10-18T00:00:00Z,42.51305316,43.13990384,41.74845503,42.11877606,627294340
2023-10-19T00:00:00Z,42.73265053,43.21776109,41.80535071,42.02394992,501233080
2023-10-20T00:00:00Z,41.81333607,42.3922746,41.00282213,41.31125663,477266050
2023-10-23T00:00:00Z,41.15354579,43.16884078,40.87006554,42.89635039,478530490
2023-10-24T00:00:00Z,42.99816372,43.61702904,42.61287014,43.58309126,401463370
2023-10-25T00:00:00Z,43.31857625,43.57011505,41.47894917,41.70253922,398379220
2023-10-26T00:00:00Z,41.77640379,42.17821707,39.80720428,40.25219839,541001320
2023-10-27T00:00:00Z,41.05472697,41.13058788,39.94176756,40.42587995,416784410
2023-10-30T00:00:00Z,41.01180566,41.68956301,40.40691472,41.08567023,388028140
2023-10-31T00:00:00Z,40.37597145,40.80418633,39.15821419,40.70536751,517968700
2023-11-01T00:00:00Z,40.80917718,42.30343748,40.79420463,42.24753997,437592900
2023-11-02T00:00:00Z,43.24870435,43.8036868,42.81549863,43.42637859,409171870
2023-11-03T00:00:00Z,43.93943791,45.22606889,43.64298145,44.92263523,424609590
2023-11-06T00:00:00Z,45.20162371,45.85093322,44.81682923,45.66726996,400733350
2023-11-07T00:00:00Z,45.63532853,46.13341529,45.07485614,45.87089662,343165470
2023-11-08T00:00:00Z,46.01563125,46.78122754,45.88387282,46.48876377,346718940
2023-11-09T00:00:00Z,47.38012947,48.14173308,46.66444167,46.86407564,540495970
2023-11-10T00:00:00Z,47.41306907,48.38329019,47.19647619,48.24654092,422441560
2023-11-13T00:00:00Z,48.23156837,49.02611159,48.01098281,48.53101933,384135700
2023-11-14T00:00:00Z,49.5890794,49.74279756,48.95026066,49.56512332,416953870
2023-11-15T00:00:00Z,49.84361272,49.86856697,48.11178799,48.79852886,475497350
2023-11-16T00:00:00Z,48.58991136,49.43405364,48.24155007,49.38944543,339756240
2023-11-17T00:00:00Z,49.4333649,49.62601169,48.91731108,49.20777851,325896910
2023-11-20T00:00:00Z,49.22175289,50.45549085,49.09100262,50.31674524,416142600
2023-11-21T00:00:00Z,50.03426317,50.42454759,49.1319176,49.85259625,565746870
2023-11-22T00:00:00Z,49.76076462,50.24282078,47.60272135,48.62684364,900642330
2023-11-24T00:00:00Z,48.38130383,48.83146847,47.65762069,47.68856396,294644640
2023-11-27T00:00:00Z,47.71252004,48.44118404,47.56479089,48.15371112,395661900
2023-11-28T00:00:00Z,48.1477221,48.23446306,47.38611849,47.7334816,401490850
2023-11-29T00:00:00Z,48.29046039,48.67275946,47.77241023,48.05189779,382004650
2023-11-30T00:00:00Z,47.93611009,48.0219527,46.33704195,46.68440506,526246630
2023-12-01T00:00:00Z,46.43985344,47.11361811,46.10247203,46.67941421,369317010
2023-12-04T00:00:00Z,45.99267334,45.99267334,44.92762608,45.42671102,437543440
2023-12-05T00:00:00Z,45.38668991,46.51871178,45.19203006,46.48477109,371717620
2023-12-06T00:00:00Z,47.13213986,47.30433895,45.33278411,45.42362537,367785990
2023-12-07T00:00:00Z,45.62028172,46.54766119,45.52444919,46.51471876,350822550
2023-12-08T00:00:00Z,46.5137205,47.6575717,46.468799,47.42313137,359223700
2023-12-11T00:00:00Z,47.40815754,47.44808776,45.75005495,46.54566468,509728090
2023-12-12T00:00:00Z,45.96567817,47.58285227,45.96567817,47.57386797,372386860
2023-12-13T00:00:00Z,47.54591681,48.50923348,47.52495344,48.00411614,447791860
2023-12-14T00:00:00Z,48.30558934,48.58510091,47.3392779,48.26565911,391231740
2023-12-15T00:00:00Z,48.10993123,49.31782053,48.03606032,48.80471714,479947580
2023-12-18T00:00:00Z,49.31382751,50.34501558,49.06426361,49.98964656,412587170
2023-12-19T00:00:00Z,49.33778564,49.61330419,48.80970842,49.51747166,463132480
2023-12-20T00:00:00Z,49.56838269,49.91178262,48.0140987,48.02707602,397894390
2023-12-21T00:00:00Z,48.72585495,49.00935955,48.33453875,48.90454271,300425350
2023-12-22T00:00:00Z,49.10918511,49.29685716,48.38245502,48.74482181,252506760
2023-12-26T00:00:00Z,48.88258108,49.51347863,48.87459504,49.19303858,244199520
2023-12-27T00:00:00Z,49.42463388,49.59333908,48.99937699,49.33079786,232154310
2023-12-28T00:00:00Z,49.55640362,49.79697325,49.32580658,49.43561469,246587480
2023-12-29T00:00:00Z,49.72610708,49.90978611,48.66595961,49.43561469,389293300
2024-01-02T00:00:00Z,49.15809963,49.20901067,47.51197612,48.08397659,411254220
2024-01-03T00:00:00Z,47.402168,48.1000485,47.23745582,47.48602147,320896170
2024-01-04T00:00:00Z,47.68367609,48.41539745,47.42512788,47.91427313,306534890
2024-01-05T00:00:00Z,48.37746374,49.46057109,48.22174585,49.01135606,410804550
2024-01-08T00:00:00Z,49.42563214,52.18381241,49.3926897,52.16185079,642509900
2024-01-09T00:00:00Z,52.30959262,54.23023643,51.59983287,53.04730352,773100060
2024-01-10T00:00:00Z,53.52247319,54.50475672,53.39569473,54.25519282,533795760
2024-01-11T00:00:00Z,54.90306071,55.24945541,53.46657088,54.72636947,596758770
2024-01-12T00:00:00Z,54.52472183,54.8741113,54.23530756,54.61456484,352993600
2024-01-16T00:00:00Z,54.92202757,56.73584804,54.80423341,56.28364823,449579730
2024-01-17T00:00:00Z,56.24870929,56.37217354,54.64451251,55.95522213,474394440
2024-01-18T00:00:00Z,57.16011666,57.49952357,56.00912794,57.00738355,491650360
2024-01-19T00:00:00Z,57.88784501,59.39620925,57.12517772,59.38722495,543501480
2024-01-22T00:00:00Z,59.94425158,60.22575967,58.96695933,59.54994061,452954630
2024-01-23T00:00:00Z,59.46608714,59.80549405,58.48280536,59.76855859,294654450
2024-01-24T00:00:00Z,60.19880676,62.73936731,59.83344521,61.25496121,557068700
2024-01-25T00:00:00Z,62.24123776,62.60959408,60.74385433,61.50951639,482776840
2024-01-26T00:00:00Z,60.85366245,61.67522682,60.46733753,60.9245386,390308590
2024-01-29T00:00:00Z,61.12518798,62.37999529,60.8007549,62.35603715,348732980
2024-01-30T00:00:00Z,62.79027835,63.38224393,62.15139475,62.66449814,410735300
2024-01-31T00:00:00Z,61.33282515,62.16039902,60.59411599,61.41967338,453794870
2024-02-01T00:00:00Z,61.99167385,63.08077073,61.54245883,62.91705681,369145790
2024-02-02T00:00:00Z,63.86240488,66.48382413,63.57890029,66.04459166,476577650
2024-02-05T00:00:00Z,68.10598951,69.37577066,67.08776878,69.21105848,680078010
2024-02-06T00:00:00Z,69.50853865,69.63231237,66.18434745,68.103993,683111360
2024-02-07T00:00:00Z,68.19982554,70.09750947,67.48207975,69.97672054,495574550
2024-02-08T00:00:00Z,69.95176415,70.67050819,69.33384392,69.51951947,414422110
2024-02-09T00:00:00Z,70.40996348,72.05908176,70.08952342,72.00717246,436636890
2024-02-12T00:00:00Z,72.47335784,74.48084988,71.12571275,72.12197186,613710180
2024-02-13T00:00:00Z,70.27719548,73.32187511,69.4985561,72.00218119,602580150
2024-02-14T00:00:00Z,73.07430772,74.10650403,71.81251262,73.77109014,504917420
2024-02-15T00:00:00Z,73.74014422,73.84595931,72.27370671,72.53125666,420121810
2024-02-16T00:00:00Z,73.97074126,74.27221446,72.37453053,72.48633516,495326620
2024-02-20T00:00:00Z,71.82149692,71.83048122,67.615846,69.33084915,704833100
2024-02-21T00:00:00Z,67.88737153,68.76783299,66.13243815,67.35430303,690298130
2024-02-22T00:00:00Z,74.89412771,78.43793515,74.09053194,78.4009997,865099740
2024-02-23T00:00:00Z,80.64907135,82.25027336,77.43468826,78.67951301,829388370
2024-02-26T00:00:00Z,79.56097272,80.50531255,78.36805726,78.95403331,503972730
2024-02-27T00:00:00Z,79.24252918,79.34135649,77.02739997,78.56371536,391705240
2024-02-28T00:00:00Z,77.48460104,78.79531066,76.99046451,77.52752603,393110400
2024-02-29T00:00:00Z,78.95602982,79.85046685,78.21332764,78.97399842,507288980
2024-03-01T00:00:00Z,79.86044941,82.15643733,79.29646493,82.13547396,479135100
2024-03-04T00:00:00Z,83.98324511,87.54202639,83.57296205,85.08831408,615616450
2024-03-05T00:00:00Z,85.1252173,85.95081311,83.27537355,85.81803893,520639300
2024-03-06T00:00:00Z,87.87254459,89.57165471,86.88223892,88.54939339,582520300
2024-03-07T00:00:00Z,90.00491781,92.6094879,89.44987184,92.5116543,608119160
2024-03-08T00:00:00Z,94.97636227,97.23462138,86.35911865,87.37938337,1142269060
2024-03-11T00:00:00Z,86.2822494,88.64622869,84.02309182,85.62836154,666115100
2024-03-12T00:00:00Z,87.89949874,91.80385813,86.00382295,91.75693793,654374800
2024-03-13T00:00:00Z,90.90039476,91.34863239,88.28484334,90.73367831,627266260
2024-03-14T00:00:00Z,89.4249043,90.49208921,86.45295905,87.79467703,597110810
2024-03-15T00:00:00Z,86.78239873,89.39395694,86.11054144,87.68735956,642086160
2024-03-18T00:00:00Z,90.23452728,92.24810255,86.93713555,88.30480938,668975930
2024-03-19T00:00:00Z,86.55278926,90.3902624,84.86565876,89.24620823,672171270
2024-03-20T00:00:00Z,89.64453076,90.25648993,88.0732033,90.21855445,479062790
2024-03-21T00:00:00Z,92.14328083,92.49068995,90.25149842,91.27974955,480372310
2024-03-22T00:00:00Z,90.98624874,94.61706337,90.67977999,94.12890365,586719360
2024-03-25T00:00:00Z,93.78149453,96.60168788,93.35122634,94.84069302,552136080
2024-03-26T00:00:00Z,95.68825148,96.21136176,92.34493785,92.40383767,513647580
2024-03-27T00:00:00Z,92.95390211,93.08168478,88.97167517,90.0967616,586067230
2024-03-28T00:00:00Z,89.84718608,91.14497877,89.04155631,90.20258161,435212270
2024-04-01T00:00:00Z,90.1456784,92.06840818,89.05253763,90.20956973,448117330
2024-04-02T00:00:00Z,88.29782127,89.94102647,87.47122716,89.30011655,431379350
2024-04-03T00:00:00Z,88.33376014,90.22055105,88.24990277,88.81294514,367591260
2024-04-04T00:00:00Z,90.25249672,90.48009961,85.73418156,85.75913911,428869900
2024-04-05T00:00:00Z,86.7185074,88.33076524,85.78010346,87.85856836,397728780
2024-04-08T00:00:00Z,88.54939339,88.67917266,86.58473492,86.98505405,279075320
2024-04-09T00:00:00Z,87.29352939,87.48620169,82.88103425,85.20907467,499779740
2024-04-10T00:00:00Z,83.78349932,87.2516007,83.56686777,86.89121366,431928530
2024-04-11T00:00:00Z,87.27156674,90.58492132,86.77840552,90.46214015,431637270
2024-04-12T00:00:00Z,89.54669716,90.02187896,87.38137997,88.03626613,426804790
2024-04-15T00:00:00Z,88.94671761,90.45914525,85.78310834,85.85497611,443076950
2024-04-16T00:00:00Z,86.28574345,87.96838159,85.91776931,87.26657523,370453020
2024-04-17T00:00:00Z,88.19000465,88.62426605,83.80745857,83.89231425,495399510
2024-04-18T00:00:00Z,84.82572668,86.04364522,82.26208697,84.52723436,447260340
2024-04-19T00:00:00Z,83.00881692,84.18082354,75.47762612,76.07061755,875198000
2024-04-22T00:00:00Z,77.97138468,79.93704145,76.27027796,79.38298381,596340510
2024-04-23T00:00:00Z,80.63185969,82.62846383,80.12771715,82.28305131,438559370
2024-04-24T00:00:00Z,83.80745857,83.93923444,79.04855261,79.54171384,512207530
2024-04-25T00:00:00Z,78.73409745,83.18151319,78.09018263,82.49169645,424640730
2024-04-26T00:00:00Z,83.6756827,88.18095005,83.24541451,87.5860319,551010780
2024-04-29T00:00:00Z,87.44626961,87.84259553,85.12122409,87.60799454,388970760
2024-04-30T00:00:00Z,87.09187237,88.66819134,86.15346843,86.25529524,363708700
2024-05-01T00:00:00Z,84.932545,85.85397781,81.11659525,82.90000199,559863170
2024-05-02T00:00:00Z,84.3056113,86.0905754,83.05873202,85.67128853,377897540
2024-05-03T00:00:00Z,87.63994021,89.12940689,86.89221196,88.63824227,398340720
2024-05-06T00:00:00Z,89.23822182,92.06341667,88.90379062,91.9835525,376202550
2024-05-07T00:00:00Z,90.94332175,91.62515208,88.85986533,90.40024542,437341610
2024-05-08T00:00:00Z,89.33056476,91.03915875,89.26817088,90.25848653,325721020
2024-05-09T00:00:00Z,90.37528787,90.9173659,88.08118972,88.59631359,378012680
2024-05-10T00:00:00Z,90.15116906,91.24580728,89.07549858,89.72539323,335325410
2024-05-13T00:00:00Z,90.32437447,90.84349154,88.37868374,90.2455086,289680170
2024-05-14T00:00:00Z,89.44686695,91.49538279,88.78299607,91.20088368,296507080
2024-05-15T00:00:00Z,92.31498879,94.70093073,91.44347108,94.46932465,417735450
2024-05-16T00:00:00Z,94.74884923,95.65629583,93.94321946,94.19878479,323951820
2024-05-17T00:00:00Z,94.20876781,94.57913788,91.65011961,92.3219769,359691030
2024-05-20T00:00:00Z,93.59081883,95.03835683,93.28134519,94.61906996,318764460
2024-05-21T00:00:00Z,93.44007522,95.23801724,93.02178665,95.22404101,328946460
2024-05-22T00:00:00Z,95.29691707,95.85696453,93.0906695,94.78878131,548647990
2024-05-23T00:00:00Z,101.8547633,106.1394758,101.3476259,103.6227563,835065280
2024-05-24T00:00:00Z,104.2716527,106.2942126,102.825113,106.2882228,429493670
2024-05-28T00:00:00Z,110.0568131,114.7438413,109.6964261,113.7076038,652727890
2024-05-29T00:00:00Z,112.8580487,115.2959024,110.7126976,114.6300349,557441930
2024-05-30T00:00:00Z,114.455332,115.6224969,109.4767996,110.3123785,487350330
2024-05-31T00:00:00Z,112.3289486,112.5256141,106.7584231,109.4468506,613262500
2024-06-03T00:00:00Z,113.4280792,114.8047378,111.8128265,114.8047378,438391760
2024-06-04T00:00:00Z,115.519522,116.4020211,113.8513593,116.2392978,403324010
2024-06-05T00:00:00Z,118.170014,122.241589,117.2685473,122.2321051,528401780
2024-06-06T00:00:00Z,123.8373749,125.3737618,118.1191006,120.7925536,664696190
2024-06-07T00:00:00Z,119.5666386,121.4850857,117.8216066,120.6827403,412385800
2024-06-10T00:00:00Z,120.1656199,122.8909845,116.8113249,121.5832088,308134791
2024-06-11T00:00:00Z,121.5732968,122.6715199,118.5481914,120.714686,222551158
2024-06-12T00:00:00Z,122.861213,126.6750423,122.3720045,124.9977561,299595001
2024-06-13T00:00:00Z,129.1809877,129.5903254,126.95459,129.4006323,260704537
2024-06-14T00:00:00Z,129.7500669,132.6254147,128.1127161,131.6669654,309320376
2024-06-17T00:00:00Z,132.7751724,133.513977,129.3706808,130.7684193,288504444
2024-06-18T00:00:00Z,130.9281608,136.1097771,130.4788877,135.3609886,294335054
2024-06-20T00:00:00Z,139.5741717,140.532621,129.3107777,130.5687423,517768425
2024-06-21T00:00:00Z,126.9146546,130.4189846,124.0992099,126.365543,655484664
2024-06-24T00:00:00Z,123.0409222,124.2589515,117.8493221,117.919209,476060866
2024-06-25T00:00:00Z,121.0042176,126.2956561,119.1272544,125.8863184,425787456
2024-06-26T00:00:00Z,125.9262538,127.9130392,122.401956,126.1958176,362975918
2024-06-27T00:00:00Z,123.899533,126.2058015,122.7214391,123.7897107,252571693
2024-06-28T00:00:00Z,124.3787576,127.5037015,122.5517137,123.3404376,315516740
2024-07-01T00:00:00Z,123.2705507,124.6383376,118.638046,124.0992099,284885534
2024-07-02T00:00:00Z,120.9343306,123.2106476,120.8344922,122.471843,218373969
2024-07-03T00:00:00Z,121.4634745,128.0727808,121.1639591,128.0727808,215748955
2024-07-05T00:00:00Z,127.1742346,128.64186,125.4769807,125.6267384,214176689
2024-07-08T00:00:00Z,127.2840569,130.5587585,126.8347838,127.99291,237677322
2024-07-09T00:00:00Z,130.1394369,133.6038316,128.4421831,131.1677731,287020820
2024-07-10T00:00:00Z,133.8134924,134.881764,132.2060931,134.6920709,248978569
2024-07-11T00:00:00Z,135.530714,135.9300678,126.8447677,127.1942023,374782738
2024-07-12T00:00:00Z,128.0528131,131.7069008,127.014493,129.03123,252680535
2024-07-15T00:00:00Z,130.3490977,131.177757,126.9745577,128.2325223,208326164
2024-07-16T00:00:00Z,128.2325223,128.8315531,124.3787576,126.1558823,214769515
2024-07-17T00:00:00Z,121.1539752,121.6531676,116.5314544,117.7994029,390086189
2024-07-18T00:00:00Z,121.6531676,122.2022791,116.3717129,120.8943952,320979530
2024-07-19T00:00:00Z,120.1555906,121.4035714,117.1804044,117.7394998,217223800
2024-07-22T00:00:00Z,120.1555906,123.8695814,119.6663821,123.3404376,258068943
2024-07-23T00:00:00Z,122.5816653,124.4885799,121.9027637,122.3919722,173910983
2024-07-24T00:00:00Z,118.9774967,119.7562368,113.2567528,114.0654443,327776884
2024-07-25T00:00:00Z,112.8573989,116.4415998,106.1282865,112.0986266,460067019
2024-07-26T00:00:00Z,116.0023105,116.0122944,111.3997574,112.8773666,293399073
2024-07-29T00:00:00Z,113.506349,116.0921652,111.1202097,111.4097412,248152068
2024-07-30T00:00:00Z,111.3398543,111.8090951,102.3743603,103.562438,486833274
2024-07-31T00:00:00Z,112.7176251,118.1488375,110.7008881,116.8309698,473174182
2024-08-01T00:00:00Z,117.3401459,119.9658975,106.637862,109.0335858,523462326
2024-08-02T00:00:00Z,103.5923895,108.5443773,101.2062503,107.0967196,482027464
2024-08-05T00:00:00Z,91.91128934,103.2429549,90.54350239,100.2877364,552842375
2024-08-06T00:00:00Z,103.6722603,107.5360088,100.3875749,104.081598,409012089
2024-08-07T00:00:00Z,107.6358473,108.6242481,98.53057946,98.75022408,411440423
2024-08-08T00:00:00Z,101.8352326,105.3295788,97.36246944,104.800435,391910023
2024-08-09T00:00:00Z,105.4693527,106.4278019,103.2629226,104.5807903,290844157
2024-08-12T00:00:00Z,106.1482542,110.8905812,106.0883511,108.8438927,325559870
2024-08-13T00:00:00Z,112.2583682,116.0422459,111.3997574,115.9523913,312646660
2024-08-14T00:00:00Z,118.3385306,118.4084175,113.8857351,117.8892575,339246407
2024-08-15T00:00:00Z,118.568159,123.0409222,117.2802429,122.661536,318086673
2024-08-16T00:00:00Z,121.7430222,124.7980792,120.9842499,124.3787576,302589872
2024-08-19T00:00:00Z,124.0792422,129.7900023,123.2206314,129.7900023,318333577
2024-08-20T00:00:00Z,128.1925869,129.6701962,125.6866415,127.0444446,300087415
2024-08-21T00:00:00Z,127.1093396,129.1410523,126.4553976,128.2924254,257883572
2024-08-22T00:00:00Z,129.80997,130.5387908,122.9011484,123.5401145,376189076
2024-08-23T00:00:00Z,125.6566899,129.3906485,125.0177238,129.16102,323230332
2024-08-26T00:00:00Z,129.3606969,131.047967,124.1690968,126.2557207,331964672
2024-08-27T00:00:00Z,124.8479984,128.9912946,123.6798884,128.0927484,303134573
2024-08-28T00:00:00Z,127.9130392,128.1227,122.4418914,125.4070938,448101115
2024-08-29T00:00:00Z,121.1589672,124.2289999,116.5214705,117.400049,453023305
2024-08-30T00:00:00Z,119.3369152,121.5533291,117.0306467,119.1771737,333751583
2024-09-03T00:00:00Z,115.8226013,116.0222782,107.1166873,107.8255404,477155100
2024-09-04T00:00:00Z,105.2397242,113.0870274,103.951808,106.0384319,368378810
2024-09-05T00:00:00Z,104.8154107,109.472875,104.5907742,107.0368165,306850696
2024-09-06T00:00:00Z,107.8654758,107.9752981,100.7869287,102.6638918,413638098
2024-09-09T00:00:00Z,104.7105803,106.3778827,103.5225026,106.2980119,273912015
2024-09-10T00:00:00Z,107.6358473,109.2232789,104.7804673,107.9253789,268283736
2024-09-11T00:00:00Z,109.213295,117.0006952,107.2464773,116.7211475,441422370
2024-09-12T00:00:00Z,116.6610517,120.605002,115.2032877,118.9575291,367100496
2024-09-13T00:00:00Z,118.8976209,119.7712808,117.4198877,118.9175903,238358328
2024-09-16T00:00:00Z,116.6111282,117.9989994,114.1848499,116.6011436,248772308
2024-09-17T00:00:00Z,117.9890147,118.6180498,114.6541301,115.4129661,231925876
2024-09-18T00:00:00Z,115.7125066,117.5197345,113.0465959,113.1963662,310318937
2024-09-19T00:00:00Z,117.1702706,119.4767326,117.0704237,117.6894741,293506438
2024-09-20T00:00:00Z,116.8807147,118.4364284,115.2133723,115.8223382,382462428
2024-09-23T00:00:00Z,116.3714958,116.8108219,114.6840842,116.08194,206228490
2024-09-24T00:00:00Z,116.3365494,121.6134551,115.2032877,120.6848794,354966772
2024-09-25T00:00:00Z,121.8331181,124.748646,121.4237461,123.3208361,284692948
2024-09-26T00:00:00Z,126.6057972,127.4694724,121.6134551,123.8500244,302582868
2024-09-27T00:00:00Z,123.7801316,123.8400397,119.0773453,121.2140677,271009175
2024-09-30T00:00:00Z,118.1288003,121.3139146,117.9690453,121.2540064,227053651
2024-10-01T00:00:00Z,121.5785087,122.2475824,115.6126598,116.8208066,302094485
2024-10-02T00:00:00Z,116.2616643,119.1971615,114.9636553,118.6679732,221845887
2024-10-03T00:00:00Z,120.7348029,124.1695343,120.155791,122.6618469,277117973
2024-10-04T00:00:00Z,124.748646,124.8484928,121.6434091,124.7286766,244465552
2024-10-07T00:00:00Z,124.7985694,130.439916,124.7586306,127.5243882,346250233
2024-10-08T00:00:00Z,130.060498,133.2755664,129.2217845,132.68647,285722485
2024-10-09T00:00:00Z,133.9046015,134.3139735,131.1787827,132.4468376,246191612
2024-10-10T00:00:00Z,131.7079709,134.7932384,130.7993647,134.6035294,242311337
2024-10-11T00:00:00Z,133.8047546,135.5720438,133.4552907,134.5935447,170209474
2024-10-14T00:00:00Z,136.260987,139.3861932,136.0912474,137.8585365,232347668
2024-10-15T00:00:00Z,137.6588428,138.3577707,128.542826,131.3984457,377831021
2024-10-16T00:00:00Z,133.7748006,136.4107573,131.3784764,135.5121357,264879720
2024-10-17T00:00:00Z,139.1265914,140.6742175,136.6603744,136.7202825,306435921
2024-10-18T00:00:00Z,138.4526252,138.6872653,137.0697464,137.7886437,176090184
2024-10-21T00:00:00Z,137.9184446,143.4898984,137.7886437,143.4898984,264554514
2024-10-22T00:00:00Z,142.6911237,144.198811,141.5628544,143.3700822,226311589
2024-10-23T00:00:00Z,141.8124715,142.2118588,137.2494707,139.3462544,285930038
2024-10-24T00:00:00Z,140.6043247,141.1335129,138.2479392,140.1949526,172354888
2024-10-25T00:00:00Z,140.7141562,143.9092552,140.5843553,141.3232219,205122109
2024-10-28T00:00:00Z,142.7809859,142.9207714,139.835504,140.3047841,173586745
2024-10-29T00:00:00Z,140.0701441,142.0419195,138.6872653,141.0336661,157593634
2024-10-30T00:00:00Z,139.3262851,140.1150751,136.6004663,139.121599,179418082
2024-10-31T00:00:00Z,137.3892563,137.399241,131.9082637,132.5566691,270039641
2024-11-01T00:00:00Z,134.4936979,137.0997005,134.363897,135.1926258,207127838
2024-11-04T00:00:00Z,136.9998536,138.7471734,135.3623654,135.8416302,187528173
2024-11-05T00:00:00Z,137.2394861,140.1551137,137.1196698,139.6957184,160537373
2024-11-06T00:00:00Z,142.7410471,146.2656407,141.7425787,145.3869885,242043945
2024-11-07T00:00:00Z,146.1657938,148.7019037,145.9461308,148.6519802,207323303
2024-11-08T00:00:00Z,148.5421487,149.5406171,146.0359929,147.4038947,175665830
2024-11-11T00:00:00Z,148.4522865,148.6220262,143.3501129,145.0375245,182325620
2024-11-12T00:00:00Z,146.5551965,149.4208009,145.7863758,148.0628839,198634738
2024-11-13T00:00:00Z,148.8416892,149.101291,145.6765443,146.0459776,191903267
2024-11-14T00:00:00Z,147.4138794,148.7717964,145.3270804,146.5352272,194463301
2024-11-15T00:00:00Z,144.6481218,145.0175551,139.865458,141.7625481,250132869
2024-11-18T00:00:00Z,139.2863463,141.3332066,136.9399455,139.9353508,221865993
2024-11-19T00:00:00Z,141.1035589,146.9046605,140.7740643,146.7848443,227834912
2024-11-20T00:00:00Z,147.1842316,147.3340019,142.5113994,145.6665596,309871654
2024-11-21T00:00:00Z,149.1212604,152.6558387,140.4845085,146.445365,400946570
2024-11-22T00:00:00Z,145.7064984,146.9346145,140.8838958,141.732594,236406154
2024-11-25T00:00:00Z,141.7725327,141.8324408,135.6119825,135.8116762,344941875
2024-11-26T00:00:00Z,137.4891032,139.0866527,135.4622122,136.7102978,190287654
2024-11-27T00:00:00Z,134.8032231,137.0098383,131.5981394,135.1327177,226370912
2024-11-29T00:00:00Z,136.5705122,139.1365761,135.8416302,138.0382608,141863156
2024-12-02T00:00:00Z,138.6173725,140.2348913,137.6139117,138.4176788,171682777
2024-12-03T00:00:00Z,138.0482455,140.3247535,137.7387203,140.0451823,164413965
2024-12-04T00:00:00Z,141.7775251,145.5667128,140.0751364,144.9177083,231224295
2024-12-05T00:00:00Z,144.8977424,146.3256507,143.7394391,144.8478155,172621180
2024-12-06T00:00:00Z,144.3884884,145.4868794,141.1033008,142.2316479,188505573
2024-12-09T00:00:00Z,138.7667236,139.7452901,136.929415,138.6069576,189308625
2024-12-10T00:00:00Z,138.8066651,141.6125548,133.5943005,134.8724282,210020888
2024-12-11T00:00:00Z,137.1590786,139.9649683,135.0122235,139.1062262,184905192
2024-12-12T00:00:00Z,136.8794881,138.2374988,135.6013604,137.1391078,159211393
2024-12-13T00:00:00Z,138.7367675,139.395802,132.346129,134.0536277,231514881
2024-12-16T00:00:00Z,133.9837301,134.2034083,130.22923,131.8069188,237951130
2024-12-17T00:00:00Z,128.9011754,131.3975186,126.6744373,130.1992738,259410263
2024-12-18T00:00:00Z,133.6641982,136.500044,128.0923602,128.7214387,277444533
2024-12-19T00:00:00Z,131.5672699,133.8339495,129.3605025,130.4888497,209719210
2024-12-20T00:00:00Z,129.6201222,135.0821211,128.032448,134.5029695,306528553
2024-12-23T00:00:00Z,136.0806583,139.5855241,134.922455,139.4656997,176053506
2024-12-24T00:00:00Z,139.795217,141.6924378,138.4471916,140.0148952,105156989
2024-12-26T00:00:00Z,139.4956558,140.6439736,137.5285374,139.7253193,116519090
2024-12-27T00:00:00Z,138.3473379,138.8166504,134.5129548,136.8095905,170582603
2024-12-30T00:00:00Z,134.6327793,140.064822,133.8239641,137.2888884,167734700
2024-12-31T00:00:00Z,137.8280985,137.86804,133.634242,134.0935692,155659211
2025-01-02T00:00:00Z,135.8010679,138.6768552,134.4330718,138.107689,198247166
2025-01-03T00:00:00Z,139.8052023,144.6880495,139.5256119,144.2586785,229322478
2025-01-06T00:00:00Z,148.372652,151.9334359,147.6038782,149.2114234,265377359
2025-01-07T00:00:00Z,152.8061575,152.9060112,139.8052023,139.9350122,351782174
2025-01-08T00:00:00Z,142.3714431,143.7394391,137.358786,139.9050561,227349948
2025-01-10T00:00:00Z,137.2489469,139.715334,134.0236716,135.7111995,207602514
2025-01-13T00:00:00Z,129.7998589,133.2947394,129.3205611,133.0351197,204808914
2025-01-14T00:00:00Z,135.8509948,136.1805121,129.8597712,131.5672699,195590485
2025-01-15T00:00:00Z,133.4545053,136.2504097,131.0979574,136.0407168,185217338
2025-01-16T00:00:00Z,138.4372063,138.5470454,133.2947394,133.3746223,209235583
2025-01-17T00:00:00Z,136.4900586,138.2974111,135.2667506,137.5085666,201188760
2025-01-21T00:00:00Z,138.9564457,141.6225401,136.8894735,140.6240029,197748985
2025-01-22T00:00:00Z,144.4484006,147.5738222,143.4598487,146.8548754,237651395
2025-01-23T00:00:00Z,144.8378301,147.0146414,143.5097756,147.004656,155915549
2025-01-24T00:00:00Z,148.1529739,148.7520962,141.672467,142.4113846,234657635
2025-01-27T00:00:00Z,124.6174505,128.2121847,116.5292987,118.2467828,818830895
2025-01-28T00:00:00Z,121.6318241,128.811307,116.0799569,128.8013217,579666350
2025-01-29T00:00:00Z,126.3149639,126.7043934,119.8743985,123.5190596,467120640
2025-01-30T00:00:00Z,122.9199372,124.817158,117.9272509,124.46767,392925469
2025-01-31T00:00:00Z,123.5989425,127.6629892,119.0156565,119.8943693,390372899
2025-02-03T00:00:00Z,114.582151,118.3965634,112.8446962,116.4893572,371235677
2025-02-04T00:00:00Z,116.7889184,121.0227164,116.5292987,118.4764464,256550040
2025-02-05T00:00:00Z,121.5818973,124.817158,120.58336,124.6474067,263110629
2025-02-06T00:00:00Z,127.2336182,128.5816435,125.0268508,128.4917751,251483574
2025-02-07T00:00:00Z,129.0309852,130.1793031,124.817158,129.6500784,228186298
2025-02-10T00:00:00Z,129.8997127,134.8025306,129.7699028,133.3746223,216989086
2025-02-11T00:00:00Z,132.3860705,134.2832913,130.8283523,132.6057487,178902379
2025-02-12T00:00:00Z,129.8298151,132.0465678,128.89119,130.9481768,160278552
2025-02-13T00:00:00Z,131.3625698,136.3003365,130.9781329,135.0921064,197429975
2025-02-14T00:00:00Z,136.2803658,139.046314,135.3017993,138.6468991,195479557
2025-02-18T00:00:00Z,141.0633593,143.2301851,137.7232521,139.1960946,219176627
2025-02-19T00:00:00Z,139.3059337,141.1532276,137.0192834,139.0263433,167536006
2025-02-20T00:00:00Z,139.8251731,140.4542515,136.5900122,139.9050561,143903583
2025-02-21T00:00:00Z,139.8351584,141.2530814,133.8339495,134.2333644,228217585
2025-02-24T00:00:00Z,136.3602488,138.3872794,129.8897273,130.0894347,251381137
2025-02-25T00:00:00Z,129.7898736,130.0095518,124.2579771,126.4447737,271428711
2025-02-26T00:00:00Z,129.7948663,133.5343883,128.302053,131.087972,322553814
2025-02-27T00:00:00Z,134.8025306,134.812516,119.834457,119.9742523,443175846
2025-02-28T00:00:00Z,117.8473679,124.9070263,116.2297375,124.737275,389091145
2025-03-03T00:00:00Z,123.3293375,123.5190596,112.115764,113.8931603,411381373
2025-03-04T00:00:00Z,110.4831556,119.135481,109.9489381,115.8203372,398163305
2025-03-05T00:00:00Z,117.4080115,118.1050904,114.3425021,117.1284211,284337886
2025-03-06T00:00:00Z,113.3639356,115.1812734,110.0587772,110.4082653,321181861
2025-03-07T00:00:00Z,111.0872706,113.3140087,107.4026681,112.5251643,341755468
2025-03-10T00:00:00Z,109.7392453,111.686393,105.3057399,106.8235165,361107562
2025-03-11T00:00:00Z,106.8335019,112.0718284,104.6167491,108.6009128,354865692
2025-03-12T00:00:00Z,113.9629182,116.5992843,112.724625,115.5806883,323857454
2025-03-13T00:00:00Z,116.8689127,117.5979078,113.6333724,115.4209085,299033131
2025-03-14T00:00:00Z,118.4467379,121.7122368,117.987371,121.5025259,277593455
2025-03-17T00:00:00Z,122.5710531,122.7208466,117.8675362,119.3654715,255501481
2025-03-18T00:00:00Z,117.8375775,118.8561735,114.3823401,115.271115,299686944
2025-03-19T00:00:00Z,117.1085823,120.279212,115.5207709,117.3582382,273426225
2025-03-20T00:00:00Z,116.3895734,120.0345493,116.3096835,118.366848,248829749
2025-03-21T00:00:00Z,116.7790365,117.8275913,115.2611288,117.5379904,266498528
2025-03-24T00:00:00Z,119.7149897,122.0517688,119.175733,121.2428838,228452534
2025-03-25T00:00:00Z,120.3790744,121.1230489,118.7563112,120.5238748,167447198
2025-03-26T00:00:00Z,118.5665727,118.6764213,112.554859,113.6034137,296431667
2025-03-27T00:00:00Z,111.196731,114.2924639,110.5076807,111.2766209,236902055
2025-03-28T00:00:00Z,111.3315451,112.7146387,108.9199692,109.5190434,229872549
2025-03-31T00:00:00Z,104.9852926,110.8022747,103.5073297,108.2308191,299212653
2025-04-01T00:00:00Z,108.3656332,110.0483139,106.3234481,109.9983827,222614034
2025-04-02T00:00:00Z,107.1423194,111.8258638,106.6430076,110.2680111,220601243
2025-04-03T00:00:00Z,103.3675224,105.4846043,101.4601515,101.6598762,338769412
2025-04-04T00:00:00Z,98.77385416,99.99217487,91.9832141,94.18018588,532273810
2025-04-07T00:00:00Z,87.33961464,101.609945,86.50077087,97.50560226,611041347
2025-04-08T00:00:00Z,103.6621164,105.7043015,94.32997941,96.16744672,476243392
2025-04-09T00:00:00Z,98.75388168,114.9415692,97.39585354,114.1726291,612918336
2025-04-10T00:00:00Z,109.2194564,110.7074054,99.0135238,107.421934,437812353
2025-04-11T00:00:00Z,108.3506539,111.3963558,107.3320579,110.7773091,313417265
2025-04-14T00:00:00Z,113.9529319,114.1326842,108.9198693,110.5576119,264705049
2025-04-15T00:00:00Z,110.817254,113.4586133,110.347901,112.045561,228966900
2025-04-16T00:00:00Z,104.4060909,106.6430076,100.3117344,104.3461735,397016870
2025-04-17T00:00:00Z,104.3062286,104.326201,99.91228499,101.3503029,292517465
2025-04-21T00:00:00Z,98.63404686,99.30312463,94.90918106,96.77660708,288501136
2025-04-22T00:00:00Z,98.6440331,99.67361396,97.14609779,98.75388168,241004784
2025-04-23T00:00:00Z,104.3761322,104.6557468,101.8795734,102.5686236,247525971
2025-04-24T00:00:00Z,103.3325706,106.3933518,102.968073,106.2835032,220815041
2025-04-25T00:00:00Z,106.702925,111.7659464,105.5844667,110.857199,251064672
2025-04-28T00:00:00Z,109.5390159,110.21798,105.8740675,108.5803373,207708479
2025-04-29T00:00:00Z,107.5217963,110.048214,107.2921129,108.8699381,170444263
2025-04-30T00:00:00Z,104.326201,108.7700758,103.9367378,108.7700758,235044611
2025-05-01T00:00:00Z,112.9243497,114.7817895,111.1467998,111.4563731,236121507
2025-05-02T00:00:00Z,114.0228356,115.2411563,113.2139505,114.3423951,190194778
2025-05-05T00:00:00Z,112.7495906,114.507168,112.5049278,113.6633311,133163241
2025-05-06T00:00:00Z,111.326552,114.5820648,110.6694577,113.3837165,158525621
2025-05-07T00:00:00Z,112.8893979,117.518018,112.1272484,116.8988714,207827821
2025-05-08T00:00:00Z,118.0872334,118.5166415,115.6905369,117.2084447,198428122
2025-05-09T00:00:00Z,117.1884722,118.0672609,115.0514178,116.4894357,132972189
2025-05-12T00:00:00Z,121.8021129,122.8306952,120.1144392,122.8306952,225023345
2025-05-13T00:00:00Z,124.8079698,131.0382822,124.2986718,129.7511563,330430105
2025-05-14T00:00:00Z,133.0116622,135.2485789,131.4987475,135.1537096,281180830
2025-05-15T00:00:00Z,134.1101481,136.1123882,132.4773986,134.6444116,226632563
2025-05-16T00:00:00Z,136.0324984,136.1623194,133.2762974,135.2136271,226542451
2025-05-19T00:00:00Z,132.2077702,135.6829801,132.2077702,135.3833931,193154571
2025-05-20T00:00:00Z,134.1051549,134.3947558,132.4374536,134.1950311,161514247
2025-05-21T00:00:00Z,132.876848,137.2108741,130.4102478,131.6185823,270608738
2025-05-22T00:00:00Z,132.0479904,134.06521,131.3689264,132.6471646,187343954
2025-05-23T00:00:00Z,129.82106,132.497371,128.9822162,131.1092843,198821324
2025-05-27T00:00:00Z,133.9653476,135.4732692,133.1265039,135.3134894,192953613
2025-05-28T00:00:00Z,135.8377668,137.0610806,134.6044667,134.6244392,304021146
2025-05-29T00:00:00Z,142.0492052,143.2924915,137.7201721,138.9984103,370615167
2025-05-30T00:00:00Z,138.5240641,139.4278184,132.7370407,134.9439987,333170851
2025-06-02T00:00:00Z,135.3035032,137.9298831,135.2136271,137.1909017,197663116
2025-06-03T00:00:00Z,138.5889746,141.8045424,137.7601171,141.0256161,225578783
2025-06-04T00:00:00Z,141.9942809,142.1940056,139.3529216,141.7246525,167120819
2025-06-05T00:00:00Z,141.9743084,143.8017895,138.6389058,139.7973091,232410759
2025-06-06T00:00:00Z,142.3138404,143.0727943,141.3152169,141.5249278,153986153
2025-06-09T00:00:00Z,142.9929044,144.800413,141.744625,142.4336752,185114494
2025-06-10T00:00:00Z,142.4935927,144.0913903,141.3301962,143.7618445,155881897
2025-06-11T00:00:00Z,144.4210605,144.800564,141.6846405,142.6433862,167694044
2025-06-12T00:00:00Z,141.7845098,144.810551,141.6646666,144.810551,162364991
2025-06-13T00:00:00Z,142.2938435,143.3924063,140.6709666,141.7845098,180820565
2025-06-16T00:00:00Z,143.1577133,145.9840158,143.0130026,144.500956,183133666
2025-06-17T00:00:00Z,144.3012173,145.0302635,143.592145,143.9317007,139108000
2025-06-18T00:00:00Z,143.816851,145.4597017,142.9330073,145.2899238,161494121
2025-06-20T00:00:00Z,145.259963,146.0089831,142.4636214,143.6620535,242956157
2025-06-23T00:00:00Z,142.3138173,144.5908384,141.8444314,143.9816354,154308941
2025-06-24T00:00:00Z,145.3698193,147.7666836,145.3098977,147.706762,187566121
2025-06-25T00:00:00Z,149.074972,154.2482041,149.0649851,154.108387,269146471
2025-06-26T00:00:00Z,155.7712117,156.5102448,153.7987921,154.8174594,198145746
2025-06-27T00:00:00Z,155.8361267,158.5026383,155.0521524,157.5438925,263234539
2025-06-30T00:00:00Z,158.1930433,158.4527036,155.7562312,157.783579,194580316
2025-07-01T00:00:00Z,156.0858001,156.9946111,151.2920715,153.0997067,213143621
2025-07-02T00:00:00Z,152.7801248,157.3940885,152.7701378,157.0445458,171224111
2025-07-03T00:00:00Z,158.1630825,160.7696724,157.5638664,159.1318151,143716055
2025-07-07T00:00:00Z,157.9933046,159.1018543,157.1364256,158.0332523,140138975
2025-07-08T00:00:00Z,159.1218282,160.0106654,158.1830563,159.7909528,138133025
2025-07-09T00:00:00Z,161.0093588,164.2051779,160.9494372,162.66719,183656443
2025-07-10T00:00:00Z,164.1053085,164.2850734,161.3988493,163.885596,167704075
2025-07-11T00:00:00Z,163.501099,167.6706442,163.2564191,164.7045246,193633263
2025-07-14T00:00:00Z,165.1539367,165.2737799,161.8083136,163.8556352,136975754
2025-07-15T00:00:00Z,170.9663326,172.1747517,168.9739391,170.4769728,230627350
2025-07-16T00:00:00Z,170.8365024,171.5256009,168.6793246,171.1460974,158831509
2025-07-17T00:00:00Z,171.7952481,173.9324521,170.6068029,172.7739677,160841119
2025-07-18T00:00:00Z,173.4131315,174.0223345,171.0362411,172.1847386,146456416
2025-07-21T00:00:00Z,172.5242944,173.1534712,170.7765808,171.1560843,123126136
2025-07-22T00:00:00Z,171.1161366,171.1660713,164.3649688,166.8117678,193114327
2025-07-23T00:00:00Z,169.3085014,171.0362411,167.7505396,170.5568683,154082197
2025-07-24T00:00:00Z,172.2146994,173.6028833,171.0761889,173.5130009,128984628
2025-07-25T00:00:00Z,173.3831707,174.4917205,172.73402,173.2733145,122316792
2025-07-28T00:00:00Z,173.792635,176.7687415,173.7427004,176.5190682,140023521
2025-07-29T00:00:00Z,177.7274873,179.145632,174.7913285,175.2806883,154077512
2025-07-30T00:00:00Z,176.2793818,179.6549656,175.8099958,179.0357757,174312208
2025-07-31T00:00:00Z,182.6610329,183.0605103,175.7001395,177.6376048,221685446
2025-08-01T00:00:00Z,173.8625436,176.3093426,170.6667245,173.493027,204528985
2025-08-04T00:00:00Z,174.9311456,179.9645606,174.2919818,179.7648219,148174609
2025-08-05T00:00:00Z,179.3853184,180.0244822,175.6701787,178.0270953,156407621
2025-08-06T00:00:00Z,176.0946235,179.6649526,176.0197215,179.1855797,137192265
2025-08-07T00:00:00Z,181.3327706,183.6397525,178.5613963,180.5338159,151878365
2025-08-08T00:00:00Z,181.3127968,183.0605103,180.1642993,182.4612942,123396679
2025-08-11T00:00:00Z,181.8121435,183.5998048,180.0144953,181.8221304,138323191
2025-08-12T00:00:00Z,182.7209545,184.2389686,179.2255274,182.9206932,145729202
2025-08-13T00:00:00Z,182.3764053,183.7296349,179.1156712,181.3527445,179871724
2025-08-14T00:00:00Z,179.5151485,182.7808761,179.2255274,181.7821827,129553959
2025-08-15T00:00:00Z,181.6423656,181.6623395,177.8090805,180.214234,156602161
2025-08-18T00:00:00Z,180.364038,182.6984839,180.354051,181.7721958,132007959
2025-08-19T00:00:00Z,182.191647,182.2615555,175.2607144,175.4105184,185229219
2025-08-20T00:00:00Z,174.9361391,175.7700481,168.5804539,175.170832,215142725
2025-08-21T00:00:00Z,174.6215506,176.6688722,173.5829094,174.7513808,140040850
2025-08-22T00:00:00Z,172.3844773,178.3566641,170.9763195,177.7574481,172789427
2025-08-25T00:00:00Z,178.1169777,181.6723264,176.3393034,179.5750702,163012789
2025-08-26T00:00:00Z,179.81975,182.1516993,178.5763767,181.5325093,168688186
2025-08-27T00:00:00Z,181.742235,182.2515686,178.8659978,181.3627314,235518949
2025-08-28T00:00:00Z,180.5837505,184.2289817,176.1795124,179.9345998,281787824
2025-08-29T00:00:00Z,177.8772913,177.917239,172.9187783,173.952426,243257873
2025-09-02T00:00:00Z,169.7778874,172.1537791,167.0015196,170.5568683,231164853
2025-09-03T00:00:00Z,170.8365024,172.1847386,168.6543572,170.3970773,161466040
2025-09-04T00:00:00Z,170.3471426,171.6354572,169.1886582,171.4357185,141670144
2025-09-05T00:00:00Z,167.8104613,168.8091547,163.8556352,166.8017809,224441435
2025-09-08T00:00:00Z,167.3310884,170.7366331,167.1313497,168.0900954,163769133
2025-09-09T00:00:00Z,168.8690763,170.7566069,166.5222466,170.5368944,157548392
2025-09-10T00:00:00Z,176.4092119,179.0557496,175.2407406,177.0983104,226852020
2025-09-11T00:00:00Z,179.4553684,180.0546183,176.259369,176.9485064,151159274
2025-09-12T00:00:00Z,177.5477563,178.3717249,176.2294065,177.5976938,124911026
2025-09-15T00:00:00Z,175.4503816,178.6264061,174.2918318,177.5277813,147061559
2025-09-16T00:00:00Z,176.7787189,177.2780938,174.1619944,174.6613693,140737775
2025-09-17T00:00:00Z,172.4241697,172.9834696,168.1994579,170.0771076,211843817
2025-09-18T00:00:00Z,173.7624944,176.8785939,172.7437696,176.019669,191763313
2025-09-19T00:00:00Z,175.5502566,177.8573687,174.9609942,176.4491315,237182143
2025-09-22T00:00:00Z,175.0808442,184.3192801,174.4868877,183.3804552,269637001
2025-09-23T00:00:00Z,181.7425055,182.1919429,175.9897065,178.2069311,192559552
2025-09-24T00:00:00Z,179.5452559,179.5552434,175.1807192,176.7487564,143564116
2025-09-25T00:00:00Z,174.2618693,180.0346433,172.9085633,177.4678563,191586733
2025-09-26T00:00:00Z,177.9472562,179.5452559,174.7113068,177.9672312,148573732
2025-09-29T00:00:00Z,180.199437,183.7699677,180.0945683,181.6226555,193063455
2025-09-30T00:00:00Z,181.852368,187.1157796,181.2531181,186.3467422,236981032
2025-10-01T00:00:00Z,185.0084174,187.9047919,183.6700927,187.0059171,173844901
2025-10-02T00:00:00Z,189.3629667,190.8111539,187.824892,188.6538543,136805821
2025-10-03T00:00:00Z,188.9534793,190.1220165,185.1482424,187.385442,137596896
2025-10-06T00:00:00Z,185.2680924,186.9959296,183.1008053,185.3080424,157678104
2025-10-07T00:00:00Z,185.9971798,188.8236418,183.7699677,184.8086675,140088008
2025-10-08T00:00:00Z,186.3367547,189.3629667,186.3067922,188.8735793,130168861
2025-10-09T00:00:00Z,191.984685,195.0558407,190.8211414,192.3292537,182997234
2025-10-10T00:00:00Z,193.2630847,195.3754406,181.8224055,182.9310178,268774359
2025-10-13T00:00:00Z,187.7300107,189.8722292,185.7275173,188.0845669,153482755
2025-10-14T00:00:00Z,184.539005,184.5689675,179.4753434,179.8049309,205641380
2025-10-15T00:00:00Z,184.5689675,184.63888,177.0683563,179.6051809,214450482
2025-10-16T00:00:00Z,182.0021805,183.0508678,179.5452559,181.5827056,179723309
2025-10-17T00:00:00Z,179.9547433,183.8698426,179.5252809,182.9909428,173135217
2025-10-20T00:00:00Z,182.9010553,184.9684675,181.5028056,182.4116679,128544711
2025-10-21T00:00:00Z,182.5564866,182.5564866,179.5752184,180.9335182,124240168
2025-10-22T00:00:00Z,180.9135432,183.2106678,176.5390189,180.0546183,162249552
2025-10-23T00:00:00Z,180.1944433,182.8011803,179.5653308,181.932268,111363718
2025-10-24T00:00:00Z,183.6051739,187.2356296,183.2705928,186.0271423,131296677
2025-10-27T00:00:00Z,189.7524791,191.7599663,188.1962271,191.2506038,153452704
2025-10-28T00:00:00Z,192.8086536,202.8960268,191.6700788,200.7786772,297986180
2025-10-29T00:00:00Z,207.7199885,211.9246253,204.5189953,206.7811636,308829564
2025-10-30T00:00:00Z,204.8935264,205.9022638,201.1582021,202.6363518,178864443
2025-10-31T00:00:00Z,206.1919012,207.710001,201.817377,202.2368519,179802178
2025-11-03T00:00:00Z,207.8198634,211.0707941,205.3030139,206.6213636,180267285
2025-11-04T00:00:00Z,202.7462143,203.7149018,197.6825527,198.4416026,188919320
2025-11-05T00:00:00Z,198.5215026,202.6663143,194.4066533,194.9659532,166849081
2025-11-06T00:00:00Z,196.1744405,197.3729403,186.1469922,187.8448669,223029778
2025-11-07T00:00:00Z,184.6688425,188.0845669,178.6863311,187.9147794,264942255
2025-11-10T00:00:00Z,194.8660782,199.6900399,193.5477284,198.8011525,198897134
2025-11-11T00:00:00Z,194.911022,195.1756907,191.0608414,192.9185161,176483327
2025-11-12T00:00:00Z,195.4753156,195.6451031,190.8910539,193.5577159,154935263
2025-11-13T00:00:00Z,190.8111539,191.2006664,183.6201552,186.6263922,207423074
2025-11-14T00:00:00Z,182.6313929,190.7712039,180.3542433,189.9322541,186591856
2025-11-17T00:00:00Z,185.7325111,188.7637168,184.0895676,186.3667172,173628858
2025-11-18T00:00:00Z,183.145749,184.5689675,179.4254059,181.1332681,213598877
2025-11-19T00:00:00Z,184.55898,187.6201482,182.6015302,186.2868172,247246436
2025-11-20T00:00:00Z,195.7050281,195.7549656,179.6251559,180.4141683,343504849
2025-11-21T00:00:00Z,181.0084244,184.3292676,172.7138071,178.6563686,346926153
2025-11-24T00:00:00Z,179.265606,183.2705928,176.259369,182.3217804,256618335
2025-11-25T00:00:00Z,174.6913318,177.9372687,169.3380327,177.5976938,320600271
2025-11-26T00:00:00Z,181.4029306,182.6813304,178.0171687,180.0346433,183852010
2025-11-28T00:00:00Z,178.786206,179.065856,176.279344,176.7787189,121332776
2025-12-01T00:00:00Z,174.5415193,180.0745933,173.4628695,179.6950684,188130955
2025-12-02T00:00:00Z,181.5327681,185.4278924,179.7749684,181.2331431,182632230
2025-12-03T00:00:00Z,180.8536182,182.2219054,178.8861809,179.3654809,165138023
2025-12-04T00:00:00Z,181.4028347,184.2943731,179.7448196,183.1607303,167364857
2025-12-05T00:00:00Z,183.6701205,184.4391998,180.6936837,182.1918901,143971098
2025-12-08T00:00:00Z,182.4216151,187.7752061,182.1819021,185.3281356,191927261
2025-12-09T00:00:00Z,185.3381236,185.4946363,183.100802,184.7488291,142372621
2025-12-10T00:00:00Z,184.7438351,185.2582193,181.8173385,183.560252,162785370
2025-12-11T00:00:00Z,180.059443,181.1031934,176.4088133,180.7136598,182136641
2025-12-12T00:00:00Z,180.8934445,182.6013999,174.4112047,174.8107264,204274918
2025-12-15T00:00:00Z,177.7232397,178.201667,174.8207145,176.0792079,164775636
2025-12-16T00:00:00Z,176.0492437,178.2765773,174.6908699,177.507498,148588098
2025-12-17T00:00:00Z,175.8894351,175.9193992,170.1063582,170.7356049,222775464
2025-12-18T00:00:00Z,174.3213123,175.9393753,171.6145527,173.9317787,176096001
2025-12-19T00:00:00Z,176.4537595,181.233038,176.1291481,180.773588,324925927
2025-12-22T00:00:00Z,183.7000846,183.9397976,182.1319619,183.4703596,129064369
2025-12-23T00:00:00Z,182.7512205,189.1036158,182.6813042,188.9837593,174873621
2025-12-24T00:00:00Z,187.7152778,188.684118,186.366892,188.3844767,65528545
2025-12-26T00:00:00Z,189.6929103,192.4595982,187.7752061,190.3021809,139740292
2025-12-29T00:00:00Z,187.4855528,188.5293033,185.6877051,187.994943,120006103
2025-12-30T00:00:00Z,188.0149191,188.7640223,186.7064855,187.3157561,97687274
2025-12-31T00:00:00Z,189.3433288,190.3321451,186.2670116,186.2769997,120100484
2026-01-02T00:00:00Z,189.6080119,192.6992113,188.0348952,188.6241897,148240462
2026-01-05T00:00:00Z,191.5307102,193.3984742,185.9274181,187.8950626,183529733
2026-01-06T00:00:00Z,190.2921929,191.9442152,186.596617,187.0161148,176862604
2026-01-07T00:00:00Z,188.3445245,191.1411765,186.3369279,188.8838788,153543174
2026-01-08T00:00:00Z,188.8838788,189.3233527,183.4903357,184.8187454,172457048
2026-01-09T00:00:00Z,184.8586976,186.117191,183.4504834,184.6389606,131327534
2026-01-12T00:00:00Z,183.0009216,186.8962583,182.8011607,184.718865,137968453
2026-01-13T00:00:00Z,184.7737992,187.8849747,183.1807064,185.5878247,160128939
2026-01-14T00:00:00Z,184.0996063,184.2394389,180.5838152,182.9210172,159586135
2026-01-15T00:00:00Z,186.2769997,189.4731734,186.1072029,186.826342,206188642
2026-01-16T00:00:00Z,188.8489207,190.2122885,185.8575018,186.0073225,187967169
2026-01-20T00:00:00Z,181.6824999,182.1605277,177.3976295,177.8570795,218355781
2026-01-21T00:00:00Z,178.8359077,185.15734,178.1866849,183.100802,200380959
2026-01-22T00:00:00Z,184.5290921,185.9473942,183.7100726,184.6189845,139636626
2026-01-23T00:00:00Z,187.2758039,189.3732929,186.5999131,187.4456007,142748076
2026-01-26T00:00:00Z,186.9362105,188.8938669,185.7676095,186.2470355,124799649
2026-01-27T00:00:00Z,187.0161148,189.7728147,185.4779562,188.2945843,138432307
2026-01-28T00:00:00Z,191.0412961,192.1200047,189.613006,191.2909972,148552677
2026-01-29T00:00:00Z,191.1112124,193.2486536,185.8375258,192.2798134,171764375
2026-01-30T00:00:00Z,190.9813678,194.2574459,189.2434484,190.9014635,179489463
2026-02-02T00:00:00Z,186.9761627,190.0724559,184.6589367,185.3880638,165794054
2026-02-03T00:00:00Z,186.0173105,186.0472747,176.0192796,180.1243652,202006430
2026-02-04T00:00:00Z,179.2454175,179.365274,171.7044451,173.9817189,207014116
2026-02-05T00:00:00Z,174.71584,176.6035801,170.8254973,171.674481,206312890
2026-02-06T00:00:00Z,176.4787296,186.7764018,174.3912286,185.188303,231346241
2026-02-09T00:00:00Z,184.039678,193.4284384,183.7300487,189.8127668,196387351
2026-02-10T00:00:00Z,191.1511646,192.2498493,187.8950626,188.3145604,136764825
2026-02-11T00:00:00Z,192.2198852,193.0289166,188.5442854,189.8227549,144192685
2026-02-12T00:00:00Z,192.7991916,193.3784981,186.2869877,186.7164735,189932491
2026-02-13T00:00:00Z,187.2508338,187.2758039,181.3728706,182.5914118,161888021
2026-02-17T00:00:00Z,181.5326793,186.9262224,178.9657523,184.7488291,162276860
2026-02-18T00:00:00Z,188.5243093,190.1423722,186.5366888,187.75523,164749125
2026-02-19T00:00:00Z,186.831336,188.2046919,185.438004,187.6753257,126554526
2026-02-20T00:00:00Z,186.346916,190.1024201,185.7154719,189.5930299,178422337
2026-02-23T00:00:00Z,191.1711407,193.7180916,189.3483228,191.3209613,171584839
2026-02-24T00:00:00Z,191.261033,193.5383068,187.1759235,192.6194069,175123602
2026-02-25T00:00:00Z,194.2174937,197.3935915,193.5582829,195.3261665,250637102
2026-02-26T00:00:00Z,194.037709,194.0576851,184.0946123,184.6689247,360807907
2026-02-27T00:00:00Z,181.0332771,182.3716749,176.1691003,176.9781317,311636494
2026-03-02T00:00:00Z,174.8007384,183.2406346,174.4311808,182.2618064,209095331
2026-03-03T00:00:00Z,178.2765773,180.6836956,176.7084546,179.834712,178099430
2026-03-04T00:00:00Z,180.2242457,184.4791519,179.8447,182.8211368,177731198
2026-03-05T00:00:00Z,180.9533728,183.8399172,177.6673067,183.1207781,198779729
2026-03-06T00:00:00Z,179.6249631,182.5375763,176.608674,177.6073784,189021949
2026-03-09T00:00:00Z,176.6185622,182.6912923,175.3500807,182.4316031,177213588
2026-03-10T00:00:00Z,182.1819021,186.2170714,181.7923684,184.5490682,179118528
2026-03-11T00:00:00Z,185.6976867,187.4057339,184.2393541,185.8175497,145280386
2026-03-12T00:00:00Z,183.8398109,184.7287945,181.5424375,182.9308501,155762663
2026-03-13T00:00:00Z,184.7088173,185.8774812,179.7345046,180.0441506,160988424
2026-03-16T00:00:00Z,182.7610443,188.6642949,181.2028258,183.0107588,217307380
2026-03-17T00:00:00Z,184.8486574,185.1882692,181.472917,181.722232,182497757
2026-03-18T00:00:00Z,182.2716039,183.170576,180.1240592,180.1939793,156683136
2026-03-19T00:00:00Z,177.8067087,179.7744589,175.5842497,178.3560806,170968527
2026-03-20T00:00:00Z,177.7967201,178.0564232,171.523892,172.5027728,241323528
2026-03-23T00:00:00Z,177.0525709,178.1662976,174.5604203,175.4394153,182836294
2026-03-24T00:00:00Z,174.6303403,176.0187529,173.781311,174.9999178,147667844
2026-03-25T00:00:00Z,176.8977479,181.0130428,176.6480334,178.4759435,162602054
2026-03-26T00:00:00Z,175.8689242,176.3084217,170.9445544,171.0444402,186152232
2026-03-27T00:00:00Z,169.8058563,170.7747485,166.8192709,167.3286885,196212684
2026-03-30T00:00:00Z,168.5872496,169.2564844,164.0824001,164.9813723,185626992
2026-03-31T00:00:00Z,166.7793166,174.4205801,166.769328,174.2008314,226181301
2026-04-01T00:00:00Z,175.7990042,177.1674396,174.5504317,175.5492897,168132005
2026-04-02T00:00:00Z,171.9833667,177.2873025,171.1742917,177.1874167,143143157
2026-04-06T00:00:00Z,176.9526851,177.5869599,175.5592782,177.4371312,107564279
2026-04-07T00:00:00Z,175.5243182,178.0264574,173.4616765,177.8966059,132534902
2026-04-08T00:00:00Z,184.289297,185.048429,180.0940935,181.8720607,147732686
2026-04-09T00:00:00Z,181.6323347,183.8697766,180.413728,183.6999708,116428523
2026-04-10T00:00:00Z,184.099514,189.7830159,184.0895254,188.4145804,160459524
2026-04-13T00:00:00Z,185.8175497,189.4434041,185.5278809,189.0938038,133648180
2026-04-14T00:00:00Z,190.6220566,196.2855813,190.5521365,196.2855813,161307010
2026-04-15T00:00:00Z,196.315547,200.1711388,195.5164606,198.6428861,185338388
2026-04-16T00:00:00Z,197.2045306,199.6217669,195.5863807,198.12348,134012859
2026-04-17T00:00:00Z,199.6717098,201.4696542,199.0424293,201.449677,160324416
2026-04-20T00:00:00Z,199.7516185,201.9391174,197.6137627,201.8292431,119381388
2026-04-21T00:00:00Z,201.8991631,202.5184551,198.7727377,199.6517327,107945302
2026-04-22T00:00:00Z,200.760465,202.2687406,198.7727377,202.2687406,107501042
2026-04-23T00:00:00Z,202.2287863,203.5962228,196.9953698,199.4120068,113561830
2026-04-24T00:00:00Z,199.7316413,210.7090905,199.5818126,208.0321511,214134441
2026-04-27T00:00:00Z,209.4055808,216.5773811,207.1431675,216.3626267,187172421
2026-04-28T00:00:00Z,209.2507578,214.4847737,207.9622311,212.9265552,180275363
2026-04-29T00:00:00Z,212.457092,212.4770691,207.3387439,209.0110319,123711821
2026-04-30T00:00:00Z,209.6902554,210.0598328,198.4730803,199.3420867,225239156
2026-05-01T00:00:00Z,201.0501338,202.7681696,196.8948847,198.2233658,128646996
2026-05-04T00:00:00Z,199.2721666,201.4996199,194.5176027,198.2533315,125368092
2026-05-05T00:00:00Z,199.072395,200.0113215,195.8061295,196.2755927,113406620
2026-05-06T00:00:00Z,199.6617213,208.0271568,198.383183,207.5926536,188362812
2026-05-07T00:00:00Z,208.1020712,213.9553789,206.2641725,211.2584624,168307873
2026-05-08T00:00:00Z,212.7867151,217.5512676,212.646875,214.9542369,136421361
2026-05-11T00:00:00Z,213.7905674,222.0461285,213.6457329,219.1893947,160685774
2026-05-12T00:00:00Z,218.2954168,223.4944726,214.6745567,220.5278644,159176619
2026-05-13T00:00:00Z,224.673125,227.5798017,221.3122676,225.5720972,150405386
2026-05-14T00:00:00Z,229.5875063,236.2698662,229.0381344,235.4707798,180782857
2026-05-15T00:00:00Z,229.4976091,231.2356219,223.983913,225.0626796,180977639
2026-05-18T00:00:00Z,229.6074834,229.737335,218.1206167,222.0661057,146280896
2026-05-19T00:00:00Z,219.3691892,224.2236389,217.661142,220.3580586,140948207
2026-05-20T00:00:00Z,222.9251236,225.8717546,220.2431899,223.2147924,162279171
2026-05-21T00:00:00Z,222.03614,227.1402043,217.6811192,219.2593148,203381760
2026-05-22T00:00:00Z,220.6517228,220.7576018,214.5546937,215.0840884,169275710
2026-05-26T00:00:00Z,216.2927066,217.9308337,211.7578914,214.6146252,187202576
2026-05-27T00:00:00Z,213.8754703,213.905436,208.5415687,212.3572062,167601172
2026-05-28T00:00:00Z,211.0337193,215.2729725,210.9787821,214.0053218,143996048
2026-05-29T00:00:00Z,214.3299507,217.6110992,210.8888849,210.8988735,289410623
2026-06-01T00:00:00Z,215.4836316,224.6131935,215.4536659,224.103776,212850685
2026-06-02T00:00:00Z,226.9205555,232.0147312,221.0972135,222.5655347,193362903
2026-06-03T00:00:00Z,221.4667909,222.5655347,214.2650249,214.5047508,160907001
2026-06-04T00:00:00Z,213.905,221.6,210.97,218.66,169022152
2026-06-05T00:00:00Z,214.53,214.87,204.33,205.1,219655531
2026-06-08T00:00:00Z,210.18,210.47,206,208.64,138372837
2026-06-09T00:00:00Z,210.615,211.4,199.34,208.19,180962450
2026-06-10T00:00:00Z,204.43,207.22,199.92,200.42,161746587
2026-06-11T00:00:00Z,201.49,205.66,199.54,204.87,158643204
2026-06-12T00:00:00Z,204.86,207.07,203.4385,205.19,112345314
2026-06-15T00:00:00Z,208.92,212.7107,208.34,212.45,149936688
2026-06-16T00:00:00Z,211.18,211.49,207.29,207.41,125694100
2026-06-17T00:00:00Z,208.53,209.21,203.08,204.65,128363473
2026-06-18T00:00:00Z,207.33,211.39,206.5,210.69,241272013
2026-06-22T00:00:00Z,211.44,213.99,207.72,208.65,122041419
2026-06-23T00:00:00Z,202.17,203.77,200,200.04,153496196
2026-06-24T00:00:00Z,200.12,201.67,196.58,199,151810704
2026-06-25T00:00:00Z,200.08,200.8,192.13,195.74,150205647
2026-06-26T00:00:00Z,193.12,195.55,191.22,192.53,179304147
2026-06-29T00:00:00Z,193.85,196.18,189.8,194.97,148835724
2026-06-30T00:00:00Z,197.24,200.63,195.11,200.09,166476665
2026-07-01T00:00:00Z,196.2,199.85,193.45,197.58,146147597
2026-07-02T00:00:00Z,197.14,200.055,192.35,194.83,142385548
2026-07-06T00:00:00Z,194.42,197.55,193.99,195.55,108999015
2026-07-07T00:00:00Z,192.37,198.41,191.14,196.93,124154574
2026-07-08T00:00:00Z,195.18,205.16,195.06,204.12,147419133
2026-07-09T00:00:00Z,204.46,204.585,198.96,202.78,132037359
2026-07-10T00:00:00Z,202,211,201.92,210.96,148421001
2026-07-13T00:00:00Z,208.54,210.57,203,203.53,121411018
2026-07-14T00:00:00Z,208.2,212.55,203.8,211.8,124379646
2026-07-15T00:00:00Z,211.96,213.81,206.04,212.5,124797151
2026-07-16T00:00:00Z,210.17,211.08,205.845,207.4,122986074
2026-07-17T00:00:00Z,202.64,206.645,197.97,202.81,144281910
2026-07-20T00:00:00Z,205.87,207.74,202.28,203.28,88701540
2026-07-21T00:00:00Z,207.54,208.65,204.01,207.29,108685563
2026-07-22T00:00:00Z,205.805,214.39,204.95,212.06,137645596
2026-07-23T00:00:00Z,209.455,210.8687,205.96,208.76,110505328
2026-07-24T00:00:00Z,207.45,211.9099,204.81,206.84,114836805
2026-07-27T00:00:00Z,208.2,208.75,195.44,196.51,154353698
2026-07-28T00:00:00Z,195,198.7,192.74,197.01,134111494
2026-07-29T00:00:00Z,195.845,197.074,190.01,190.01,147680809
2026-07-30T00:00:00Z,193.45,197.25,191.52,195.04,129010151
2026-07-31T00:00:00Z,198.4405,202,194.95,200.75,139961152
2026-08-03T00:00:00Z,197.69,208.74,196.85,206.64,128406883
2026-08-04T00:00:00Z,211.3,213.06,209.05,211.94,134921997
2026-08-05T00:00:00Z,216.86,222.22,216.4,219.22,158187403
2026-08-06T00:00:00Z,221.53,223.63,217,218.99,113940644
2026-08-07T00:00:00Z,221.54,224.76,220.66,223.96,105669440
2026-08-10T00:00:00Z,223.4,224.1379,216.77,217.55,115846596
2026-08-11T00:00:00Z,222.17,222.2,216.2,217.5,101273148
2026-08-12T22:51:13Z,221.04,225.1,220.2,224.09,105925277
