date,open,high,low,close,volume
2019-01-02T00:00:00Z,143.9757063,148.5145788,143.8708164,147.684995,58576672
2019-01-03T00:00:00Z,145.5109132,146.1402526,142.5453893,142.860059,74820225
2019-01-04T00:00:00Z,145.2629916,149.7065096,144.6908648,148.9722802,74709320
2019-01-07T00:00:00Z,149.3441626,151.4801027,148.8578549,150.7458733,52059331
2019-01-08T00:00:00Z,152.128513,152.6720335,149.8972185,152.1094421,49388694
2019-01-09T00:00:00Z,152.7006398,154.0165314,152.0617649,153.3490502,46491747
2019-01-10T00:00:00Z,152.1857257,153.8734997,151.3275355,153.7876807,38943414
2019-01-11T00:00:00Z,152.8818133,153.3871919,152.3668992,153.2250894,30176643
2019-01-14T00:00:00Z,151.9282686,152.5290018,151.2226456,151.871056,30710234
2019-01-15T00:00:00Z,152.5671435,155.0463596,152.4813245,154.8365798,40874224
2019-01-16T00:00:00Z,155.0940369,156.1715423,154.7507608,154.8079735,33812190
2019-01-17T00:00:00Z,154.3121303,156.7245982,154.0642086,156.0285106,39328959
2019-01-18T00:00:00Z,157.125087,158.3074823,156.2096841,157.5732529,57183243
2019-01-22T00:00:00Z,156.4385348,156.5148184,153.2918375,154.4170202,56711694
2019-01-23T00:00:00Z,155.2084622,155.9140853,152.8722778,154.6172645,38106062
2019-01-24T00:00:00Z,155.1226432,155.8473371,154.5314455,155.6184864,32413351
2019-01-25T00:00:00Z,156.8676299,157.9546708,156.3336449,157.4778985,36466069
2019-01-28T00:00:00Z,155.4468484,155.5422028,154.2358467,155.5326674,33491216
2019-01-29T00:00:00Z,155.6184864,155.6566282,153.5111527,154.0642086,30784175
2019-01-30T00:00:00Z,155.8091953,158.5554039,155.3228876,157.9832771,41346533
2019-01-31T00:00:00Z,158.9558927,161.1395099,158.7365774,160.3480679,37258361
2019-02-01T00:00:00Z,159.5566258,160.7676275,159.2324206,159.6710512,32143672
2019-02-04T00:00:00Z,159.6996575,161.654424,159.5566258,161.654424,26718781
2019-02-05T00:00:00Z,161.8737393,163.2754499,161.8069912,163.084741,28156368
2019-02-06T00:00:00Z,163.1228828,163.4089462,161.8642039,162.5984332,27970006
2019-02-07T00:00:00Z,161.1776517,161.5781405,159.1942788,160.414816,42036193
2019-02-08T00:00:00Z,159.0131054,160.7580921,158.8319319,160.7294857,29020747
2019-02-11T00:00:00Z,161.311148,161.7021013,160.1764298,160.5769186,21434088
2019-02-12T00:00:00Z,161.7497785,163.1896309,161.4637151,162.9512448,29722073
2019-02-13T00:00:00Z,163.6759387,164.1622465,162.8844966,163.0656701,26094136
2019-02-14T00:00:00Z,162.4840079,163.8475767,161.9404874,163.2659145,30326830
2019-02-15T00:00:00Z,164.5055225,164.5436643,163.1896309,163.9524666,32521685
2019-02-19T00:00:00Z,163.447088,164.772515,163.4184816,164.2766718,19487679
2019-02-20T00:00:00Z,164.3910972,165.0395075,163.361269,164.2480655,32592995
2019-02-21T00:00:00Z,163.790364,164.2576009,162.7796067,163.6473323,25207401
2019-02-22T00:00:00Z,163.9906084,164.9727594,163.9143248,164.8583341,27735358
2019-02-25T00:00:00Z,166.117013,166.5461081,165.3446418,165.4590672,32608754
2019-02-26T00:00:00Z,165.0013657,166.1551548,164.7820505,165.6307052,21939717
2019-02-27T00:00:00Z,164.8678695,165.7260597,163.7808286,165.5258153,25162014
2019-02-28T00:00:00Z,165.0109012,165.7355951,164.6771606,165.1443974,25085470
2019-03-01T00:00:00Z,166.3363283,166.5365726,165.134862,166.288651,31431156
2019-03-04T00:00:00Z,167.3852274,167.6236135,164.4578453,166.3172574,38063458
2019-03-05T00:00:00Z,166.4412182,166.9561323,165.6211698,166.4412182,22319863
2019-03-06T00:00:00Z,166.6033208,166.6319271,165.2302165,165.497209,27194581
2019-03-07T00:00:00Z,165.0776493,165.134862,162.8558903,163.4661589,39407443
2019-03-08T00:00:00Z,161.6353531,163.3040563,161.4732506,163.2182373,39303225
2019-03-11T00:00:00Z,163.895254,166.7272816,163.8666476,166.6128562,30518408
2019-03-12T00:00:00Z,167.0514867,167.9573542,166.650998,167.5282591,33953500
2019-03-13T00:00:00Z,168.3959847,169.6641991,168.1575985,168.786938,42426135
2019-03-14T00:00:00Z,168.9013634,169.1016077,168.4531974,168.5008746,23751477
2019-03-15T00:00:00Z,169.1588204,170.5700665,169.0443951,170.0646878,38191958
2019-03-18T00:00:00Z,169.9915525,170.9850406,169.6476527,170.469191,32935125
2019-03-19T00:00:00Z,171.1665433,171.9498704,170.3163467,171.0423572,36893341
2019-03-20T00:00:00Z,171.05191,172.7714087,170.2685828,171.7206039,50104996
2019-03-21T00:00:00Z,171.2047543,174.6533045,171.1856488,174.4049325,42428481
2019-03-22T00:00:00Z,173.6502636,174.1183494,170.3927688,170.5742715,70794543
2019-03-25T00:00:00Z,169.9533414,170.8417491,169.0171699,170.2494773,46336524
2019-03-26T00:00:00Z,171.5677596,172.6090116,170.1730551,171.0423572,33248121
2019-03-27T00:00:00Z,171.300282,171.6823929,168.7019284,169.9437886,37096697
2019-03-28T00:00:00Z,170.3832161,170.9754878,169.3133058,170.3354522,30368235
2019-03-29T00:00:00Z,171.6537346,171.7874733,170.6029298,171.6250762,35205511
2019-04-01T00:00:00Z,173.3923388,174.1087966,172.6854338,173.8986356,30969472
2019-04-02T00:00:00Z,174.089691,174.7297267,173.6502636,174.5577768,22645151
2019-04-03T00:00:00Z,175.5417122,176.6498336,175.0163098,175.5608177,31633476
2019-04-04T00:00:00Z,175.6085816,176.2486172,174.4813546,175.4939483,28530828
2019-04-05T00:00:00Z,176.0002452,176.506542,175.7900842,176.4014615,25674660
2019-04-08T00:00:00Z,176.1148784,176.9937333,175.4175262,176.8504417,22697543
2019-04-09T00:00:00Z,176.2486172,176.8313362,175.8569536,176.2295117,25631886
2019-04-10T00:00:00Z,176.4587782,177.2325526,176.2677227,177.1752359,24562958
2019-04-11T00:00:00Z,177.4713718,177.4713718,176.4301198,176.754914,20654094
2019-04-12T00:00:00Z,177.5382412,177.6337689,176.7835724,177.5191357,24989136
2019-04-15T00:00:00Z,177.5286885,177.7484022,176.3632504,177.547794,21073046
2019-04-16T00:00:00Z,178.1973824,178.5508349,177.6146634,178.1591713,27195709
2019-04-17T00:00:00Z,179.3532676,179.5252175,178.254699,178.7801014,29651575
2019-04-18T00:00:00Z,179.0762373,179.3914787,177.9585631,179.0093679,28580864
2019-04-22T00:00:00Z,178.2260407,180.4136252,178.0923019,179.5156647,17936033
2019-04-23T00:00:00Z,179.9741977,182.0184906,179.7162729,181.7987769,33665561
2019-04-24T00:00:00Z,181.9516212,182.1808877,181.168294,181.2256107,24977108
2019-04-25T00:00:00Z,182.5821041,182.668079,180.9772386,181.961174,29517497
2019-04-26T00:00:00Z,181.6745909,182.1617822,180.1557004,182.1235711,26359537
2019-04-29T00:00:00Z,182.1235711,182.7636067,181.8274352,182.4770236,21716242
2019-04-30T00:00:00Z,181.0058969,181.3593495,179.7926951,181.0632136,31495277
2019-05-01T00:00:00Z,182.2477571,182.7636067,180.3563085,180.4804946,34797109
2019-05-02T00:00:00Z,180.4231779,181.3593495,178.5126238,179.6971674,44110122
2019-05-03T00:00:00Z,181.1873996,182.6967373,180.8626054,182.5629986,30386180
2019-05-06T00:00:00Z,178.6845737,181.6936964,178.4075434,181.4453244,38371777
2019-05-07T00:00:00Z,179.4679009,180.2321225,176.25817,177.9107993,58818134
2019-05-08T00:00:00Z,177.3280803,178.7992069,176.6880446,177.4618191,37165319
2019-05-09T00:00:00Z,175.4843956,177.1179193,173.9463995,176.506542,55351668
2019-05-10T00:00:00Z,175.8760591,177.5764523,172.9338058,176.7262557,58526402
2019-05-13T00:00:00Z,172.2269008,173.1535195,170.0966329,170.593377,67185766
2019-05-14T00:00:00Z,171.4913375,173.506972,170.8608546,172.4657201,43360636
2019-05-15T00:00:00Z,171.3289404,175.341104,171.2907293,174.9016765,40944547
2019-05-16T00:00:00Z,174.9780987,177.7484022,174.7679378,176.6593863,39281157
2019-05-17T00:00:00Z,174.9112293,177.2803164,174.7010684,174.8539127,44702276
2019-05-20T00:00:00Z,172.4179562,173.0770974,171.3193876,171.9021066,38608294
2019-05-21T00:00:00Z,173.382786,174.175666,172.8287253,173.6980275,31613790
2019-05-22T00:00:00Z,172.7331976,173.9272939,172.6663282,172.924253,24332550
2019-05-23T00:00:00Z,170.9372768,171.0136989,169.2177781,170.2781356,45351309
2019-05-24T00:00:00Z,171.1952016,171.8065789,169.9819997,170.1921607,25903267
2019-05-28T00:00:00Z,170.6697992,171.6250762,169.5330195,169.552125,24763823
2019-05-29T00:00:00Z,168.5013203,169.0840393,167.2594601,168.1574205,42178772
2019-05-30T00:00:00Z,168.6064007,169.3419641,167.9090485,168.8643255,30354790
2019-05-31T00:00:00Z,166.8773493,167.4505155,166.0940221,166.1704442,45446206
2019-06-03T00:00:00Z,165.721464,166.1704442,161.6997476,162.5117331,75842290
2019-06-04T00:00:00Z,164.3363123,167.1448268,163.7058294,167.0875102,47797848
2019-06-05T00:00:00Z,168.6828229,168.7114812,166.5812134,168.3293704,34412697
2019-06-06T00:00:00Z,168.6159535,170.0775274,167.8708374,169.6667583,29913205
2019-06-07T00:00:00Z,170.5742715,173.6407108,170.3545578,172.9433586,45888345
2019-06-10T00:00:00Z,174.0992438,176.5829642,174.0610327,174.9589932,41385280
2019-06-11T00:00:00Z,176.7835724,177.1083666,174.6055407,175.1978124,41260320
2019-06-12T00:00:00Z,174.7201739,175.0831792,173.8604246,174.1852188,27758120
2019-06-13T00:00:00Z,174.9112293,175.6467927,174.5673296,175.216918,23715829
2019-06-14T00:00:00Z,174.3189575,174.9207821,173.8031079,174.4718019,22844089
2019-06-17T00:00:00Z,174.8539127,176.0097979,174.6628573,175.5226066,20379476
2019-06-18T00:00:00Z,177.5955579,179.3246093,177.1370249,178.0731964,48177301
2019-06-19T00:00:00Z,178.378885,179.1431067,177.2707637,178.7418903,31672855
2019-06-20T00:00:00Z,181.2351634,181.2733745,178.7896542,180.4040724,40921964
2019-06-21T00:00:00Z,180.1939114,181.2829273,179.754484,180.1365948,39980418
2019-06-24T00:00:00Z,180.4961584,180.678062,180.0461866,180.1419253,19375205
2019-06-25T00:00:00Z,180.017465,180.1227775,176.7814971,177.0495655,33921112
2019-06-26T00:00:00Z,178.2271514,179.3472941,177.5857022,177.8729182,22595721
2019-06-27T00:00:00Z,178.5143675,178.9739132,178.0643956,178.552663,19709228
2019-06-28T00:00:00Z,178.9834871,179.1749645,178.1409866,178.7824358,21179248
2019-07-01T00:00:00Z,182.209881,182.4492278,180.3525504,181.1950509,31193393
2019-07-02T00:00:00Z,181.1376077,181.9322388,180.6206187,181.9130911,18035768
2019-07-03T00:00:00Z,182.3726368,183.2821544,182.1811594,183.2821544,15792067
2019-07-05T00:00:00Z,182.0279775,183.2438589,181.3195112,182.9087735,21415620
2019-07-08T00:00:00Z,181.7216137,181.7790569,180.8791132,181.625875,17598826
2019-07-09T00:00:00Z,180.7642268,182.7651655,180.6110449,182.5353926,19193497
2019-07-10T00:00:00Z,183.6459614,184.8618429,183.310876,184.3544278,28374513
2019-07-11T00:00:00Z,184.63207,185.1011896,183.6363876,184.2203936,23736122
2019-07-12T00:00:00Z,184.4214449,185.292667,184.2491152,185.2830931,20211883
2019-07-15T00:00:00Z,185.7139172,185.9149685,185.1969283,185.876673,15606074
2019-07-16T00:00:00Z,185.6469001,185.8192298,184.3544278,184.9192861,20190891
2019-07-17T00:00:00Z,184.9192861,185.2447976,183.9906207,184.0097685,16765069
2019-07-18T00:00:00Z,183.1385464,184.5746268,182.5641142,184.2203936,29066336
2019-07-19T00:00:00Z,185.5607353,185.5703092,182.6790006,182.870478,29387945
2019-07-22T00:00:00Z,183.2821544,184.7182348,183.2821544,184.3257062,18953596
2019-07-23T00:00:00Z,185.3309624,185.5511614,184.0959333,185.5320137,23786726
2019-07-24T00:00:00Z,184.8235474,186.8436338,184.8043996,186.8340599,20422872
2019-07-25T00:00:00Z,186.2021846,186.2309062,184.7086609,185.0628941,23434744
2019-07-26T00:00:00Z,186.24048,187.2170147,186.1447413,186.9680941,20431243
2019-07-29T00:00:00Z,186.7957645,186.8627815,185.1490589,186.3266449,20451652
2019-07-30T00:00:00Z,184.9001383,186.2500539,184.7661042,185.5224398,18705006
2019-07-31T00:00:00Z,186.020281,186.1447413,181.2524941,182.9566429,41627473
2019-08-01T00:00:00Z,183.2725805,186.6713042,181.1663293,182.0471253,63251648
2019-08-02T00:00:00Z,180.678062,180.9365564,178.2750208,179.3664419,55214006
2019-08-05T00:00:00Z,175.6134851,175.690076,171.5637384,173.0285404,75039971
2019-08-06T00:00:00Z,174.6273765,175.9677182,173.3540519,175.4507293,41897249
2019-08-07T00:00:00Z,173.5455293,176.647463,172.2243353,176.3985424,49990586
2019-08-08T00:00:00Z,177.1931735,180.2951072,176.7049062,180.237664,38418084
2019-08-09T00:00:00Z,179.3760157,179.9887434,177.1453042,178.5430891,33608926
2019-08-12T00:00:00Z,177.4420941,177.9782308,175.6805022,176.4942811,24642870
2019-08-13T00:00:00Z,176.3410991,181.5971534,176.1783434,180.3621243,40473043
2019-08-14T00:00:00Z,177.4612419,178.0261002,174.6465243,174.9720358,51000548
2019-08-15T00:00:00Z,175.2018087,175.766667,173.4402167,174.7709846,36848178
2019-08-16T00:00:00Z,176.2645082,178.0261002,176.2549343,177.5761283,34785006
2019-08-19T00:00:00Z,180.1419253,180.7833745,179.5100499,180.4004197,22568634
2019-08-20T00:00:00Z,179.9504479,180.601471,178.9547655,179.0026348,19939552
2019-08-21T00:00:00Z,180.5727494,181.1663293,179.9504479,180.5918971,20745478
2019-08-22T00:00:00Z,180.9269826,181.3865283,178.5909584,180.0078911,24270520
2019-08-23T00:00:00Z,178.7824358,180.4195675,173.8231715,174.3114389,55442893
2019-08-26T00:00:00Z,176.2932298,176.9921223,175.2783997,176.9442529,27689838
2019-08-27T00:00:00Z,178.1792821,178.476072,175.8815534,176.570872,28080093
2019-08-28T00:00:00Z,175.9964399,177.4995373,175.1156439,177.2027474,21775744
2019-08-29T00:00:00Z,179.4047373,180.4291414,178.7249926,179.9121524,25427207
2019-08-30T00:00:00Z,180.8791132,180.9174087,178.4664981,179.4813283,26332749
2019-09-03T00:00:00Z,178.2845946,179.2036861,177.1453042,177.7388841,28026617
2019-09-04T00:00:00Z,179.4526067,180.457863,178.9356177,180.3046811,21676335
2019-09-05T00:00:00Z,182.2960459,184.1342288,182.2290288,183.607666,34060994
2019-09-06T00:00:00Z,183.9140298,183.9810469,183.0236599,183.4257625,19487821
2019-09-09T00:00:00Z,184.0001946,184.0767856,182.1141424,183.0428077,24407580
2019-09-10T00:00:00Z,182.0566991,182.6119836,180.8599655,182.5162449,23744687
2019-09-11T00:00:00Z,182.8609042,184.3257062,182.4396539,184.2299675,25063617
2019-09-12T00:00:00Z,185.3596841,186.4128097,184.7469564,184.995877,28689878
2019-09-13T00:00:00Z,184.7278087,185.1586328,184.0959333,184.33528,27669795
2019-09-16T00:00:00Z,183.1481202,183.894882,182.9662167,183.5119273,20318987
2019-09-17T00:00:00Z,183.531075,184.3927233,183.1385464,184.3927233,21113675
2019-09-18T00:00:00Z,184.0097685,184.3927233,182.0088298,184.3161323,31173056
2019-09-19T00:00:00Z,184.6416439,185.7713604,184.268263,184.6224961,26214873
2019-09-20T00:00:00Z,184.8809906,185.072468,182.0566991,182.6694268,30131528
2019-09-23T00:00:00Z,182.6156864,183.2968019,182.0017232,182.7499909,22917563
2019-09-24T00:00:00Z,183.5845971,183.9875105,179.5362771,180.3229175,41096614
2019-09-25T00:00:00Z,180.1502404,182.8267363,178.6345186,182.3470775,36499191
2019-09-26T00:00:00Z,182.1072481,182.2703321,180.3325107,181.6755552,27030029
2019-09-27T00:00:00Z,182.0113164,182.1072481,178.1932326,179.421159,40804222
2019-09-30T00:00:00Z,180.1502404,181.4165395,179.7761065,181.1287442,26559841
2019-10-01T00:00:00Z,181.7906733,182.8363295,179.3540068,179.6513952,32665025
2019-10-02T00:00:00Z,178.433062,178.4618415,175.5742957,176.5623928,48931982
2019-10-03T00:00:00Z,176.5432064,178.6345186,174.4231147,178.5002142,39612315
2019-10-04T00:00:00Z,179.4691249,181.38776,179.2772614,181.1287442,32752668
2019-10-07T00:00:00Z,180.6107128,182.0209096,180.2653585,180.5819332,21404580
2019-10-08T00:00:00Z,179.4499386,180.2173926,177.7327602,177.8766578,33201939
2019-10-09T00:00:00Z,179.3827863,180.4284424,178.8455685,179.6130225,20829012
2019-10-10T00:00:00Z,179.6609884,181.7235211,179.5074976,181.004033,26693780
2019-10-11T00:00:00Z,183.0665657,184.7933372,182.9610407,183.3351746,41428907
2019-10-14T00:00:00Z,183.0761588,183.9011719,182.8938885,183.3159882,15372774
2019-10-15T00:00:00Z,183.8819856,186.0788227,183.7668675,185.6471298,23735826
2019-10-16T00:00:00Z,185.0139803,185.656723,184.6014737,185.1866574,20689207
2019-10-17T00:00:00Z,186.2994658,186.587261,184.9660144,185.6759094,19161821
2019-10-18T00:00:00Z,185.3401482,185.7910275,182.9514476,183.8915788,27719069
2019-10-21T00:00:00Z,184.8700826,185.6471298,184.3232716,185.5224186,15868946
2019-10-22T00:00:00Z,186.2514999,186.5105156,183.9875105,184.0450696,22988988
2019-10-23T00:00:00Z,183.6709357,184.4383898,183.3735473,184.400017,15198327
2019-10-24T00:00:00Z,185.7142821,186.3090589,184.8988622,186.1939408,19264220
2019-10-25T00:00:00Z,185.2346233,187.7768148,185.1962506,187.680883,21507115
2019-10-28T00:00:00Z,188.5730483,189.7817884,188.553862,189.5323659,18842303
2019-10-29T00:00:00Z,189.2157911,189.5035863,188.0358305,188.06461,18569675
2019-10-30T00:00:00Z,188.4291507,189.2925365,187.3451219,188.9759617,21764311
2019-10-31T00:00:00Z,189.5227727,189.6091113,187.9686783,189.0623003,26801803
2019-11-01T00:00:00Z,189.8777202,190.7890718,189.5899249,190.7794787,22131875
2019-11-04T00:00:00Z,192.0457778,192.3719458,190.7794787,191.9594392,19015855
2019-11-05T00:00:00Z,192.1992686,192.3911321,191.4318146,192.0649642,15048864
2019-11-06T00:00:00Z,191.8443211,191.8635075,190.7027333,191.6332713,19725486
2019-11-07T00:00:00Z,192.5925888,193.5135337,191.7196099,192.276014,17832355
2019-11-08T00:00:00Z,191.9306597,193.0626544,191.4222214,193.0434681,15272516
2019-11-11T00:00:00Z,192.0649642,192.8611977,191.8059484,192.7844523,10187222
2019-11-12T00:00:00Z,192.9475363,193.9835992,192.6501479,193.3408565,14778283
2019-11-13T00:00:00Z,192.6693342,193.5710927,192.5446229,193.3888224,16110341
2019-11-14T00:00:00Z,192.659741,193.3600428,192.0745573,193.2353316,17055686
2019-11-15T00:00:00Z,194.405699,194.6551215,193.7821426,194.6551215,18434519
2019-11-18T00:00:00Z,194.3481399,195.1155939,193.5614995,194.8086123,18408797
2019-11-19T00:00:00Z,195.5472868,195.5472868,194.3481399,195.0964076,16997568
2019-11-20T00:00:00Z,194.5879693,195.173153,192.4582844,193.9260402,36706275
2019-11-21T00:00:00Z,193.7149903,193.8492948,192.8899773,193.4943473,17934353
2019-11-22T00:00:00Z,193.9740061,194.0891242,192.5734025,193.6190586,17197019
2019-11-25T00:00:00Z,194.4536648,195.9502002,194.4248853,195.9118275,17794718
2019-11-26T00:00:00Z,196.0365388,196.5353839,195.7487435,196.2859613,14812921
2019-11-27T00:00:00Z,196.7943996,197.6673786,196.5545702,197.6577854,17060233
2019-11-29T00:00:00Z,197.1589403,197.4563287,196.6600952,196.7560269,9854553
2019-12-02T00:00:00Z,196.7656201,196.8327723,193.5710927,194.7414601,28121020
2019-12-03T00:00:00Z,192.0649642,193.2928906,191.124833,193.2161452,31104100
2019-12-04T00:00:00Z,194.2042423,194.6551215,193.916447,194.1946491,15336754
2019-12-05T00:00:00Z,194.8853577,194.8853577,193.6286518,194.5783761,15038785
2019-12-06T00:00:00Z,195.9981661,196.8039928,195.8446753,196.6600952,16562247
2019-12-09T00:00:00Z,196.3051477,197.2260925,195.6815913,195.7679299,14032175
2019-12-10T00:00:00Z,195.8638616,196.5449771,195.1635598,195.6048459,21849714
2019-12-11T00:00:00Z,196.046132,196.8423655,195.7391503,196.6409088,18897759
2019-12-12T00:00:00Z,196.4394521,198.8857119,196.1708432,198.1086647,32704625
2019-12-13T00:00:00Z,198.0031397,199.4517092,197.58104,198.7610006,32534393
2019-12-16T00:00:00Z,200.0656724,201.0058036,199.9985202,200.7563811,21366177
2019-12-17T00:00:00Z,201.0153968,201.1784808,200.535738,200.8714992,16034647
2019-12-18T00:00:00Z,201.0441763,201.5813941,200.8139401,201.02499,15490828
2019-12-19T00:00:00Z,201.1113286,202.3488482,201.0921422,202.2816959,17892062
2019-12-20T00:00:00Z,203.2410135,203.8741631,202.6750161,203.0971159,27690934
2019-12-23T00:00:00Z,203.8147434,203.958952,203.459029,203.6320793,23798671
2019-12-24T00:00:00Z,203.8147434,203.9012686,203.2763649,203.7378322,7089020
2019-12-26T00:00:00Z,204.0647049,205.5548599,204.0358632,205.5356321,17159310
2019-12-27T00:00:00Z,206.2566748,206.2759026,204.8145893,205.3625818,18142239
2019-12-30T00:00:00Z,205.2568289,205.3818096,203.0071756,204.0166354,21829913
2019-12-31T00:00:00Z,203.4494151,204.5454001,203.0456312,204.4011915,18201585
2020-01-02T00:00:00Z,206.1220802,207.8141271,205.7182962,207.8141271,31014904
2020-01-03T00:00:00Z,205.0645508,207.1507678,205.045323,205.9105743,27532657
2020-01-06T00:00:00Z,204.2858247,207.2661346,204.0454771,207.2372929,21726989
2020-01-07T00:00:00Z,207.3142041,207.7948993,206.5547058,207.2084512,23120994
2020-01-08T00:00:00Z,207.1796095,209.7176799,206.8527368,208.7659035,26464212
2020-01-09T00:00:00Z,210.4867921,210.9386456,209.304282,210.5348616,23641291
2020-01-10T00:00:00Z,211.3616573,211.3808851,209.6215408,209.9964831,21914631
2020-01-13T00:00:00Z,210.8617343,212.4480283,210.5252477,212.4191866,22528847
2020-01-14T00:00:00Z,212.3134337,212.6691481,211.2559044,211.5827771,24573340
2020-01-15T00:00:00Z,211.6981439,212.6595342,210.9771012,211.6693022,25742084
2020-01-16T00:00:00Z,212.7268315,213.7362913,212.2749781,213.6978357,18804959
2020-01-17T00:00:00Z,214.659226,214.9284153,213.5440133,214.755365,24325167
2020-01-21T00:00:00Z,214.1593031,215.1976046,214.063164,214.659226,20813609
2020-01-22T00:00:00Z,215.745597,216.4570259,214.957257,215.2264463,20736403
2020-01-23T00:00:00Z,215.1014655,216.0147863,214.1016196,215.9186473,26496113
2020-01-24T00:00:00Z,216.9281071,217.1588408,213.1113876,214.1016196,37436483
2020-01-27T00:00:00Z,209.2658264,210.8136648,208.7947452,209.6792243,42264418
2020-01-28T00:00:00Z,211.1597653,213.3901908,210.6021589,212.8998818,26731876
2020-01-29T00:00:00Z,214.0823918,214.3227394,212.3038198,213.2459823,29063128
2020-01-30T00:00:00Z,211.8711941,214.1016196,211.2078348,214.0054806,39568093
2020-01-31T00:00:00Z,214.8995736,214.9284153,209.8618884,210.6117729,52015832
2020-02-03T00:00:00Z,211.6404605,214.2842838,211.4962519,213.7939747,25468307
2020-02-04T00:00:00Z,216.7166013,219.0623936,215.9763307,218.6874514,30691211
2020-02-05T00:00:00Z,221.3216608,221.3601164,218.0913894,219.4084941,38534817
2020-02-06T00:00:00Z,219.9564866,221.3601164,219.1777604,221.302433,22467077
2020-02-07T00:00:00Z,220.312201,221.5427806,219.716139,220.3506566,25884933
2020-02-10T00:00:00Z,219.62,223.0233216,219.5623165,223.0137077,21478925
2020-02-11T00:00:00Z,224.2442873,224.9845578,222.4657152,223.0521633,30197983
2020-02-12T00:00:00Z,224.369268,225.3306583,223.8116617,225.2249054,24471275
2020-02-13T00:00:00Z,223.6578392,225.859423,223.3886499,224.9364883,22773159
2020-02-14T00:00:00Z,225.2922027,225.7921257,224.5327044,225.5806198,23438530
2020-02-18T00:00:00Z,224.4846349,226.0901567,224.2442873,225.6671449,24521242
2020-02-19T00:00:00Z,227.0130914,228.3013544,226.7439021,227.8302731,22230464
2020-02-20T00:00:00Z,227.3303502,227.8014314,222.9271826,225.7152145,42604016
2020-02-21T00:00:00Z,224.5903878,224.9749439,220.4660234,221.3793442,66058611
2020-02-24T00:00:00Z,213.1210015,215.5917746,211.7558273,212.8421983,84522551
2020-02-25T00:00:00Z,214.6303843,215.3418131,206.4489529,207.0546287,97742982
2020-02-26T00:00:00Z,208.3428917,211.7750551,206.6027753,208.121772,80400053
2020-02-27T00:00:00Z,202.7572141,208.0640886,197.5657065,197.7003011,121822562
2020-02-28T00:00:00Z,190.970569,199.1712283,190.5187156,197.8541236,149247073
2020-03-02T00:00:00Z,200.8152057,208.2082971,197.9887182,208.0640886,112933945
2020-03-03T00:00:00Z,208.7274479,211.1309236,199.6038539,201.3920399,131953546
2020-03-04T00:00:00Z,205.0837786,209.900344,203.2090675,209.7945911,73086209
2020-03-05T00:00:00Z,204.4781027,208.0064051,201.9881019,203.4205734,78705458
2020-03-06T00:00:00Z,196.7677525,201.0747811,195.0757056,199.98841,89828392
2020-03-09T00:00:00Z,186.0097951,193.3932726,184.6926904,186.0963202,116423986
2020-03-10T00:00:00Z,193.3452031,196.4120381,186.2020732,196.229374,100599233
2020-03-11T00:00:00Z,191.6531562,192.9991026,185.2887524,187.6826142,89168783
2020-03-12T00:00:00Z,175.0595596,183.4140413,170.1083995,170.4737279,137820698
2020-03-13T00:00:00Z,179.8472833,186.9711854,171.252454,184.9138102,134881981
2020-03-16T00:00:00Z,167.4261206,177.5495605,162.628783,162.7633777,92054386
2020-03-17T00:00:00Z,168.6951558,177.2707573,163.224845,175.1076291,121257108
2020-03-18T00:00:00Z,164.9841892,172.3003694,160.3599019,169.7815268,114156320
2020-03-19T00:00:00Z,168.9066617,176.405506,165.0034171,170.8006006,120896481
2020-03-20T00:00:00Z,174.723073,175.809444,163.5324899,164.1093241,118983891
2020-03-23T00:00:00Z,164.6704576,167.8401615,158.8994767,164.2272771,124639782
2020-03-24T00:00:00Z,173.331746,177.1084145,171.4434117,176.9446304,94881785
2020-03-25T00:00:00Z,177.6768417,182.5807302,173.3991865,175.6343577,88754909
2020-03-26T00:00:00Z,177.146952,185.6733593,176.8964586,184.8833419,79887564
2020-03-27T00:00:00Z,180.0950657,183.5441661,177.9080663,178.5246652,58844975
2020-03-30T00:00:00Z,180.2588498,185.4517691,179.5266385,185.018223,49356936
2020-03-31T00:00:00Z,184.7099235,188.1108521,182.2820651,183.4381881,62659265
2020-04-01T00:00:00Z,178.0140442,180.7983739,174.24701,175.643992,53715375
2020-04-02T00:00:00Z,174.6131156,183.1491574,174.352988,179.2087047,56465348
2020-04-03T00:00:00Z,178.7655242,180.2299467,174.6612874,176.665234,47487621
2020-04-06T00:00:00Z,183.515263,190.4230981,182.2724308,189.2958782,64763518
2020-04-07T00:00:00Z,194.9705154,195.2499118,188.833429,189.2188033,69904478
2020-04-08T00:00:00Z,190.9048161,193.8143924,188.9972131,193.2363309,45940439
2020-04-09T00:00:00Z,194.9512467,195.7894359,191.7526396,193.5157273,68323929
2020-04-13T00:00:00Z,192.6871724,195.9821231,191.4828776,195.6063831,42853948
2020-04-14T00:00:00Z,199.6528137,204.7301207,198.8724307,204.1135217,63959563
2020-04-15T00:00:00Z,200.8571085,204.0846187,199.5468358,201.7723726,47035953
2020-04-16T00:00:00Z,203.9497376,206.5317458,202.0228659,205.4526976,64657362
2020-04-17T00:00:00Z,208.2659303,208.5934985,204.3254776,207.4181068,62863223
2020-04-20T00:00:00Z,205.5586755,207.9865339,204.7975612,204.9613453,38249128
2020-04-21T00:00:00Z,202.8995926,203.4391166,196.1844446,197.3983738,72932771
2020-04-22T00:00:00Z,201.4544388,204.5856053,200.7125932,203.2560638,40188772
2020-04-23T00:00:00Z,204.0460812,206.5991863,202.4178746,202.8225177,43278542
2020-04-24T00:00:00Z,203.2560638,206.4643052,201.8398131,206.0211248,34303365
2020-04-27T00:00:00Z,208.285199,208.7091108,206.6569924,207.6782344,36451698
2020-04-28T00:00:00Z,209.3738816,209.3738816,203.4872884,203.7666848,46862816
2020-04-29T00:00:00Z,208.285199,211.9269866,207.2735914,210.9924538,48716406
2020-04-30T00:00:00Z,211.9077179,211.9944271,209.4027846,210.9057446,43359476
2020-05-01T00:00:00Z,206.6569924,208.7476482,203.9401033,204.9613453,48794968
2020-05-04T00:00:00Z,203.7281474,207.5722565,203.4005792,207.3506662,32841020
2020-05-05T00:00:00Z,209.4894939,212.0907707,208.9210667,209.7014497,37783075
2020-05-06T00:00:00Z,211.3778281,212.957863,210.1349959,210.9924538,36455218
2020-05-07T00:00:00Z,213.7093429,214.5860696,212.3605327,213.7093429,38624836
2020-05-08T00:00:00Z,215.4435275,216.773069,214.3452106,216.638188,31964416
2020-05-11T00:00:00Z,215.3182808,219.595936,215.0870562,218.574694,35714128
2020-05-12T00:00:00Z,219.1720243,219.7597201,213.9694706,213.9983737,41054123
2020-05-13T00:00:00Z,214.5186291,216.397329,208.7861857,211.320022,65521208
2020-05-14T00:00:00Z,210.0001149,213.7575147,208.0925119,213.7189773,51549345
2020-05-15T00:00:00Z,210.7804979,215.1641311,210.3469518,215.1063249,55747208
2020-05-18T00:00:00Z,218.0544387,220.3185129,217.2258838,219.1142181,42597551
2020-05-19T00:00:00Z,219.3743458,221.4457329,218.4205443,218.5650597,36237303
2020-05-20T00:00:00Z,221.1085304,223.2858954,221.0892616,222.9294241,37417000
2020-05-21T00:00:00Z,222.9775959,223.652001,219.9909448,220.5015658,42240976
2020-05-22T00:00:00Z,220.0969227,221.4650016,219.1816586,221.2626801,28762389
2020-05-26T00:00:00Z,224.8273928,225.0297143,220.4244909,220.6653499,33055346
2020-05-27T00:00:00Z,220.3281473,221.985257,215.751827,221.8696447,55665565
2020-05-28T00:00:00Z,220.7327904,224.9333707,220.6749842,221.5806139,43008478
2020-05-29T00:00:00Z,221.9563539,225.0586174,220.3955878,224.8273928,50878596
2020-06-01T00:00:00Z,223.9603005,225.8775379,223.51712,225.5017979,26140125
2020-06-02T00:00:00Z,225.9257097,227.0721983,223.5267544,227.0143922,33383415
2020-06-03T00:00:00Z,227.6213568,228.7871142,226.7446301,228.0356342,37228701
2020-06-04T00:00:00Z,227.6887973,229.0954136,225.1356923,226.4363307,38716097
2020-06-05T00:00:00Z,227.5828193,231.5136377,227.0143922,230.9259418,47365569
2020-06-08T00:00:00Z,230.7814264,232.8431792,229.211026,232.7179325,32937305
2020-06-09T00:00:00Z,231.8604746,235.2517688,231.6774218,234.4039452,35046254
2020-06-10T00:00:00Z,236.089958,238.7586753,235.5697026,237.217178,58084410
2020-06-11T00:00:00Z,233.3056284,234.6833416,225.4054543,225.4632604,72919442
2020-06-12T00:00:00Z,230.3960521,231.6099812,223.2666267,227.2552512,72034787
2020-06-15T00:00:00Z,223.9410318,230.6947172,223.006499,230.0203121,45307371
2020-06-16T00:00:00Z,234.8663945,235.4540903,230.3575146,233.9703991,48890095
2020-06-17T00:00:00Z,235.4637247,236.5235041,233.8547868,234.7122447,34749268
2020-06-18T00:00:00Z,234.3943109,235.5889714,233.6235622,235.3481124,30578648
2020-06-19T00:00:00Z,237.7085303,237.9686579,233.5850248,235.309575,49422112
2020-06-22T00:00:00Z,235.173729,238.2523739,234.8842013,238.1269119,24068676
2020-06-23T00:00:00Z,239.7193145,242.3829696,239.1692118,240.1536061,32767370
2020-06-24T00:00:00Z,239.400834,240.6265014,233.7067885,235.2026818,46032376
2020-06-25T00:00:00Z,235.2895401,237.7408749,232.7223942,237.4416963,36940811
2020-06-26T00:00:00Z,237.2004232,237.3741398,231.3133592,231.8345091,52824554
2020-06-29T00:00:00Z,231.6028869,234.3727023,229.0646938,234.3630513,34377800
2020-06-30T00:00:00Z,234.2954949,239.4973432,234.1121273,238.9568914,38909219
2020-07-01T00:00:00Z,238.9954951,242.7400538,238.4550433,241.7460086,34685690
2020-07-02T00:00:00Z,244.1876925,245.3940581,242.9234214,243.3866658,32023478
2020-07-06T00:00:00Z,246.5328672,249.8913889,246.5135653,249.370239,34587050
2020-07-07T00:00:00Z,249.119315,251.7733192,247.3531958,247.6523744,36695837
2020-07-08T00:00:00Z,248.9745511,250.9433397,247.5462143,250.9143869,30452321
2020-07-09T00:00:00Z,252.82527,253.6938532,248.6367687,253.0279394,40609204
2020-07-10T00:00:00Z,252.8831755,255.0063789,250.2098694,254.7554549,32879879
2020-07-13T00:00:00Z,257.5928267,260.372293,248.6946743,249.5150029,64127311
2020-07-14T00:00:00Z,246.9961116,251.6864609,243.9367685,251.2811221,72228142
2020-07-15T00:00:00Z,252.690157,253.5201365,248.5016558,251.7926211,54472875
2020-07-16T00:00:00Z,249.0131548,250.7117175,246.6969329,250.0747565,47590557
2020-07-17T00:00:00Z,250.5283499,251.2232165,248.1928262,250.3642842,36287018
2020-07-20T00:00:00Z,251.0012452,258.0946748,249.756276,257.4673647,40627842
2020-07-21T00:00:00Z,259.0308145,259.0404654,253.9447772,254.7844077,43438515
2020-07-22T00:00:00Z,255.2283502,256.6084324,253.3850236,255.6819436,29865519
2020-07-23T00:00:00Z,255.3152085,255.9811223,247.5944689,249.0035039,51363538
2020-07-24T00:00:00Z,245.2492942,247.961204,242.5470353,246.6390274,54054536
2020-07-27T00:00:00Z,248.3761938,251.4258859,247.4931342,251.0398489,36445741
2020-07-28T00:00:00Z,250.2774259,250.779274,247.5558652,247.8453929,31302390
2020-07-29T00:00:00Z,249.3123334,251.5609989,248.9069946,250.7020666,27556884
2020-07-30T00:00:00Z,248.7815326,252.5743459,247.5944689,252.0145923,41774456
2020-07-31T00:00:00Z,256.5505268,256.6663379,251.7443664,256.5119231,53756159
2020-08-03T00:00:00Z,258.6930321,260.7197262,258.5193155,259.9766051,32081566
2020-08-04T00:00:00Z,259.3589459,261.0382068,258.7316358,260.9416975,24911286
2020-08-05T00:00:00Z,261.3759891,262.0419029,260.5363587,261.5883095,21685921
2020-08-06T00:00:00Z,261.3277345,265.3811228,260.7583299,265.0529914,28048224
2020-08-07T00:00:00Z,264.4739359,265.2863507,259.8463176,261.9936483,44969356
2020-08-10T00:00:00Z,262.2542232,262.4858454,257.3612045,260.874141,35088373
2020-08-11T00:00:00Z,259.7063792,260.9996031,255.3924159,255.9328677,43104323
2020-08-12T00:00:00Z,258.0367692,263.3158249,258.0367692,262.3700343,38894272
2020-08-13T00:00:00Z,263.1228065,265.2363589,262.032252,262.9683917,31895717
2020-08-14T00:00:00Z,263.4798907,263.8562767,261.2698289,262.6595621,30799494
2020-08-17T00:00:00Z,264.3484739,266.2111023,262.6960426,265.7092542,24659226
2020-08-18T00:00:00Z,266.761205,268.74447,265.3135663,268.2667492,23529498
2020-08-19T00:00:00Z,268.2281455,269.2800963,265.9505273,266.4620263,31999359
2020-08-20T00:00:00Z,265.6899524,270.6408767,265.2653117,270.1583304,27723379
2020-08-21T00:00:00Z,270.2934434,272.4842032,269.7057021,272.0306098,34748934
2020-08-24T00:00:00Z,275.1092547,276.0164416,271.4515543,273.7291725,36418533
2020-08-25T00:00:00Z,272.9088439,276.0743472,272.513156,275.8813287,34866586
2020-08-26T00:00:00Z,277.0876943,282.0193167,275.8514108,281.7683926,42216690
2020-08-27T00:00:00Z,282.8492962,283.5933825,278.6270167,280.8901585,49482715
2020-08-28T00:00:00Z,282.0675713,282.9458054,280.7743474,282.3184953,28021022
2020-08-31T00:00:00Z,282.9265036,286.38636,282.4053537,284.5864626,36321027
2020-09-01T00:00:00Z,287.2115141,289.5663397,285.4646967,289.4505286,36395774
2020-09-02T00:00:00Z,292.6739374,292.9055596,286.5262984,292.1913911,50836767
2020-09-03T00:00:00Z,287.7905696,288.1959084,274.4819446,277.377222,110083282
2020-09-04T00:00:00Z,275.7848194,278.8441625,262.3121288,273.6809179,123958978
2020-09-08T00:00:00Z,262.7657222,268.5080223,260.2468309,260.5267078,99568645
2020-09-09T00:00:00Z,265.9215746,270.2693161,263.4702397,268.1798909,64837872
2020-09-10T00:00:00Z,271.1620266,272.3442648,261.1154141,262.8332787,69667462
2020-09-11T00:00:00Z,264.7538127,265.612745,257.5831758,261.009254,71809014
2020-09-14T00:00:00Z,264.7055581,267.5429299,263.431636,265.5548394,38525194
2020-09-15T00:00:00Z,269.1642852,270.6601785,265.528975,269.3187,41849926
2020-09-16T00:00:00Z,270.0039156,270.5733202,264.6766053,265.0240386,42435626
2020-09-17T00:00:00Z,258.1815331,264.8170263,257.3708554,260.883792,81570844
2020-09-18T00:00:00Z,262.1384121,262.5920056,253.462231,257.554223,86251117
2020-09-21T00:00:00Z,253.7237691,258.6818787,251.3945207,258.5465697,57168570
2020-09-22T00:00:00Z,261.0014621,263.9299362,257.6090714,263.3500404,41128886
2020-09-23T00:00:00Z,263.0310977,263.2147313,254.4295023,255.3088178,48837270
2020-09-24T00:00:00Z,252.8152656,259.6966965,252.4673281,256.4976043,70631704
2020-09-25T00:00:00Z,256.9131963,263.2678885,255.4440302,262.4608667,55242376
2020-09-28T00:00:00Z,267.3464894,267.9118878,262.5710469,267.9118878,58438286
2020-09-29T00:00:00Z,267.4479711,268.4047993,266.1450418,266.7037714,27178921
2020-09-30T00:00:00Z,266.8390805,271.671546,266.628095,268.5304434,49380802
2020-10-01T00:00:00Z,272.3480912,273.4009887,270.4634296,272.792678,50020223
2020-10-02T00:00:00Z,266.761761,272.7841728,264.2778738,265.1187228,75497391
2020-10-05T00:00:00Z,267.0807037,271.0916501,266.9743895,270.7727074,28184581
2020-10-06T00:00:00Z,269.9318584,271.7681953,265.0607332,265.9402419,49704236
2020-10-07T00:00:00Z,268.5207785,271.3332734,267.9892073,270.5407491,27539663
2020-10-08T00:00:00Z,272.8603325,273.0053065,270.9176814,271.9808238,25443287
2020-10-09T00:00:00Z,273.6045322,276.2140636,273.2372648,276.1367441,30201144
2020-10-12T00:00:00Z,280.8628954,287.4930381,279.7707582,284.6612133,79370657
2020-10-13T00:00:00Z,286.4105658,287.0963893,283.2887931,284.6515483,64240031
2020-10-14T00:00:00Z,285.4247428,286.4202307,280.5342877,282.2739753,37181227
2020-10-15T00:00:00Z,277.6251435,280.9692096,276.9389334,280.3796488,42514177
2020-10-16T00:00:00Z,282.0226871,283.4424655,278.4949873,278.8429248,40570702
2020-10-19T00:00:00Z,280.7565811,281.7134093,273.3145843,274.2907423,36756754
2020-10-20T00:00:00Z,275.025277,277.9827459,273.4692232,274.8803031,32195361
2020-10-21T00:00:00Z,275.1315913,277.692798,274.184428,274.6676746,29306137
2020-10-22T00:00:00Z,275.4988587,276.3976973,271.4105928,274.6580097,32196162
2020-10-23T00:00:00Z,275.2475705,275.3635496,272.3401659,275.1992458,24658542
2020-10-26T00:00:00Z,272.8603325,275.7404819,267.4866309,271.0723203,38421094
2020-10-27T00:00:00Z,271.9904887,274.0056268,270.8113671,273.1889402,30559123
2020-10-28T00:00:00Z,268.8107264,269.3037345,262.286898,262.5381862,53413523
2020-10-29T00:00:00Z,263.8912765,270.125157,263.3887001,267.1290284,43246302
2020-10-30T00:00:00Z,265.1815448,266.0175613,258.1213127,260.3539118,65935893
2020-11-02T00:00:00Z,262.6251706,264.3551932,258.0246634,260.9338076,39987409
2020-11-03T00:00:00Z,262.7508147,267.5446204,261.7649917,265.4473304,43604145
2020-11-04T00:00:00Z,274.0587839,279.094213,272.4254106,277.2965358,75728206
2020-11-05T00:00:00Z,283.578741,285.4923973,282.2159857,284.5259042,52054186
2020-11-06T00:00:00Z,283.7430448,285.4634025,280.1186957,284.7385327,40959764
2020-11-09T00:00:00Z,287.3480641,289.1167465,278.4659925,278.9202442,86537071
2020-11-10T00:00:00Z,275.7018222,277.0548159,271.2172942,273.9234749,69024878
2020-11-11T00:00:00Z,276.3397077,280.5246228,273.8848152,280.0510412,36102931
2020-11-12T00:00:00Z,280.9788746,282.2875062,277.6251435,278.7366106,34516826
2020-11-13T00:00:00Z,280.2926645,281.8003937,278.2244659,281.1818381,24880582
2020-11-16T00:00:00Z,280.9402148,283.6753903,280.2733346,283.3757774,30168361
2020-11-17T00:00:00Z,283.5690761,283.8976837,281.8390534,282.4769389,21843463
2020-11-18T00:00:00Z,281.9260378,283.5400813,280.3023294,280.3893138,28069619
2020-11-19T00:00:00Z,279.7804231,282.8925309,279.1715325,282.5832531,22718422
2020-11-20T00:00:00Z,282.5059337,283.2453009,280.5632825,280.6502669,25907308
2020-11-23T00:00:00Z,281.6457548,282.9408556,278.4176678,280.6599318,26875588
2020-11-24T00:00:00Z,281.7230742,285.0961352,279.9253971,284.6032237,23850175
2020-11-25T00:00:00Z,285.540722,286.9904616,284.7192029,286.3525762,23326826
2020-11-27T00:00:00Z,288.2952273,290.1122344,287.918295,288.9911024,17163115
2020-11-30T00:00:00Z,289.2713854,289.9189357,284.9028365,289.5806632,27836232
2020-12-01T00:00:00Z,291.7552726,294.9157051,290.7501198,293.2919967,27283110
2020-12-02T00:00:00Z,292.0935452,294.0023691,290.2862031,293.668929,23620003
2020-12-03T00:00:00Z,293.8815575,295.63091,293.3606177,294.084521,22828727
2020-12-04T00:00:00Z,294.1328457,295.4279464,293.4563005,295.2829725,19332081
2020-12-07T00:00:00Z,295.4666061,297.3222729,295.2829725,296.9550055,20850969
2020-12-08T00:00:00Z,296.4814239,298.2597712,294.7320714,297.9601584,18341464
2020-12-09T00:00:00Z,297.7475299,298.0278129,290.1508941,291.2140365,48839306
2020-12-10T00:00:00Z,289.184401,293.5046252,288.1019287,292.3834932,27519544
2020-12-11T00:00:00Z,290.73079,291.8615869,288.4691961,291.7359428,26760416
2020-12-14T00:00:00Z,292.9247293,295.7952138,292.8570748,293.8525627,28804832
2020-12-15T00:00:00Z,296.1044916,296.9936653,293.9202172,296.9936653,25790455
2020-12-16T00:00:00Z,297.3899274,299.4050655,296.3470814,298.6270386,25461890
2020-12-17T00:00:00Z,300.2217522,300.811313,299.0233008,300.5793547,23730524
2020-12-18T00:00:00Z,301.2172401,301.5265179,297.302943,299.6708511,41173392
2020-12-21T00:00:00Z,296.7296773,299.6441077,293.9604844,299.1115706,37095480
2020-12-22T00:00:00Z,300.0120424,300.8452209,297.1024533,299.9249,26378343
2020-12-23T00:00:00Z,299.9733124,300.3315647,298.25467,298.4144311,21201280
2020-12-24T00:00:00Z,298.6758584,300.1766448,298.5983985,299.7312501,16784997
2020-12-28T00:00:00Z,302.3358407,303.2266301,300.5058496,302.7521879,22090365
2020-12-29T00:00:00Z,304.0786894,304.6935277,302.1228259,303.0232977,25871925
2020-12-30T00:00:00Z,304.1851969,304.5047191,302.4133007,303.0329802,18138071
2020-12-31T00:00:00Z,302.9361553,304.2626568,301.8613986,303.7785322,21611412
2021-01-04T00:00:00Z,305.1050337,305.2793186,295.4903182,299.4891878,45305898
2021-01-05T00:00:00Z,298.5015735,302.2293333,298.5015735,301.9582235,29323409
2021-01-06T00:00:00Z,297.2525319,301.9775885,296.2649177,297.7753866,52809622
2021-01-07T00:00:00Z,300.4283896,305.8118557,300.3993421,304.9791613,30394826
2021-01-08T00:00:00Z,307.2642296,309.2491406,305.0773418,308.9005709,33955847
2021-01-11T00:00:00Z,305.9474106,307.1189922,303.7882146,304.4369417,32869095
2021-01-12T00:00:00Z,304.4756716,305.5601108,301.319179,303.952817,28652545
2021-01-13T00:00:00Z,304.2142443,306.7994699,303.6139298,306.0055055,22898417
2021-01-14T00:00:00Z,306.4509002,307.448197,303.8962713,304.3691642,23500129
2021-01-15T00:00:00Z,304.1561494,305.1147162,300.7188644,301.9582235,35118718
2021-01-19T00:00:00Z,304.2723393,306.8672474,303.1782176,306.3637578,24537049
2021-01-20T00:00:00Z,309.9753276,314.4292743,306.4596144,313.4900725,30728096
2021-01-21T00:00:00Z,314.8262566,316.7433901,313.4513426,315.9978382,25316935
2021-01-22T00:00:00Z,314.9618115,316.0946631,314.4002269,315.0876839,21609444
2021-01-25T00:00:00Z,318.4668739,319.8321054,311.2050042,317.6922744,39080644
2021-01-26T00:00:00Z,318.4087789,319.2898858,316.8305326,318.1570341,25498112
2021-01-27T00:00:00Z,315.9010133,315.9106958,307.2835946,309.2878706,55263985
2021-01-28T00:00:00Z,310.4884997,316.0559331,309.8688202,311.1178618,42836324
2021-01-29T00:00:00Z,309.433108,310.5362344,302.8296479,304.5724966,55259018
2021-02-01T00:00:00Z,308.0097816,313.2673752,305.9861405,312.182936,35646008
2021-02-02T00:00:00Z,315.1457788,318.4281439,314.9811764,317.2759273,33119867
2021-02-03T00:00:00Z,319.3479807,319.7110742,315.9591082,316.0172032,24824518
2021-02-04T00:00:00Z,317.4114822,319.8417879,316.0946631,319.7546454,22350947
2021-02-05T00:00:00Z,320.7035297,321.8484845,319.0671884,320.8390846,22731960
2021-02-08T00:00:00Z,322.5238384,323.143518,320.8874971,322.9885981,20462812
2021-02-09T00:00:00Z,322.0590787,324.1795447,322.0493963,322.9208206,17352727
2021-02-10T00:00:00Z,324.3538296,324.8089067,319.038141,322.1849512,27705242
2021-02-11T00:00:00Z,323.714785,324.3635121,321.5749541,323.9568474,22046071
2021-02-12T00:00:00Z,323.1144705,325.9320759,322.0687612,325.7674735,20346819
2021-02-16T00:00:00Z,326.5614379,327.4522273,323.7244675,324.8863667,27080777
2021-02-17T00:00:00Z,321.9138414,324.9996518,319.686868,323.3274853,31000553
2021-02-18T00:00:00Z,319.7449629,323.2656142,317.9343368,321.9138414,32236240
2021-02-19T00:00:00Z,323.2597079,323.3855803,319.4932181,320.5098799,39157677
2021-02-22T00:00:00Z,316.1333931,317.3921172,311.9989686,312.202301,45835313
2021-02-23T00:00:00Z,306.9350248,312.9381704,301.1255291,311.2727817,97241936
2021-02-24T00:00:00Z,308.6197786,314.148482,305.9280456,313.8386423,58206272
2021-02-25T00:00:00Z,311.1856392,313.7418173,301.3579089,302.8974253,107375054
2021-02-26T00:00:00Z,305.8215382,308.9780308,301.0093392,304.1658319,103125301
2021-03-01T00:00:00Z,309.1329507,313.6546749,307.8403379,313.3157877,49164518
2021-03-02T00:00:00Z,313.9548322,314.0322921,308.038829,308.2905738,48370034
2021-03-03T00:00:00Z,307.1964521,308.135654,299.2858555,299.3439504,86301073
2021-03-04T00:00:00Z,298.9760157,302.1325084,290.5812943,294.444609,139131582
2021-03-05T00:00:00Z,297.0540408,299.7786943,288.0057512,298.8791907,121523726
2021-03-08T00:00:00Z,298.3369711,300.2153748,290.0003448,290.416692,88409781
2021-03-09T00:00:00Z,297.7076091,303.7688497,297.175072,301.8710811,80391114
2021-03-10T00:00:00Z,306.1216954,306.4218527,300.3218822,301.0093392,76798065
2021-03-11T00:00:00Z,305.7440782,309.7042178,304.8532889,307.9420041,53484804
2021-03-12T00:00:00Z,303.8947221,308.1261651,301.5041146,305.4439209,69315601
2021-03-15T00:00:00Z,305.7634432,308.8715234,304.1222607,308.706921,43123176
2021-03-16T00:00:00Z,310.8951644,313.9064197,308.9683483,310.4013573,54925896
2021-03-17T00:00:00Z,307.370737,313.5675325,305.6569358,311.6794464,78258729
2021-03-18T00:00:00Z,306.8091524,307.787181,301.6774312,302.1325084,82942269
2021-03-19T00:00:00Z,301.967906,304.737099,299.8281719,303.1975826,78446204
2021-03-22T00:00:00Z,305.5799292,310.9409806,305.5799292,308.8760548,56194755
2021-03-23T00:00:00Z,309.9618374,311.2802876,306.709337,307.5285211,53455411
2021-03-24T00:00:00Z,308.8954438,308.9342217,302.1965532,302.3419705,64803729
2021-03-25T00:00:00Z,300.498079,303.3259609,297.9987433,301.8184682,78729008
2021-03-26T00:00:00Z,301.6051895,306.6657118,300.2091833,306.3457937,63519634
2021-03-29T00:00:00Z,305.8125969,307.3055479,302.9236397,306.2585433,54607963
2021-03-30T00:00:00Z,304.3002569,305.2890946,302.0220524,304.7171198,44635676
2021-03-31T00:00:00Z,306.5009055,310.9409806,306.1615984,309.3801682,55032535
2021-04-01T00:00:00Z,313.1997961,314.789692,312.9477394,314.6539692,55685602
2021-04-05T00:00:00Z,317.1357579,321.7018613,314.719407,320.9359968,42172475
2021-04-06T00:00:00Z,320.6257732,322.6616155,319.9374647,320.7130236,33537210
2021-04-07T00:00:00Z,320.2379938,322.3223085,319.307323,321.4885826,32046381
2021-04-08T00:00:00Z,324.3387618,325.0270704,323.5437169,324.8428751,29940799
2021-04-09T00:00:00Z,323.4856469,327.0144403,322.7488659,326.810856,36664892
2021-04-12T00:00:00Z,325.7735459,326.8011616,324.5035681,326.3842986,25833013
2021-04-13T00:00:00Z,327.9063331,330.6595674,327.6930544,330.1942321,30374033
2021-04-14T00:00:00Z,330.4365942,330.5626226,325.4148499,326.2291868,42564337
2021-04-15T00:00:00Z,329.098755,331.5611547,325.9434903,331.1733753,36342821
2021-04-16T00:00:00Z,331.6968776,331.7744335,329.6901187,331.5611547,40860099
2021-04-19T00:00:00Z,329.9906478,331.1442918,326.6088229,328.5267803,34533129
2021-04-20T00:00:00Z,327.8675551,329.1472274,324.1658122,326.1322419,38081818
2021-04-21T00:00:00Z,324.8525696,329.1084495,323.7667871,328.9242542,36598082
2021-04-22T00:00:00Z,328.5364747,329.515618,323.805565,324.959209,45936143
2021-04-23T00:00:00Z,325.5893507,330.35613,325.5893507,329.0502826,36414916
2021-04-26T00:00:00Z,329.2926447,331.4739044,328.5461692,331.1927642,30811968
2021-04-27T00:00:00Z,331.4835988,331.6968776,328.8079204,329.7579801,33187183
2021-04-28T00:00:00Z,329.4283676,330.4365942,327.9936804,328.6431141,33615696
2021-04-29T00:00:00Z,331.9101563,332.3270192,326.6073688,329.8258415,37708884
2021-04-30T00:00:00Z,327.3828308,329.8646195,326.7526891,327.6639709,38263421
2021-05-03T00:00:00Z,328.8660873,329.6125628,325.4730168,325.9189632,29729730
2021-05-04T00:00:00Z,323.3693131,323.6892312,316.2438651,320.0537985,65146972
2021-05-05T00:00:00Z,322.0993353,322.9621446,318.2021515,318.9777104,46219307
2021-05-06T00:00:00Z,318.7159593,321.537055,316.4765327,321.3819432,46814283
2021-05-07T00:00:00Z,324.1545666,326.3649096,321.5578012,323.9897603,53324460
2021-05-10T00:00:00Z,322.6131431,322.7876439,315.6040289,315.8076131,60700462
2021-05-11T00:00:00Z,309.9327539,316.1662122,309.2735288,315.3713612,71963612
2021-05-12T00:00:00Z,310.4465617,312.7635442,306.3457937,307.208603,91164855
2021-05-13T00:00:00Z,310.1460326,312.5502655,307.2182975,309.5837524,69877765
2021-05-14T00:00:00Z,312.7441552,317.3296476,312.2400419,316.4183658,44370015
2021-05-17T00:00:00Z,314.7121361,316.4010127,311.6292892,314.4988574,39394997
2021-05-18T00:00:00Z,315.4489171,316.6704225,312.104319,312.3757647,36528454
2021-05-19T00:00:00Z,306.9856298,313.0349898,306.6366283,312.7344607,66319108
2021-05-20T00:00:00Z,314.2177172,319.6369356,313.994744,318.7838207,46466135
2021-05-21T00:00:00Z,320.3349386,320.7518016,316.660728,317.019424,50330449
2021-05-24T00:00:00Z,319.307323,323.4759525,316.9158869,322.351392,32475771
2021-05-25T00:00:00Z,323.8637319,324.581124,321.6194582,322.7973384,31280314
2021-05-26T00:00:00Z,323.466258,324.3872343,322.7779494,323.9218989,25444932
2021-05-27T00:00:00Z,323.4759525,324.3193728,322.5065037,322.710088,27931747
2021-05-28T00:00:00Z,323.9122044,325.3178081,323.4080911,323.7280091,29927449
2021-06-01T00:00:00Z,325.0561539,325.5263365,321.3043873,322.6519211,31145424
2021-06-02T00:00:00Z,323.068784,324.1254831,321.5612913,323.2820627,22047940
2021-06-03T00:00:00Z,320.4512725,321.7212503,318.2506239,319.9180757,37057825
2021-06-04T00:00:00Z,321.7115558,325.7911899,321.6436944,325.3469885,38736545
2021-06-07T00:00:00Z,324.8137917,326.3746041,324.1254831,326.3164372,32611852
2021-06-08T00:00:00Z,328.0565976,328.9242542,324.7944027,326.471549,27282819
2021-06-09T00:00:00Z,327.8384717,328.6140306,326.3658791,326.5491049,21485319
2021-06-10T00:00:00Z,326.8884119,330.0585092,326.4424655,329.9518699,33702067
2021-06-11T00:00:00Z,329.9615644,330.8243737,329.3120337,330.8146792,21222830
2021-06-14T00:00:00Z,331.2412367,333.994471,330.0585092,333.9847765,27827716
2021-06-15T00:00:00Z,333.635775,333.9459986,331.0861249,331.8035169,35963780
2021-06-16T00:00:00Z,332.2688523,333.3352459,327.1404686,330.591706,54252558
2021-06-17T00:00:00Z,329.5834794,335.7976456,329.5350069,334.789419,59722700
2021-06-18T00:00:00Z,333.1316617,334.2738661,331.4157374,332.1622129,55414862
2021-06-21T00:00:00Z,332.3508348,334.5443135,330.1379449,334.2240268,32992649
2021-06-22T00:00:00Z,334.020208,337.7860031,333.7193326,337.3395429,28941626
2021-06-23T00:00:00Z,337.2813089,338.6498067,336.6698525,337.5045391,27188454
2021-06-24T00:00:00Z,339.4359649,341.1150437,338.8924481,339.5912555,32581605
2021-06-25T00:00:00Z,340.1541836,340.396825,338.5721614,339.1739122,28682801
2021-06-28T00:00:00Z,340.455059,343.4346959,340.396825,343.2988167,39130305
2021-06-29T00:00:00Z,343.1241148,344.5701608,342.2894283,344.5411409,29426039
2021-06-30T00:00:00Z,344.3858503,344.7740766,343.4152846,343.997624,32723964
2021-07-01T00:00:00Z,343.6482203,344.6381974,342.2991339,344.1335032,29289978
2021-07-02T00:00:00Z,346.0261065,348.4039926,345.7931707,348.0837059,32727244
2021-07-06T00:00:00Z,348.6854567,349.8695469,345.9969895,349.5880828,38842397
2021-07-07T00:00:00Z,351.7815615,352.0824368,348.3748756,350.3257128,35265242
2021-07-08T00:00:00Z,345.2690652,349.0639773,343.9879184,348.2098794,50890021
2021-07-09T00:00:00Z,347.62754,350.859524,347.0452005,350.3839468,35184534
2021-07-12T00:00:00Z,351.7815615,352.2086104,350.2092449,351.7524445,25717677
2021-07-13T00:00:00Z,351.3739238,354.7078172,350.8983466,351.7524445,39723015
2021-07-14T00:00:00Z,354.091508,354.7320814,351.5583313,352.3833122,35336350
2021-07-15T00:00:00Z,352.2959613,352.4997801,347.9090041,349.9083695,53391557
2021-07-16T00:00:00Z,350.7624674,351.7427388,346.7249138,347.0743175,47261961
2021-07-19T00:00:00Z,343.628809,344.7255483,341.6779718,344.2305598,64404625
2021-07-20T00:00:00Z,345.1623029,349.6754337,343.3861676,348.2292908,42183702
2021-07-21T00:00:00Z,347.8022418,350.9177579,347.5790117,350.9177579,30259860
2021-07-22T00:00:00Z,351.1215767,353.2471158,351.1215767,353.2374101,30252240
2021-07-23T00:00:00Z,354.5573795,357.6389258,353.2041197,357.3623146,31960799
2021-07-26T00:00:00Z,356.6732129,358.032005,355.8103799,357.6437787,28438126
2021-07-27T00:00:00Z,357.3817259,357.3817259,349.5589659,353.7032817,57933148
2021-07-28T00:00:00Z,354.8388436,356.6343903,352.5483084,355.0620737,42066195
2021-07-29T00:00:00Z,354.4991456,356.8570381,354.4991456,355.6929415,23166574
2021-07-30T00:00:00Z,351.7718558,354.4215003,351.7427388,353.8391609,36484649
2021-08-02T00:00:00Z,355.4988283,356.0811678,353.1597648,353.8682779,27334097
2021-08-03T00:00:00Z,354.5282626,356.1296961,351.3448069,356.0132282,35558511
2021-08-04T00:00:00Z,355.9744056,357.4787825,354.8679606,356.527628,29602236
2021-08-05T00:00:00Z,357.3429033,359.0219821,356.6343903,358.7890463,21443925
2021-08-06T00:00:00Z,357.5273108,358.4978765,356.1054319,357.2167297,33332107
2021-08-09T00:00:00Z,357.6728956,358.40082,356.5761563,357.8767145,25960245
2021-08-10T00:00:00Z,358.3911143,358.682284,354.8582549,356.0423452,35130796
2021-08-11T00:00:00Z,357.3040807,357.7990692,354.1012136,355.4308887,34249812
2021-08-12T00:00:00Z,354.9261945,357.0711449,353.5722553,356.7120355,26003877
2021-08-13T00:00:00Z,357.0614392,358.2940577,356.5664507,357.9640654,19113595
2021-08-16T00:00:00Z,356.8479147,358.1581785,352.9947687,358.1193559,35044107
2021-08-17T00:00:00Z,355.3726548,356.3432206,352.5386028,354.9650172,44793902
2021-08-18T00:00:00Z,354.431206,355.8288207,351.2137805,351.5486257,38541940
2021-08-19T00:00:00Z,349.6171998,354.9164889,349.3648527,353.2471158,48499368
2021-08-20T00:00:00Z,354.3147381,357.3040807,354.0041571,356.9061487,39486034
2021-08-23T00:00:00Z,357.9446541,362.9285093,357.9349484,362.2442604,34034744
2021-08-24T00:00:00Z,362.8363055,363.9524561,362.370434,363.3507054,21732913
2021-08-25T00:00:00Z,363.6030525,364.3406825,362.850864,363.7680487,20441880
2021-08-26T00:00:00Z,362.9139508,363.5933468,361.0213475,361.4581021,29133325
2021-08-27T00:00:00Z,362.0889699,365.4762444,361.603687,364.9715502,27104749
2021-08-30T00:00:00Z,365.7577085,369.5526206,365.7382972,369.0673377,27295665
2021-08-31T00:00:00Z,369.3099792,369.3769482,367.2232628,368.7664623,29628175
2021-09-01T00:00:00Z,369.824379,371.4452239,369.1741,369.3779188,28138311
2021-09-02T00:00:00Z,370.7270052,371.0569975,367.9900097,369.2032169,25503535
2021-09-03T00:00:00Z,368.0579493,370.7367108,368.0388292,370.3387789,24624937
2021-09-07T00:00:00Z,370.4455411,371.5112223,369.2888208,370.8628844,23970203
2021-09-08T00:00:00Z,370.6881826,370.6881826,367.3106137,369.5720319,32949159
2021-09-09T00:00:00Z,369.7952621,370.901707,368.0579493,368.3005908,29398978
2021-09-10T00:00:00Z,370.0087865,370.7270052,365.1705162,365.5053614,40249405
2021-09-13T00:00:00Z,367.8347192,368.2617681,363.2051205,365.2530143,48741781
2021-09-14T00:00:00Z,366.7379799,367.4659042,363.2633545,364.2145089,41826624
2021-09-15T00:00:00Z,364.6706748,367.2717911,362.3801396,366.9223874,34097865
2021-09-16T00:00:00Z,365.5927123,367.7473683,363.6661392,367.1747345,35193083
2021-09-17T00:00:00Z,366.6991573,366.7476856,361.7880945,362.8265999,60912267
2021-09-20T00:00:00Z,357.0477562,358.7870353,350.7027885,355.3376271,76203202
2021-09-21T00:00:00Z,357.1643559,358.359503,354.6477454,355.774876,41927483
2021-09-22T00:00:00Z,356.6882404,360.5554643,355.5887051,359.0979678,46972920
2021-09-23T00:00:00Z,360.2542483,363.4413072,359.6119782,362.411343,44652002
2021-09-24T00:00:00Z,360.1473653,363.1692412,359.7781328,362.7514255,36056800
2021-09-27T00:00:00Z,359.7101163,360.7319185,357.3101056,359.855866,43338079
2021-09-28T00:00:00Z,355.3084771,359.8092261,349.1675589,349.6728243,97701632
2021-09-29T00:00:00Z,350.9359879,353.0736493,348.4728189,349.0995424,58076621
2021-09-30T00:00:00Z,350.741655,352.4032009,346.9813143,347.8169455,61384577
2021-10-01T00:00:00Z,348.4388107,351.013721,344.3383874,349.9740402,56375488
2021-10-04T00:00:00Z,348.3610775,348.6914434,340.3934304,342.6282583,76766005
2021-10-05T00:00:00Z,343.6873724,349.4979247,343.4638896,347.2533803,47232904
2021-10-06T00:00:00Z,344.0468881,349.7505575,343.1432404,349.4784915,56806536
2021-10-07T00:00:00Z,352.5198007,355.3279104,351.9853853,352.6849836,39411172
2021-10-08T00:00:00Z,353.7635309,353.9934267,350.3918559,350.9262712,41822309
2021-10-11T00:00:00Z,349.3910417,352.9084664,348.1473114,348.2347612,34847182
2021-10-12T00:00:00Z,349.682541,350.1197899,346.3788824,347.0201808,43905101
2021-10-13T00:00:00Z,349.3230252,350.469589,347.3019635,349.7991407,40120795
2021-10-14T00:00:00Z,353.3845819,356.455041,352.7238502,356.2412748,43433867
2021-10-15T00:00:00Z,357.4558552,358.602419,356.4258911,358.4858193,40419878
2021-10-18T00:00:00Z,357.1935058,362.30446,356.591074,362.0906938,34513514
2021-10-19T00:00:00Z,363.1595245,364.8793703,362.1367507,364.8307871,29090963
2021-10-20T00:00:00Z,365.2874693,365.8947595,362.8777419,364.3546716,31390338
2021-10-21T00:00:00Z,363.5579069,366.7741156,363.2566909,366.5797828,25469277
2021-10-22T00:00:00Z,365.3263359,366.2882835,361.8332028,363.499607,36275822
2021-10-25T00:00:00Z,364.9182369,368.1344456,362.9749083,367.2210812,32597804
2021-10-26T00:00:00Z,369.4559091,371.8656365,367.1967896,368.3773617,47191279
2021-10-27T00:00:00Z,368.8243273,372.2931687,368.5619779,369.2324263,45760496
2021-10-28T00:00:00Z,371.1271716,373.5854822,370.3546985,373.3328495,38007005
2021-10-29T00:00:00Z,370.2623904,375.3344779,369.9125913,375.169295,37310116
2021-11-01T00:00:00Z,375.6065439,376.5782082,373.5271824,376.4518919,30483910
2021-11-02T00:00:00Z,375.8397434,378.5021035,375.7911602,378.025988,24161597
2021-11-03T00:00:00Z,378.5118201,382.4567771,377.4721394,382.0389615,33748901
2021-11-04T00:00:00Z,383.302125,387.8883804,382.757993,386.9361494,40265313
2021-11-05T00:00:00Z,388.7045784,389.6276595,385.9061853,387.3053819,43383802
2021-11-08T00:00:00Z,387.2762319,388.2964794,386.1393847,386.7806832,29256270
2021-11-09T00:00:00Z,387.8495139,388.2478962,382.757993,384.118323,50119363
2021-11-10T00:00:00Z,381.3490798,384.1571896,376.5490583,378.4729536,54937385
2021-11-11T00:00:00Z,381.4462463,381.6211458,379.1822685,379.522351,32242983
2021-11-12T00:00:00Z,380.6689148,384.0503065,379.0753854,383.5158912,32532903
2021-11-15T00:00:00Z,384.691605,385.0122542,380.9847057,383.4284414,33716861
2021-11-16T00:00:00Z,382.6996932,386.6543668,382.5053603,386.158818,27872940
2021-11-17T00:00:00Z,386.4794672,388.3932572,385.4009199,386.3628675,28703263
2021-11-18T00:00:00Z,388.4033625,390.8713898,386.1879679,390.3661244,45721515
2021-11-19T00:00:00Z,391.9985203,393.8155325,391.1726057,392.5426523,45191721
2021-11-22T00:00:00Z,394.0778819,397.1289077,387.8786638,387.9855469,61715370
2021-11-23T00:00:00Z,386.8292664,388.8891946,381.7863288,386.2171179,70098736
2021-11-24T00:00:00Z,383.739374,387.7426308,381.4170963,387.4608482,46954382
2021-11-26T00:00:00Z,384.8859378,386.2754177,378.7255863,380.1150662,51533314
2021-11-29T00:00:00Z,384.6721717,389.3750268,383.9434235,388.3644959,54447106
2021-11-30T00:00:00Z,387.4802814,389.8219924,380.6494816,382.6608266,81332693
2021-12-01T00:00:00Z,386.9944493,389.1321107,375.6842771,376.1506759,78379245
2021-12-02T00:00:00Z,374.8680791,380.6397649,373.4494492,378.8616193,84416623
2021-12-03T00:00:00Z,380.2219493,381.2227635,368.1635956,372.2737355,105349104
2021-12-06T00:00:00Z,372.7595676,376.6170748,368.5522613,375.2567448,67588801
2021-12-07T00:00:00Z,381.8932118,387.1693489,381.8543453,386.5572004,56005264
2021-12-08T00:00:00Z,386.8875662,388.4908123,384.9928209,388.2867628,39204041
2021-12-09T00:00:00Z,387.0624658,388.8600447,382.3789468,382.5733768,49973714
2021-12-10T00:00:00Z,385.3814866,386.9944493,382.213861,386.7320999,52545767
2021-12-13T00:00:00Z,386.7223833,387.0381742,380.7757979,381.1450303,50166410
2021-12-14T00:00:00Z,376.3255755,379.0365188,372.7595676,377.2000734,75199181
2021-12-15T00:00:00Z,376.9474406,386.1586237,373.0024837,385.7993022,73858028
2021-12-16T00:00:00Z,386.7612499,387.1839238,374.2947972,375.8786099,82591368
2021-12-17T00:00:00Z,372.4680683,378.162021,370.952272,374.0032979,81642848
2021-12-20T00:00:00Z,369.2858268,371.1684242,367.2475625,370.3803602,65336827
2021-12-21T00:00:00Z,373.6493665,378.9809601,369.904603,378.6696262,48899477
2021-12-22T00:00:00Z,378.3777506,383.4855729,377.716166,383.28126,37042200
2021-12-23T00:00:00Z,383.6315107,387.6350705,383.4661146,386.1708281,29595536
2021-12-27T00:00:00Z,387.4648098,392.5531738,387.4350385,392.5531738,32820705
2021-12-28T00:00:00Z,393.4482588,393.6233842,389.8581894,390.7338161,33113728
2021-12-29T00:00:00Z,390.8700247,392.1348188,388.3015197,390.675441,32248484
2021-12-30T00:00:00Z,390.4613989,392.6406391,388.9241876,389.5079387,23850065
2021-12-31T00:00:00Z,388.8366249,390.1976407,386.5794539,387.0756424,33188225
2022-01-03T00:00:00Z,388.2431446,391.0548792,386.1319114,390.8019204,40575854
2022-01-04T00:00:00Z,391.3467548,391.3856715,382.637188,385.7330148,58027206
2022-01-05T00:00:00Z,384.0498657,385.168722,373.6299081,373.8828669,75739847
2022-01-06T00:00:00Z,372.0635092,376.8599977,369.8355258,373.6201789,70814324
2022-01-07T00:00:00Z,373.6299081,375.3130572,367.802126,369.5728378,72652304
2022-01-10T00:00:00Z,364.6693283,370.3317142,359.3085471,369.8160674,91770497
2022-01-11T00:00:00Z,369.0815139,375.5367312,367.0025816,375.3714323,67817036
2022-01-12T00:00:00Z,377.9399372,379.6328155,374.5833683,376.8599977,54576366
2022-01-13T00:00:00Z,378.241542,378.922585,366.4984152,367.432417,77993962
2022-01-14T00:00:00Z,364.912558,370.0495679,364.7082451,369.7187756,80121210
2022-01-18T00:00:00Z,363.9104519,366.0314143,359.7564788,360.5149661,74312547
2022-01-19T00:00:00Z,362.0716358,364.5428489,356.2924997,356.5551877,80204864
2022-01-20T00:00:00Z,359.775548,363.7450557,351.3889902,351.9240954,88610680
2022-01-21T00:00:00Z,349.7350287,352.3716379,341.883576,342.1657224,143388920
2022-01-24T00:00:00Z,336.5373886,344.3937059,325.1007312,343.7321213,199448109
2022-01-25T00:00:00Z,337.2816713,341.5231097,332.4268078,335.7639184,124398394
2022-01-26T00:00:00Z,343.352683,347.2151697,331.5511811,335.2385424,146559524
2022-01-27T00:00:00Z,339.937739,341.7570966,330.8409506,331.862515,95255656
2022-01-28T00:00:00Z,333.7402478,342.4867855,328.7978216,342.2727435,108167897
2022-01-31T00:00:00Z,343.6348294,353.8018282,342.0003263,353.2180771,94326389
2022-02-01T00:00:00Z,354.5607047,356.2730413,349.4139656,355.6211859,74433023
2022-02-02T00:00:00Z,359.7463605,360.0771528,354.4196315,358.5107539,78777135
2022-02-03T00:00:00Z,348.8204852,352.1284083,342.9148697,343.9753509,95384771
2022-02-04T00:00:00Z,344.4909977,351.6127615,342.4381396,348.3145676,86318301
2022-02-07T00:00:00Z,348.9080479,351.27224,344.2574973,345.5125622,58198087
2022-02-08T00:00:00Z,344.3742475,350.484176,343.245662,349.3945072,64720897
2022-02-09T00:00:00Z,353.9088492,356.8762508,352.3132628,356.7984173,55766422
2022-02-10T00:00:00Z,349.7836746,356.5634575,346.8843773,348.7231934,112468483
2022-02-11T00:00:00Z,348.7231934,350.3187798,336.4352322,337.6611096,101569102
2022-02-14T00:00:00Z,337.106546,341.4749502,334.5769578,338.0794645,80254439
2022-02-15T00:00:00Z,343.352683,346.7189812,342.2922018,346.4854807,55390805
2022-02-16T00:00:00Z,344.2380389,347.4190934,341.2122622,346.3979181,58947086
2022-02-17T00:00:00Z,343.1872869,343.8877882,335.6763557,336.0947107,61801353
2022-02-18T00:00:00Z,337.0287125,337.4178799,329.9555947,332.2614116,80001513
2022-02-22T00:00:00Z,329.3231976,334.7228956,325.2953149,328.924301,84137644
2022-02-23T00:00:00Z,332.0765571,332.9161858,320.1874925,320.4988265,86215371
2022-02-24T00:00:00Z,310.2053483,331.8041399,309.6410555,331.2690347,130614053
2022-02-25T00:00:00Z,332.0668279,336.6103575,328.2529872,336.4060446,78842088
2022-02-28T00:00:00Z,333.2343302,339.101029,332.0765571,337.4081507,77515544
2022-03-01T00:00:00Z,336.3865863,338.6515406,329.7220942,332.2419533,67407000
2022-03-02T00:00:00Z,333.7888938,339.1496749,331.0258051,337.8167765,70609015
2022-03-03T00:00:00Z,340.4533858,340.5604068,331.1328261,332.9911006,71089385
2022-03-04T00:00:00Z,330.6366377,332.0668279,325.8498784,328.1654246,77009763
2022-03-07T00:00:00Z,328.1556954,329.3134685,315.858005,316.0623179,89933794
2022-03-08T00:00:00Z,315.2742539,324.1861877,311.2755587,314.5932109,116153921
2022-03-09T00:00:00Z,322.7657267,327.2703395,320.1777633,325.9179827,64723366
2022-03-10T00:00:00Z,321.8609124,323.5051448,317.8622172,322.2987258,69362714
2022-03-11T00:00:00Z,325.2661273,325.5774613,315.1283161,315.6147754,66228432
2022-03-14T00:00:00Z,314.3791688,317.745467,308.8529915,309.5534929,79802606
2022-03-15T00:00:00Z,312.1901021,320.0415547,310.5847865,319.2632199,76470991
2022-03-16T00:00:00Z,323.1743525,331.2203888,319.5074225,331.1036386,105242954
2022-03-17T00:00:00Z,329.2064474,335.1704381,327.9130495,335.112063,67809951
2022-03-18T00:00:00Z,333.4581015,342.2630143,332.3003284,341.9711387,83047415
2022-03-21T00:00:00Z,341.1381635,343.3591658,336.6328408,341.0212686,72751026
2022-03-22T00:00:00Z,341.5180718,348.5902107,341.1381635,347.7232405,62230899
2022-03-23T00:00:00Z,344.8495752,348.4051272,342.6675379,342.7259853,70615457
2022-03-24T00:00:00Z,344.6450092,350.3923398,342.4959947,350.3436336,53555251
2022-03-25T00:00:00Z,350.2851862,351.3372399,345.7592121,350.0513965,57227368
2022-03-28T00:00:00Z,350.0416552,355.5649373,348.804518,355.4675249,56833866
2022-03-29T00:00:00Z,359.354279,362.2084618,356.5877673,361.5850225,68072955
2022-03-30T00:00:00Z,359.7195754,361.3804565,356.1104467,357.5911149,68757710
2022-03-31T00:00:00Z,357.7372334,358.087918,352.321105,353.1588515,67011405
2022-04-01T00:00:00Z,353.4218649,354.201164,349.3110624,352.486706,54527761
2022-04-04T00:00:00Z,353.3244525,359.7536698,353.0614391,359.7439285,45950171
2022-04-05T00:00:00Z,358.292484,359.0035944,350.6163883,351.7561132,61230958
2022-04-06T00:00:00Z,346.4471383,347.5478982,341.488848,344.1189824,90077072
2022-04-07T00:00:00Z,343.1253761,347.129025,339.6672365,344.9372464,63777373
2022-04-08T00:00:00Z,343.203306,343.9533813,339.482153,340.1153334,61956094
2022-04-11T00:00:00Z,335.887636,336.8033124,331.7232567,332.0690707,66107401
2022-04-12T00:00:00Z,336.8130537,338.6931127,329.2879471,330.6663323,72790215
2022-04-13T00:00:00Z,331.0072757,338.4398405,330.2864241,337.3877867,61367755
2022-04-14T00:00:00Z,337.4754579,337.9917435,329.4584188,329.672726,73519367
2022-04-18T00:00:00Z,328.6206723,332.2151892,327.1020133,329.9259982,58560555
2022-04-19T00:00:00Z,329.2830765,337.8748486,328.2602465,337.3001156,56515684
2022-04-20T00:00:00Z,338.1086384,338.5664766,331.1631355,332.3807903,64336557
2022-04-21T00:00:00Z,336.2578031,338.868455,324.5780584,325.5034761,75801008
2022-04-22T00:00:00Z,325.6593359,326.8769907,316.5512781,316.9798926,82562145
2022-04-25T00:00:00Z,315.3531058,321.3634498,314.0867448,321.0517302,101755856
2022-04-26T00:00:00Z,318.9963289,319.1814125,308.6560045,308.9336298,100712246
2022-04-27T00:00:00Z,309.0310422,314.5251006,306.8490048,308.5634628,111204164
2022-04-28T00:00:00Z,313.521753,321.3537086,309.3037969,319.5223558,99449957
2022-04-29T00:00:00Z,315.3238821,318.7576686,304.5111076,305.1442881,91977859
2022-05-02T00:00:00Z,304.7351561,310.4727455,301.6325717,310.2389557,115511770
2022-05-03T00:00:00Z,310.2584382,312.8593488,307.8036462,310.5701578,78185527
2022-05-04T00:00:00Z,311.0474785,321.7433581,305.7687015,321.0712127,114790439
2022-05-05T00:00:00Z,316.7558441,316.833774,301.6082187,304.9007572,154607447
2022-05-06T00:00:00Z,302.9038033,306.936676,297.2100496,301.2477928,139572805
2022-05-09T00:00:00Z,295.6270984,301.3439389,288.0678975,289.4608946,113387342
2022-05-10T00:00:00Z,296.6304459,297.8481007,288.8959027,292.9774816,124124550
2022-05-11T00:00:00Z,290.7175143,296.2213139,283.4213268,284.288297,140326148
2022-05-12T00:00:00Z,280.0118935,288.0971212,277.5668427,283.6161516,120910850
2022-05-13T00:00:00Z,288.0678975,295.1585448,286.4727697,294.1269477,83684931
2022-05-16T00:00:00Z,292.383266,294.4386673,289.4414121,290.7175143,59190432
2022-05-17T00:00:00Z,296.5719985,298.6273997,292.7729156,298.2474915,62715293
2022-05-18T00:00:00Z,293.7372981,294.4289261,282.3497906,283.6064104,79477109
2022-05-19T00:00:00Z,281.8042813,286.7723128,280.1385296,282.0867772,79920709
2022-05-20T00:00:00Z,285.5449168,286.1975797,272.959237,281.2100658,91764174
2022-05-23T00:00:00Z,282.2523783,286.2657684,279.8560336,285.8858601,63648400
2022-05-24T00:00:00Z,280.669427,281.385408,274.9464496,279.8073275,73491124
2022-05-25T00:00:00Z,278.316918,285.798189,278.112352,283.7233052,67144548
2022-05-26T00:00:00Z,282.9245237,293.1333414,282.6420278,291.5844845,59462231
2022-05-27T00:00:00Z,294.711422,301.2477928,294.5945271,301.1016743,66985596
2022-05-31T00:00:00Z,301.0724505,303.2739704,296.4551036,300.3028927,60968330
2022-06-01T00:00:00Z,302.4362239,304.5598138,295.8706293,298.0818904,65341653
2022-06-02T00:00:00Z,296.961648,306.4203903,295.5492659,306.2450481,59291333
2022-06-03T00:00:00Z,301.0334856,302.4362239,297.0298367,298.2767152,60914684
2022-06-06T00:00:00Z,302.7089786,304.2675767,297.7117234,299.2703215,51785013
2022-06-07T00:00:00Z,295.9485592,302.6310487,294.8561768,301.8517496,44900292
2022-06-08T00:00:00Z,301.0529681,303.6538787,298.8319657,299.6794535,38342062
2022-06-09T00:00:00Z,297.9942193,301.0529681,291.4870721,291.6526732,55900475
2022-06-10T00:00:00Z,286.0514612,287.2398922,280.9217251,281.3659256,85963456
2022-06-13T00:00:00Z,272.51114,275.0341207,267.4262136,268.2834426,94442009
2022-06-14T00:00:00Z,270.4752212,271.449345,266.264571,268.7705045,64697521
2022-06-15T00:00:00Z,272.1848085,279.4079367,269.4523912,275.4822177,86051428
2022-06-16T00:00:00Z,268.4587849,268.9166231,262.3120636,264.3674648,81910297
2022-06-17T00:00:00Z,265.1370226,270.017383,263.5120867,267.5820734,82703402
2022-06-21T00:00:00Z,272.0465104,276.6334829,271.9391557,274.3204776,51633741
2022-06-22T00:00:00Z,271.8220415,278.3218792,271.226711,273.9203374,67472924
2022-06-23T00:00:00Z,276.3992545,278.848893,273.5689949,277.9998152,57457796
2022-06-24T00:00:00Z,280.8203153,287.944762,280.5861845,287.5251028,58422262
2022-06-27T00:00:00Z,288.8816756,289.4476299,284.2849435,285.4170474,54151452
2022-06-28T00:00:00Z,285.9538207,288.5400925,276.5358877,276.7213185,61867060
2022-06-29T00:00:00Z,276.5846853,278.4780314,274.0862492,276.975066,57302726
2022-06-30T00:00:00Z,273.9984136,277.1157006,269.1479341,273.5397163,79313580
2022-07-01T00:00:00Z,272.2417007,275.7356074,270.3678736,275.3452268,56675107
2022-07-05T00:00:00Z,271.6170916,280.1761872,270.0947047,280.059073,61829272
2022-07-06T00:00:00Z,280.4396942,283.95312,278.7220193,281.854824,63194715
2022-07-07T00:00:00Z,282.6648638,288.5888901,282.6648638,287.8862049,56620114
2022-07-08T00:00:00Z,285.0559453,289.6136393,284.1190317,288.247307,59895478
2022-07-11T00:00:00Z,285.8367066,286.0611754,281.2106959,282.0890524,55273920
2022-07-12T00:00:00Z,283.3382704,285.2511356,277.7655868,279.3563879,55797088
2022-07-13T00:00:00Z,273.8520208,281.1228603,273.2859689,278.7805764,73939418
2022-07-14T00:00:00Z,276.1845452,280.644644,273.0712595,279.7760471,63741837
2022-07-15T00:00:00Z,282.762459,284.9583501,281.1521388,284.8509954,63818149
2022-07-18T00:00:00Z,287.6324575,289.0378278,281.269253,282.440395,59519581
2022-07-19T00:00:00Z,286.0611754,291.4191497,284.4606148,291.1263643,55172640
2022-07-20T00:00:00Z,291.5460235,296.9235168,290.7680924,295.7426154,67769430
2022-07-21T00:00:00Z,296.2013126,300.0416822,293.5467242,299.9880048,55049363
2022-07-22T00:00:00Z,299.0608508,301.1298682,292.8977164,294.7276257,57127715
2022-07-25T00:00:00Z,294.7569042,295.225361,291.0482881,293.0489889,40582381
2022-07-26T00:00:00Z,291.3508331,291.6045805,286.4808346,287.2908744,50074122
2022-07-27T00:00:00Z,291.8485684,301.1201087,291.2825165,299.4317124,69304364
2022-07-28T00:00:00Z,299.2170031,302.9319629,295.4644692,302.3595673,55139941
2022-07-29T00:00:00Z,303.896691,308.7813288,302.4776574,307.8736938,57501043
2022-08-01T00:00:00Z,306.1072214,311.1431317,305.0141556,307.688263,46358833
2022-08-02T00:00:00Z,305.3947767,310.8845045,304.3408466,306.7708685,48676501
2022-08-03T00:00:00Z,308.4495053,315.9439353,308.3909482,315.1250143,53735729
2022-08-04T00:00:00Z,315.2030904,316.9110057,313.0559969,316.5987012,38973659
2022-08-05T00:00:00Z,311.5139933,316.0424088,310.733232,314.0124294,53893972
2022-08-08T00:00:00Z,314.9298239,318.618921,311.5335124,312.9974398,44066297
2022-08-09T00:00:00Z,311.1040936,311.3578411,307.8346558,309.4547354,39764220
2022-08-10T00:00:00Z,316.784132,318.3846926,314.315072,318.0919072,51459564
2022-08-11T00:00:00Z,320.4097922,322.4153728,315.5837115,316.2863967,45897650
2022-08-12T00:00:00Z,318.3310153,322.6349619,317.2819649,322.4446513,40928379
2022-08-15T00:00:00Z,321.4979783,325.5434929,321.4784592,325.0504421,38266614
2022-08-16T00:00:00Z,324.0696107,326.3786146,321.2442308,324.2891999,41186864
2022-08-17T00:00:00Z,321.1563952,323.459641,318.5115663,320.5903433,47842155
2022-08-18T00:00:00Z,320.5415457,322.5422465,318.9312255,321.361345,41937172
2022-08-19T00:00:00Z,318.3261355,318.9800231,314.3344935,315.0957357,51770570
2022-08-22T00:00:00Z,310.8405867,311.0748151,305.9901072,306.8001471,51098890
2022-08-23T00:00:00Z,306.5659187,309.3766593,305.7949169,306.5463996,39497074
2022-08-24T00:00:00Z,306.0681834,309.2497856,305.4630934,307.4345156,38057059
2022-08-25T00:00:00Z,309.2107475,312.8900851,308.1642346,312.8705661,38098255
2022-08-26T00:00:00Z,312.5777806,313.7782011,299.9587263,300.0465619,69047740
2022-08-29T00:00:00Z,297.2943784,299.8318526,295.9866033,297.0894286,47629824
2022-08-30T00:00:00Z,298.7387868,299.3536363,291.2629975,293.7809526,51184500
2022-08-31T00:00:00Z,296.6795289,297.5774044,291.9656826,292.0730373,50044041
2022-09-01T00:00:00Z,289.5843607,292.5707726,285.9050232,292.199911,57990745
2022-09-02T00:00:00Z,295.0692088,296.4453005,286.4613156,288.0716357,64666839
2022-09-06T00:00:00Z,288.549852,289.4672465,283.8750438,286.0026183,55980010
2022-09-07T00:00:00Z,286.4808346,292.7757225,286.2173277,291.7802518,49260381
2022-09-08T00:00:00Z,289.7112344,294.6105115,288.3449022,293.2929768,55649821
2022-09-09T00:00:00Z,295.547425,300.2027142,293.2938552,299.7049789,56125215
2022-09-12T00:00:00Z,301.0810706,303.5990258,300.7687661,303.2672022,45905737
2022-09-13T00:00:00Z,294.5421949,295.7328558,285.7439911,286.6369869,79562172
2022-09-14T00:00:00Z,287.7739705,289.7893106,286.0123778,288.9109541,54907198
2022-09-15T00:00:00Z,286.998089,289.3989299,282.4989521,284.0995127,65299411
2022-09-16T00:00:00Z,280.8007963,282.7526995,278.7512979,282.3623188,79920391
2022-09-19T00:00:00Z,279.7172369,284.713235,279.6585754,284.5568046,52613831
2022-09-20T00:00:00Z,282.053917,284.5763584,279.9909902,282.2885627,51271117
2022-09-21T00:00:00Z,283.1293765,287.3921069,277.0970265,277.2339031,82930963
2022-09-22T00:00:00Z,275.708706,276.7157272,272.594762,273.8217635,61442267
2022-09-23T00:00:00Z,271.3579835,271.6512907,265.9513554,269.363495,74815189
2022-09-26T00:00:00Z,268.8942036,273.254703,267.4569987,268.2489279,71176694
2022-09-27T00:00:00Z,271.6121831,273.9586401,266.0393475,268.3564739,69780115
2022-09-28T00:00:00Z,268.3369201,274.9754382,266.855719,273.6946637,79652140
2022-09-29T00:00:00Z,269.7056867,270.086986,262.8422998,265.8047018,81215957
2022-09-30T00:00:00Z,264.9834418,269.0506341,261.1411184,261.2975488,78482378
2022-10-03T00:00:00Z,263.0671686,269.0213034,261.5615253,267.4276679,61267449
2022-10-04T00:00:00Z,272.7658578,276.5397429,272.7658578,275.8358058,66696931
2022-10-05T00:00:00Z,272.0716976,277.4783257,269.2755029,275.6891522,55766318
2022-10-06T00:00:00Z,274.691908,277.8400712,273.1960416,273.5186794,53489411
2022-10-07T00:00:00Z,268.8844267,269.0115265,261.7668403,263.0964993,71354674
2022-10-10T00:00:00Z,263.2920374,263.6831135,257.7583094,260.466512,60392990
2022-10-11T00:00:00Z,258.7946613,261.6592943,255.2065374,256.8881649,66522509
2022-10-12T00:00:00Z,257.5236637,259.439937,256.1060126,256.8001728,50580179
2022-10-13T00:00:00Z,249.4674944,264.142628,248.587573,262.8227459,112894068
2022-10-14T00:00:00Z,265.1496492,265.7460404,254.3363929,254.9230071,77244302
2022-10-17T00:00:00Z,260.8869189,264.2110664,260.7891498,263.3409219,64576452
2022-10-18T00:00:00Z,270.3607393,271.0255688,262.7445307,265.4234025,69780995
2022-10-19T00:00:00Z,263.9079823,267.5743215,262.0894781,264.455489,53115405
2022-10-20T00:00:00Z,263.5657907,268.7084424,261.9428245,263.1062762,60605496
2022-10-21T00:00:00Z,262.001486,269.8122549,260.8708847,269.2755029,77897694
2022-10-24T00:00:00Z,269.5394793,273.1667109,265.9024709,272.2379049,63963569
2022-10-25T00:00:00Z,273.1764878,278.2507012,271.7001752,277.8694019,59014494
2022-10-26T00:00:00Z,272.2476819,277.6445331,271.2406607,271.7295059,63898246
2022-10-27T00:00:00Z,270.6149388,272.0712087,266.2642163,266.7823923,57760302
2022-10-28T00:00:00Z,266.1566704,275.4134435,265.990463,274.9461075,62651312
2022-10-31T00:00:00Z,272.6974195,273.5186794,269.8327864,271.7490597,47741952
2022-11-01T00:00:00Z,275.2149724,275.7771444,268.6106734,268.9724189,45895897
2022-11-02T00:00:00Z,268.9430881,272.0032592,259.6843596,259.7527979,79803142
2022-11-03T00:00:00Z,257.1423644,258.5991232,254.2972852,254.6785845,70038903
2022-11-04T00:00:00Z,259.6061444,260.6620501,253.300041,258.7751075,78313213
2022-11-07T00:00:00Z,259.8212363,262.1579164,257.6898711,261.6201867,47333828
2022-11-08T00:00:00Z,263.1356069,266.7628384,259.5963675,263.5266831,63213785
2022-11-09T00:00:00Z,261.7863941,262.5685464,257.1619183,257.4454485,64862129
2022-11-10T00:00:00Z,269.8523403,276.735281,267.7405289,276.4419739,99256693
2022-11-11T00:00:00Z,276.2562127,282.2005706,274.9167768,281.5357411,66961751
2022-11-14T00:00:00Z,279.4825912,282.7627426,278.0942707,279.0719612,55080048
2022-11-15T00:00:00Z,285.6909255,286.7175005,279.5901371,282.9338384,73985372
2022-11-16T00:00:00Z,280.9784575,283.0255458,278.2507012,279.0719612,48859804
2022-11-17T00:00:00Z,274.6136927,279.9312533,274.4572623,278.4560162,55462076
2022-11-18T00:00:00Z,281.4673028,281.5650718,276.0226424,278.4657931,53588631
2022-11-21T00:00:00Z,277.0774727,278.2311474,274.7701232,275.6011601,40083527
2022-11-22T00:00:00Z,276.3344279,279.7270138,274.2030627,279.5705833,41873444
2022-11-23T00:00:00Z,279.5901371,283.0022768,279.4141528,282.3765549,46389967
2022-11-25T00:00:00Z,280.7829195,281.4868566,280.0300978,280.518943,15498797
2022-11-28T00:00:00Z,278.5440083,280.5580506,275.4740603,276.4028663,38877045
2022-11-29T00:00:00Z,276.6277351,277.0285881,272.9418421,274.3106087,35618878
2022-11-30T00:00:00Z,274.5745851,286.9228155,273.7239944,286.8152695,74718088
2022-12-01T00:00:00Z,287.1379074,289.1519497,284.3905972,287.1672381,51547332
2022-12-02T00:00:00Z,282.1028016,286.9032617,281.9268173,286.0233402,53583172
2022-12-05T00:00:00Z,283.901752,285.1727496,279.7661214,281.2228802,41482121
2022-12-06T00:00:00Z,281.0664497,281.2033263,274.0026362,275.3958451,53937605
2022-12-07T00:00:00Z,274.2128396,276.2659896,272.5606406,274.2715011,45614254
2022-12-08T00:00:00Z,275.6207139,278.4853469,273.5480101,277.5174334,42594913
2022-12-09T00:00:00Z,276.5006353,279.2674993,275.3078529,275.7478137,47860487
2022-12-12T00:00:00Z,275.9237979,279.2674993,274.8874461,279.2088378,35732518
2022-12-13T00:00:00Z,290.0318711,290.2518514,279.5314757,282.2103475,80667675
2022-12-14T00:00:00Z,281.6237332,284.9087731,276.8721577,280.1180899,64984432
2022-12-15T00:00:00Z,276.0313439,276.6961734,269.5199255,270.7127078,60554119
2022-12-16T00:00:00Z,270.0381014,271.5730754,266.5281927,268.1316051,68300351
2022-12-19T00:00:00Z,268.4106578,268.4988637,263.1379031,264.3727862,44167920
2022-12-20T00:00:00Z,263.2065077,265.9114897,261.6286015,264.1669723,51064199
2022-12-21T00:00:00Z,265.2058422,269.3025178,264.3629855,267.9990301,46394694
2022-12-22T00:00:00Z,264.9902277,265.1224386,257.2232052,261.442389,60278377
2022-12-23T00:00:00Z,260.1781039,262.6968734,258.276776,262.0304286,39373584
2022-12-27T00:00:00Z,261.4227877,261.5305949,257.7867431,258.3257793,38009005
2022-12-28T00:00:00Z,257.9239523,260.1781039,254.5525255,254.9151499,47139043
2022-12-29T00:00:00Z,257.7181385,262.0745315,257.0222916,261.1287679,45893567
2022-12-30T00:00:00Z,258.364982,261.0993659,257.0614943,260.9719574,37858277
2023-01-03T00:00:00Z,263.2947136,264.7697129,256.9046837,259.2078387,42335325
2023-01-04T00:00:00Z,261.3247811,262.1186345,257.2967101,260.4427218,47754861
2023-01-05T00:00:00Z,258.7766097,258.9432209,256.0520264,256.3656475,45396744
2023-01-06T00:00:00Z,258.1003642,264.5589987,255.1503657,263.4417235,54659739
2023-01-09T00:00:00Z,265.4312574,269.8023514,264.5393974,265.1470382,45568676
2023-01-10T00:00:00Z,264.117969,267.4991965,263.6083347,267.3913892,35247763
2023-01-11T00:00:00Z,268.4596611,272.1251077,267.6756084,272.0173005,44077036
2023-01-12T00:00:00Z,272.575938,274.5164686,268.2832492,273.4873994,60599953
2023-01-13T00:00:00Z,270.9882312,275.6131624,270.6550088,275.369126,44802936
2023-01-17T00:00:00Z,275.1731128,277.2116499,274.0078144,275.9277635,36269738
2023-01-18T00:00:00Z,277.4664671,279.0149712,272.1349084,272.3407222,47754549
2023-01-19T00:00:00Z,270.7138128,271.8457889,268.4302591,269.6651422,44150436
2023-01-20T00:00:00Z,271.2724503,277.3782611,270.2139791,277.0450387,60613606
2023-01-23T00:00:00Z,277.8878954,284.4249352,277.094042,283.1998528,52799905
2023-01-24T00:00:00Z,281.582744,283.7780917,281.063309,282.6216139,44875146
2023-01-25T00:00:00Z,278.1133106,282.6118132,275.5749398,281.9943717,50872022
2023-01-26T00:00:00Z,285.4148018,287.6689534,282.7676437,287.4925416,51596335
2023-01-27T00:00:00Z,286.1792532,292.314466,286.0616453,290.3543341,56441939
2023-01-30T00:00:00Z,287.0907145,288.5118102,284.1113141,284.4837392,49405833
2023-01-31T00:00:00Z,284.5229418,288.8450326,284.4151345,288.747026,46705106
2023-02-01T00:00:00Z,288.5412121,297.3814069,286.473273,294.9214414,67562173
2023-02-02T00:00:00Z,301.4388798,307.4270827,300.6156245,305.5061535,83070628
2023-02-03T00:00:00Z,298.8613064,306.1627977,298.4692801,300.0765882,76170804
2023-02-06T00:00:00Z,297.4598121,299.8119704,296.1955271,297.5382174,40802348
2023-02-07T00:00:00Z,297.4108088,304.829908,296.2935337,303.7028322,67583981
2023-02-08T00:00:00Z,302.3895438,303.3304071,297.6166227,298.3026688,56720860
2023-02-09T00:00:00Z,302.6835636,302.8305735,294.2157939,295.6662915,49137818
2023-02-10T00:00:00Z,293.5101464,295.5584842,291.3245994,293.7257609,50050104
2023-02-13T00:00:00Z,295.1272552,299.018117,293.9511761,298.4300774,39636720
2023-02-14T00:00:00Z,296.8521713,301.5858897,294.9116407,300.6352258,64079057
2023-02-15T00:00:00Z,298.8221038,303.1049919,298.1360576,302.9383807,43427298
2023-02-16T00:00:00Z,298.3124695,302.2817365,297.1069884,297.2539983,59498630
2023-02-17T00:00:00Z,295.0684513,295.911308,292.1576554,295.1566572,58230729
2023-02-21T00:00:00Z,291.3344,292.775097,288.0315778,288.1687871,46526708
2023-02-22T00:00:00Z,288.747026,290.4522427,286.7280901,288.3844016,51389237
2023-02-23T00:00:00Z,292.0302469,292.1870574,286.7182895,290.903171,69294443
2023-02-24T00:00:00Z,285.9440374,287.1299172,284.2681246,286.0322433,74331958
2023-02-27T00:00:00Z,289.1880556,290.5797493,287.4925416,288.0805811,48995009
2023-02-28T00:00:00Z,287.4533389,290.2210451,287.1201165,287.7081561,48243141
2023-03-01T00:00:00Z,287.4141363,288.0707805,284.4151345,285.3952005,58286972
2023-03-02T00:00:00Z,282.905833,288.5608134,282.6216139,287.7571594,53738557
2023-03-03T00:00:00Z,289.5016767,293.9413754,288.9920425,293.7061596,60511540
2023-03-06T00:00:00Z,294.9410427,297.9400445,293.8433688,294.039382,56736294
2023-03-07T00:00:00Z,294.0883853,295.0096473,289.8250985,290.4327394,65955756
2023-03-08T00:00:00Z,290.8541677,292.4810772,289.0018431,291.883237,50876265
2023-03-09T00:00:00Z,292.3830706,294.9802453,286.012544,286.8260967,71456691
2023-03-10T00:00:00Z,286.9927079,288.4824082,281.6513486,282.7980257,98593561
2023-03-13T00:00:00Z,281.0143057,288.6000161,279.5050042,284.8953668,97123603
2023-03-14T00:00:00Z,288.4432055,291.9910442,287.6003488,291.4422073,73602545
2023-03-15T00:00:00Z,288.8352319,293.3043326,287.394535,292.9711102,83631535
2023-03-16T00:00:00Z,292.0596488,301.0566541,291.2657954,300.6940297,98556824
2023-03-17T00:00:00Z,300.6058238,302.987384,297.3226029,299.2729341,89923732
2023-03-20T00:00:00Z,298.6550916,300.6575118,296.4465398,300.3335909,56359491
2023-03-21T00:00:00Z,302.2673006,305.0746153,300.7507618,304.6230892,49757048
2023-03-22T00:00:00Z,304.5543787,309.4426399,300.3139593,300.4808277,75791914
2023-03-23T00:00:00Z,304.2108262,308.3629035,301.3544326,304.0439578,74575981
2023-03-24T00:00:00Z,303.621879,305.2611152,301.2955379,305.1629574,57245803
2023-03-27T00:00:00Z,305.8598782,306.9396146,302.2182217,303.0721951,50287407
2023-03-28T00:00:00Z,302.4930637,302.5225111,299.1596229,301.4624062,48585917
2023-03-29T00:00:00Z,305.1531416,307.5776406,304.3384314,306.9592461,53274266
2023-03-30T00:00:00Z,309.4328241,310.4929289,307.0464103,309.8647187,58354808
2023-03-31T00:00:00Z,310.0904817,315.2535849,309.7861924,315.0180061,62138097
2023-04-03T00:00:00Z,312.8977964,314.517401,311.5727635,314.2523748,47126839
2023-04-04T00:00:00Z,314.6940852,315.7051111,311.9703028,313.19227,45875384
2023-04-05T00:00:00Z,312.2401388,313.1824542,308.2843772,310.1002975,62795706
2023-04-06T00:00:00Z,308.4512455,312.6818491,307.057404,312.1910598,46916496
2023-04-10T00:00:00Z,309.2659557,312.0634546,307.4794828,312.0143757,45134736
2023-04-11T00:00:00Z,311.9751126,312.0340073,309.5015346,310.0119554,40113594
2023-04-12T00:00:00Z,311.9652968,312.5542439,306.8071015,307.2733513,62813305
2023-04-13T00:00:00Z,309.0303769,313.7615855,307.8524826,313.2904278,54613792
2023-04-14T00:00:00Z,311.7395337,314.4585063,309.7960082,312.7014807,56278284
2023-04-17T00:00:00Z,312.2892177,313.319777,310.2180869,312.9665069,42546361
2023-04-18T00:00:00Z,315.0769008,315.4989796,311.7886126,312.9861385,46746940
2023-04-19T00:00:00Z,310.581271,313.8990065,310.4536658,312.8389017,38960127
2023-04-20T00:00:00Z,309.8745344,313.3885857,309.1677979,310.4536658,62462142
2023-04-21T00:00:00Z,310.0904817,311.5530338,308.3138245,310.7775867,59002285
2023-04-24T00:00:00Z,310.5518237,311.8858871,307.9604563,310.1297449,44043063
2023-04-25T00:00:00Z,308.5003245,309.1677979,304.1813788,304.2795367,57121644
2023-04-26T00:00:00Z,307.6659827,309.1334426,305.6046677,306.1249044,53431194
2023-04-27T00:00:00Z,309.8843502,314.9492956,309.2463242,314.4486905,65430392
2023-04-28T00:00:00Z,314.2131117,316.7063212,313.0842963,316.6179791,59712635
2023-05-01T00:00:00Z,316.1566372,317.6682682,315.1750587,316.2547951,41013386
2023-05-02T00:00:00Z,316.1860846,316.5100055,311.7591653,313.4965593,56519407
2023-05-03T00:00:00Z,313.8597434,316.5296371,311.3370865,311.4450601,59882070
2023-05-04T00:00:00Z,311.2192971,312.367744,309.3101268,310.3456922,50224520
2023-05-05T00:00:00Z,312.6033228,317.7958734,310.3865258,316.9419001,51806098
2023-05-08T00:00:00Z,316.4805581,318.0707154,315.3959138,317.7271629,36465796
2023-05-09T00:00:00Z,316.0682951,316.9320843,315.4008217,315.7149269,31768800
2023-05-10T00:00:00Z,318.1492417,320.0044252,315.6756637,319.1504518,60446623
2023-05-11T00:00:00Z,319.7001358,320.7307933,318.1492417,320.1909251,44278548
2023-05-12T00:00:00Z,320.7209775,321.1430563,316.990979,319.0424782,48432836
2023-05-15T00:00:00Z,319.5136359,321.0056353,317.9921891,320.7700564,33375559
2023-05-16T00:00:00Z,320.0535041,322.8436411,320.0142409,321.1332405,40019151
2023-05-17T00:00:00Z,322.1933453,325.5994229,321.0154511,325.0202916,47486124
2023-05-18T00:00:00Z,325.412923,331.272947,325.3932914,331.0569997,64213466
2023-05-19T00:00:00Z,331.272947,331.9747756,329.2508952,330.311,61554926
2023-05-22T00:00:00Z,330.0557896,332.4312097,330.0459738,331.4201838,43015948
2023-05-23T00:00:00Z,329.7024213,330.8508682,326.8656593,327.2190275,48216663
2023-05-24T00:00:00Z,325.2656862,326.7724093,323.489029,325.5405282,62891169
2023-05-25T00:00:00Z,332.8925516,334.7281035,330.4631447,333.4618672,66862773
2023-05-26T00:00:00Z,334.4827089,342.8114029,334.384551,341.981969,63006952
2023-05-30T00:00:00Z,346.2125726,347.4100984,342.1095742,343.5328631,72652156
2023-05-31T00:00:00Z,341.9525217,344.1414419,340.1267856,341.5795218,64205020
2023-06-01T00:00:00Z,341.3243114,346.8505987,340.2740223,345.5254676,50488601
2023-06-02T00:00:00Z,347.2824932,349.2750977,345.5254676,348.116835,53372113
2023-06-05T00:00:00Z,347.9008877,350.909426,347.3315722,348.3622296,47266228
2023-06-06T00:00:00Z,347.7536509,349.2652819,346.4285199,348.3033349,41390400
2023-06-07T00:00:00Z,348.5879927,350.541334,341.7660217,342.394232,69225936
2023-06-08T00:00:00Z,342.6887056,347.1058091,342.4629425,346.6444672,47153922
2023-06-09T00:00:00Z,348.0972034,351.0713865,346.5266777,347.9695982,53196927
2023-06-12T00:00:00Z,349.628466,353.9474116,348.6567032,353.8492538,44817646
2023-06-13T00:00:00Z,356.5976737,357.4025681,353.3977276,356.5682264,57097804
2023-06-14T00:00:00Z,356.5780422,359.4442515,353.7805433,359.1595938,69525642
2023-06-15T00:00:00Z,357.8933574,364.9214599,357.2749629,363.4392763,71138823
2023-06-16T00:00:00Z,365.8539595,365.9815647,360.7104879,361.1521982,80931971
2023-06-20T00:00:00Z,359.7020584,362.0315949,357.6771309,360.6358388,49204722
2023-06-21T00:00:00Z,359.4956438,359.9281315,354.7972537,355.7212049,53378256
2023-06-22T00:00:00Z,354.4728879,360.0755706,354.0698879,359.9183023,47603043
2023-06-23T00:00:00Z,356.0259122,358.6503267,354.6622979,356.350278,48922911
2023-06-26T00:00:00Z,355.8194976,358.6110096,351.4847904,351.5732538,52685478
2023-06-27T00:00:00Z,353.1164489,358.3456194,352.3890831,357.6182536,49428091
2023-06-28T00:00:00Z,355.799839,360.2623267,355.72494,358.3161316,46498031
2023-06-29T00:00:00Z,358.0212536,358.660156,355.9571073,357.5985951,46150967
2023-06-30T00:00:00Z,361.2747412,364.164546,360.9602047,363.1128143,58712501
2023-07-03T00:00:00Z,363.7517168,364.5970338,362.6704973,363.9679606,19432862
2023-07-05T00:00:00Z,362.4001924,365.6585947,362.36579,363.9581314,34460883
2023-07-06T00:00:00Z,360.2524974,361.6285949,358.2964731,361.1862778,49374728
2023-07-07T00:00:00Z,360.9602047,364.1547167,359.761034,359.9871072,47133749
2023-07-10T00:00:00Z,359.7118877,360.7832779,357.2054243,360.1050584,48498800
2023-07-11T00:00:00Z,360.5277169,362.338268,358.3947658,361.8841559,38214146
2023-07-12T00:00:00Z,365.9829606,367.8013751,363.9777899,366.4547654,61703696
2023-07-13T00:00:00Z,369.629619,373.5023505,369.0496921,372.676692,46960012
2023-07-14T00:00:00Z,373.1042651,376.3233504,371.723253,372.5980579,55148500
2023-07-17T00:00:00Z,373.3155944,376.9524235,372.8339603,376.0776187,40868915
2023-07-18T00:00:00Z,375.4387163,380.5204478,373.5121798,379.1541795,55343438
2023-07-19T00:00:00Z,380.2157405,381.3559355,377.738765,379.0657161,54092958
2023-07-20T00:00:00Z,376.0776187,377.537265,369.3052531,370.327497,71941674
2023-07-21T00:00:00Z,372.7061798,373.4335456,368.7852848,369.2167897,60499643
2023-07-24T00:00:00Z,370.1898872,371.1334969,367.9488141,369.8065458,40380056
2023-07-25T00:00:00Z,370.5142531,373.9741554,370.4945945,372.3130091,38894384
2023-07-26T00:00:00Z,371.2711067,372.7651554,368.7744726,371.0745213,47075710
2023-07-27T00:00:00Z,376.529765,378.1417649,368.9022531,370.1898872,63940225
2023-07-28T00:00:00Z,374.2395456,377.9550089,373.7284237,376.932765,56902926
2023-07-31T00:00:00Z,377.2374723,378.3088625,375.8122285,377.1293503,44019905
2023-08-01T00:00:00Z,375.7827406,377.0113991,374.1903993,376.2545455,41308457
2023-08-02T00:00:00Z,372.7848139,372.7848139,366.7594727,367.9979605,72687107
2023-08-03T00:00:00Z,365.5897898,369.5313263,365.4226923,367.4082044,47855381
2023-08-04T00:00:00Z,369.3347409,371.6446189,365.1867899,365.6880825,61702759
2023-08-07T00:00:00Z,367.4966678,368.8825946,365.1671313,368.7843019,37230444
2023-08-08T00:00:00Z,366.2778386,366.2974971,362.5230583,365.6487655,44726453
2023-08-09T00:00:00Z,365.9338142,366.0910825,360.8717413,361.6285949,51150900
2023-08-10T00:00:00Z,364.6363509,367.9684727,360.7685339,362.2969851,72035265
2023-08-11T00:00:00Z,359.7413755,361.7170583,358.4635706,359.9871072,48707187
2023-08-14T00:00:00Z,359.1909365,364.1448875,358.4733999,364.0269363,42130802
2023-08-15T00:00:00Z,363.0538387,363.8490265,359.4956438,360.164034,45539891
2023-08-16T00:00:00Z,359.6234242,361.15679,356.2519854,356.350278,53190525
2023-08-17T00:00:00Z,357.7460341,358.0900584,352.0450587,352.4578879,62604338
2023-08-18T00:00:00Z,349.194571,353.2737172,348.6539613,352.0155709,61191389
2023-08-21T00:00:00Z,353.4801318,358.365278,353.0181562,357.6870585,50696518
2023-08-22T00:00:00Z,360.2918145,360.3016437,356.4878878,357.1759365,44613509
2023-08-23T00:00:00Z,358.3554487,363.8991558,358.1392048,362.808107,51770603
2023-08-24T00:00:00Z,366.2778386,366.3761313,354.8464,355.0528147,66842491
2023-08-25T00:00:00Z,355.8883024,359.4956438,352.4578879,357.8050097,69960465
2023-08-28T00:00:00Z,360.7243022,361.4320095,358.0310828,360.4982291,40910019
2023-08-29T00:00:00Z,360.3016437,368.7253263,359.9782608,368.3714727,58492371
2023-08-30T00:00:00Z,368.4795946,371.0024728,367.4770093,370.4257896,41731511
2023-08-31T00:00:00Z,370.5044238,373.2359773,370.4356189,371.5364969,35730701
2023-09-01T00:00:00Z,373.9053505,374.328009,369.659205,371.1433262,39801177
2023-09-05T00:00:00Z,370.3373262,372.8332722,369.4133751,371.6151311,32344222
2023-09-06T00:00:00Z,370.8386189,371.1826433,366.3368142,368.3419849,42998735
2023-09-07T00:00:00Z,363.8893265,366.4842532,362.8474241,365.7077411,52060716
2023-09-08T00:00:00Z,365.6585947,368.4501068,365.2555947,366.218863,35847359
2023-09-11T00:00:00Z,369.2462775,371.0450335,367.2804239,370.5339116,39936634
2023-09-12T00:00:00Z,368.8629361,370.515924,366.1402289,366.4252776,41391024
2023-09-13T00:00:00Z,366.66118,369.4232043,365.5308142,367.8210337,46300677
2023-09-14T00:00:00Z,369.5706433,371.8117164,367.5064971,370.8287896,48039388
2023-09-15T00:00:00Z,369.4920092,369.8950092,363.5453021,364.4790826,69811206
2023-09-18T00:00:00Z,363.542257,365.9736156,363.2567938,364.8612937,36903545
2023-09-19T00:00:00Z,363.542257,364.8835401,361.0616806,364.0836526,37621734
2023-09-20T00:00:00Z,365.1467568,365.5011249,358.7582882,358.8370366,45514189
2023-09-21T00:00:00Z,355.1555462,355.9430308,352.0941999,352.2615404,69734845
2023-09-22T00:00:00Z,354.00385,356.1399019,351.9957643,352.3107581,51589689
2023-09-25T00:00:00Z,351.3460895,354.0727549,350.3617338,353.9841629,39167985
2023-09-26T00:00:00Z,351.4051509,351.9465465,347.6843847,348.668642,53657748
2023-09-27T00:00:00Z,349.8203382,351.3953073,345.8632281,349.4856572,56065972
2023-09-28T00:00:00Z,348.5702064,354.5354021,347.7138169,352.4091937,56453312
2023-09-29T00:00:00Z,355.8839694,357.271911,351.4346815,352.6651262,64829616
2023-10-02T00:00:00Z,352.9309023,357.006135,352.3206017,355.6083498,51625054
2023-10-03T00:00:00Z,353.1671476,355.3622609,347.7482694,349.3675345,60478489
2023-10-04T00:00:00Z,350.2042369,354.9685186,349.7415897,354.1219727,54786686
2023-10-05T00:00:00Z,354.1121291,354.515715,349.5840928,353.0785556,45897390
2023-10-06T00:00:00Z,350.0861142,360.185604,349.2986296,358.9945335,75049119
2023-10-09T00:00:00Z,356.6320798,361.3668308,355.1358591,360.8254352,45304766
2023-10-10T00:00:00Z,361.1601161,365.4715942,360.6580947,362.8236773,46968806
2023-10-11T00:00:00Z,364.1525575,365.6015292,362.429935,365.4125329,38215088
2023-10-12T00:00:00Z,365.9145543,367.8931093,361.7507296,364.142714,49587942
2023-10-13T00:00:00Z,364.7727016,365.3534715,358.1676747,359.5654598,52519876
2023-10-16T00:00:00Z,360.8844965,364.6841096,360.7368432,363.630849,44201059
2023-10-17T00:00:00Z,360.0871684,364.1328704,357.9708036,362.4397786,50999102
2023-10-18T00:00:00Z,359.9493586,362.1543154,356.3564602,357.6853404,54280490
2023-10-19T00:00:00Z,359.1028127,360.2938831,353.5412028,354.3385309,72274238
2023-10-20T00:00:00Z,353.8365095,354.4074358,348.8261389,349.0525407,72559723
2023-10-23T00:00:00Z,347.733504,353.6396384,345.6268843,350.1058013,60665185
2023-10-24T00:00:00Z,351.9170159,354.2794696,350.223924,353.5116721,47082078
2023-10-25T00:00:00Z,351.1196877,351.2968717,344.2784154,344.8591853,71190536
2023-10-26T00:00:00Z,343.6582713,344.5934092,336.994183,338.283689,78621425
2023-10-27T00:00:00Z,341.0103544,343.3826517,338.6971184,339.907876,63476707
2023-10-30T00:00:00Z,342.3884524,345.0560564,341.0300415,343.7370198,55298536
2023-10-31T00:00:00Z,343.7665504,345.754949,341.197382,345.3808938,47671906
2023-11-01T00:00:00Z,346.2175962,351.9365061,346.1191606,351.3756202,58992666
2023-11-02T00:00:00Z,355.8839694,357.9904907,354.6633683,357.7542453,58162442
2023-11-03T00:00:00Z,359.0437513,363.2469503,358.8173495,361.9574443,53280457
2023-11-06T00:00:00Z,362.7252417,363.9950606,361.1699597,363.4339779,38848743
2023-11-07T00:00:00Z,364.4773949,367.7356124,363.2715592,366.8693793,50777398
2023-11-08T00:00:00Z,367.2434345,367.9423271,364.8219194,367.1056247,35663373
2023-11-09T00:00:00Z,367.7946737,368.9365264,363.7883459,364.2805238,53859421
2023-11-10T00:00:00Z,366.0031463,372.6180168,365.4715942,372.4703634,58368439
2023-11-13T00:00:00Z,370.8953943,372.3620843,369.3696429,371.3088237,40733505
2023-11-14T00:00:00Z,377.7071359,380.217243,377.1854274,379.3017922,67792634
2023-11-15T00:00:00Z,381.1917552,381.683933,378.2239226,379.5872553,54141385
2023-11-16T00:00:00Z,378.8194579,380.1483381,377.5594825,379.9120927,45343544
2023-11-17T00:00:00Z,379.1836695,381.0145711,378.2780622,380.0006847,46622745
2023-11-20T00:00:00Z,380.0105283,385.286675,380.0105283,384.6271567,44536669
2023-11-21T00:00:00Z,382.9242212,383.1407795,380.6503595,382.3926692,43336989
2023-11-22T00:00:00Z,384.4598162,386.9207055,382.9537519,383.9577948,44178572
2023-11-24T00:00:00Z,383.5542089,384.1448223,382.4221998,383.4163991,15718832
2023-11-27T00:00:00Z,382.9242212,385.0306441,382.2056416,383.0817182,34139656
2023-11-28T00:00:00Z,382.3336078,384.6665309,381.9792397,384.085761,35491123
2023-11-29T00:00:00Z,386.5466503,387.9739661,383.3671813,383.7117058,38811745
2023-11-30T00:00:00Z,383.9774819,384.4401291,379.7841265,382.7470372,52834381
2023-12-01T00:00:00Z,381.683933,384.4302855,380.0327747,383.8396721,40490068
2023-12-04T00:00:00Z,380.0499025,380.5470022,376.6735624,380.2763043,51186944
2023-12-05T00:00:00Z,378.3764978,382.4221998,378.1993138,381.2311294,42932956
2023-12-06T00:00:00Z,384.1645095,384.262945,378.6816481,379.0261726,41522328
2023-12-07T00:00:00Z,381.9989269,385.1488652,380.906292,384.3220064,49593545
2023-12-08T00:00:00Z,382.5895403,386.4777454,382.4026111,386.0347853,46687525
2023-12-11T00:00:00Z,385.6115124,389.5981531,385.4047977,389.332377,41198021
2023-12-12T00:00:00Z,389.3717513,392.5512203,388.2397422,392.4330976,39221152
2023-12-13T00:00:00Z,393.3682355,398.0340816,392.6003396,397.4237811,55408129
2023-12-14T00:00:00Z,398.6443822,399.9437318,394.0769716,397.0792566,55447808
2023-12-15T00:00:00Z,397.8568976,400.1798787,397.2564406,398.9987503,62896645
2023-12-18T00:00:00Z,399.3865777,402.4046868,399.0610954,401.5071446,46609985
2023-12-19T00:00:00Z,401.9608473,403.677027,401.7685168,403.5586697,35042759
2023-12-20T00:00:00Z,402.7597585,404.8506374,397.3843681,397.5619039,54042443
2023-12-21T00:00:00Z,401.4874184,402.5526334,398.932875,402.1876986,45568914
2023-12-22T00:00:00Z,403.4008601,404.357581,400.9140763,402.7893478,34314003
2023-12-26T00:00:00Z,403.6474377,405.9258142,403.5488066,405.2551232,22722545
2023-12-27T00:00:00Z,405.5367656,406.3632336,404.6782257,406.0795207,31833002
2023-12-28T00:00:00Z,407.2341089,407.4808158,405.5268973,405.8821552,27029152
2023-12-29T00:00:00Z,405.8624187,406.2176766,402.2111569,404.1256023,42662120
2024-01-02T00:00:00Z,400.494077,400.7407839,394.967843,397.2868876,58026946
2024-01-03T00:00:00Z,394.6619264,395.7178319,392.6487983,393.0830024,47002803
2024-01-04T00:00:00Z,391.2178984,394.3264051,390.842904,391.060006,39432797
2024-01-05T00:00:00Z,391.2277667,394.2968002,390.1323882,391.5238149,44742783
2024-01-08T00:00:00Z,392.7474811,399.9019805,392.5993582,399.6158005,42473796
2024-01-09T00:00:00Z,396.6158449,401.3328804,396.4184794,400.4052625,39132860
2024-01-10T00:00:00Z,400.7210473,404.1206681,399.8329026,403.1190382,33962774
2024-01-11T00:00:00Z,404.3920457,405.7838672,398.9171267,403.9578416,54536198
2024-01-12T00:00:00Z,404.9940105,405.8328139,402.7736486,404.1650754,39594952
2024-01-16T00:00:00Z,402.931541,405.7045263,401.4710363,404.1256023,43903027
2024-01-17T00:00:00Z,400.8197301,402.216091,397.6125407,401.8460307,54385974
2024-01-18T00:00:00Z,405.1124298,408.1271878,403.770443,407.5498937,59562505
2024-01-19T00:00:00Z,409.7505191,415.7899034,409.1633567,415.632011,70325123
2024-01-22T00:00:00Z,417.8326364,419.1327816,415.5728014,416.1747662,44880639
2024-01-23T00:00:00Z,416.8655454,418.1188164,415.0300463,417.9017143,33003806
2024-01-24T00:00:00Z,421.8095513,424.1878056,419.7273452,420.220759,46454185
2024-01-25T00:00:00Z,422.7174326,423.3884753,418.3951281,420.7339093,44367205
2024-01-26T00:00:00Z,418.8490687,420.5957534,417.5760612,418.2273674,37137028
2024-01-29T00:00:00Z,418.681308,422.7075643,418.0300019,422.5101988,38694724
2024-01-30T00:00:00Z,421.4740299,422.0463899,418.7898591,419.6977404,36738956
2024-01-31T00:00:00Z,415.306358,417.2996508,411.2998383,411.4774672,64010649
2024-02-01T00:00:00Z,413.2734933,416.8112699,412.3064023,416.3227903,51008622
2024-02-02T00:00:00Z,418.2174991,424.5726683,417.2208033,423.3588704,59602435
2024-02-05T00:00:00Z,423.4180801,423.950967,419.4016921,422.806247,39889209
2024-02-06T00:00:00Z,423.950967,424.5529317,419.6187942,421.9575754,35846134
2024-02-07T00:00:00Z,424.740429,427.1285515,423.4378166,426.2996164,37712661
2024-02-08T00:00:00Z,426.4180357,427.8489356,425.7371247,427.0890784,29889892
2024-02-09T00:00:00Z,428.2239301,432.0774915,427.4345667,431.2929636,36943905
2024-02-12T00:00:00Z,431.1844126,433.3554331,428.9245776,429.6054886,33203305
2024-02-13T00:00:00Z,421.6516589,425.5891006,419.7278386,422.9049298,64491669
2024-02-14T00:00:00Z,425.5792323,427.9377501,423.2304842,427.5134143,45092722
2024-02-15T00:00:00Z,428.2041935,429.2502307,425.6483103,428.7864218,38796137
2024-02-16T00:00:00Z,429.1614162,429.260099,424.1878056,424.8983214,53716475
2024-02-20T00:00:00Z,422.9049298,424.4147759,417.9214509,421.691132,53999452
2024-02-21T00:00:00Z,418.9576197,420.0924714,416.0760834,420.0036569,50179697
2024-02-22T00:00:00Z,428.7666852,433.3356966,427.9969597,432.2995277,53887751
2024-02-23T00:00:00Z,433.8587152,434.786333,430.049561,431.0265202,39853861
2024-02-26T00:00:00Z,431.8357188,432.8225463,430.6071185,430.7995499,33043238
2024-02-27T00:00:00Z,431.9047967,432.2205815,429.2946379,431.8357188,33713220
2024-02-28T00:00:00Z,429.6943031,430.9179692,428.579188,429.5364107,32938821
2024-02-29T00:00:00Z,432.4574201,434.2929193,429.2897038,433.2172773,42495152
2024-03-01T00:00:00Z,434.105422,440.6974298,434.0462124,439.7402071,43853029
2024-03-04T00:00:00Z,439.7402071,440.164543,437.9244445,438.1711514,34325687
2024-03-05T00:00:00Z,435.1317227,435.1415909,427.9377501,430.3061361,57917135
2024-03-06T00:00:00Z,434.5198896,436.1678915,431.1350712,433.0100435,46234460
2024-03-07T00:00:00Z,436.5922274,440.8355857,435.0527764,439.5823147,44526666
2024-03-08T00:00:00Z,439.9375726,442.7302945,432.5659711,433.2370138,72095957
2024-03-11T00:00:00Z,431.7469043,432.8817559,429.7041713,431.628485,45587719
2024-03-12T00:00:00Z,433.9376614,438.1711514,430.7107354,437.8158935,54807079
2024-03-13T00:00:00Z,436.8191977,436.8389342,433.3356966,434.4508117,37524784
2024-03-14T00:00:00Z,435.6843461,436.2073646,430.6416575,433.3554331,51676863
2024-03-15T00:00:00Z,430.3258727,433.0922462,427.0414147,428.2041935,73069824
2024-03-18T00:00:00Z,433.518347,435.8009066,432.0460466,432.2831957,47323802
2024-03-19T00:00:00Z,430.27731,433.7653773,428.1824934,433.3602476,43004105
2024-03-20T00:00:00Z,434.5558741,438.8344382,432.8563059,438.4984771,43653490
2024-03-21T00:00:00Z,443.5477756,444.0023113,440.3759071,440.5735313,39345652
2024-03-22T00:00:00Z,440.0597083,442.1742874,439.2099242,441.077473,28253899
2024-03-25T00:00:00Z,438.2810905,440.9588985,437.2830882,439.4767169,27789154
2024-03-26T00:00:00Z,440.9984233,441.9124353,437.8265548,438.0538226,34142043
2024-03-27T00:00:00Z,441.1367603,441.2355724,436.6803344,439.5458854,41359240
2024-03-28T00:00:00Z,439.4964793,440.3462634,438.3799026,438.7356261,36839641
2024-04-01T00:00:00Z,439.6842223,442.2138122,437.7573863,439.6644599,38429293
2024-04-02T00:00:00Z,434.8523104,436.1862738,432.8266623,435.8700751,44054931
2024-04-03T00:00:00Z,433.7456148,438.7257449,433.7357336,436.8483149,39664078
2024-04-04T00:00:00Z,441.028067,441.640702,429.9413488,430.1686167,56595702
2024-04-05T00:00:00Z,431.591511,437.9056045,430.7812517,435.2376776,54512956
2024-04-08T00:00:00Z,436.1665114,437.2435634,433.9827639,435.3661334,27772329
2024-04-09T00:00:00Z,437.698099,437.9747729,432.2436709,436.9767707,39157333
2024-04-10T00:00:00Z,431.8088976,434.0222887,431.0974504,433.1626234,61502191
2024-04-11T00:00:00Z,435.0301722,441.028067,432.7574938,440.0794708,45474550
2024-04-12T00:00:00Z,435.8601939,436.9866519,431.6903231,433.0638113,53664995
2024-04-15T00:00:00Z,436.8087901,436.897721,425.0995557,425.9394586,63453622
2024-04-16T00:00:00Z,425.7813592,428.6073854,424.595614,425.9789834,47618961
2024-04-17T00:00:00Z,427.9552255,427.9749879,419.8526329,420.7814667,56880536
2024-04-18T00:00:00Z,421.4237454,423.1529572,417.8072224,418.3803326,46549363
2024-04-19T00:00:00Z,417.2044685,417.7281727,408.1631609,409.7243922,75230990
2024-04-22T00:00:00Z,412.3527942,416.1768226,409.0228262,413.844857,47807663
2024-04-23T00:00:00Z,415.771693,421.21624,413.8957452,420.0206135,44384741
2024-04-24T00:00:00Z,423.1134324,424.6252576,419.1609482,421.4435078,48440305
2024-04-25T00:00:00Z,414.2598678,420.2676438,413.1729346,419.4079785,57392169
2024-04-26T00:00:00Z,422.5403222,427.4117589,421.8486374,425.8801713,41874907
2024-04-29T00:00:00Z,427.9848691,428.6073854,424.8722878,427.6093831,30022161
2024-04-30T00:00:00Z,426.0283895,427.4216401,419.4672657,419.5463154,43665934
2024-05-01T00:00:00Z,418.1234211,425.0303872,415.6629997,416.5127838,52251707
2024-05-02T00:00:00Z,420.2478813,422.7280652,415.6333561,421.828875,36559007
2024-05-03T00:00:00Z,429.2793077,431.2950747,427.4809274,430.3069536,48515252
2024-05-06T00:00:00Z,432.1053339,435.1092219,431.3345995,435.020291,30227200
2024-05-07T00:00:00Z,435.4649455,436.7198592,434.3582499,435.0894595,30996094
2024-05-08T00:00:00Z,432.4709387,436.2356799,432.3523642,434.832548,24896723
2024-05-09T00:00:00Z,435.0993407,436.3542544,433.2515543,435.7811442,24580121
2024-05-10T00:00:00Z,437.2830882,439.0320625,435.2663331,436.8087901,27116566
2024-05-13T00:00:00Z,438.7158637,438.8146758,436.4036605,437.8166736,22994192
2024-05-14T00:00:00Z,437.3917815,441.1614633,437.2040385,440.6328185,34478321
2024-05-15T00:00:00Z,443.1031212,447.7670525,441.591296,447.5200222,41464651
2024-05-16T00:00:00Z,447.3322792,449.2887589,446.4429703,446.6109509,34780412
2024-05-17T00:00:00Z,446.7394066,447.3421605,444.1998367,446.3935643,35803719
2024-05-20T00:00:00Z,446.6109509,450.1681867,446.4182673,449.5061456,24474226
2024-05-21T00:00:00Z,447.6583592,450.5733163,447.460735,450.3855733,23167720
2024-05-22T00:00:00Z,450.6424848,451.3934568,447.697884,450.2966424,25120040
2024-05-23T00:00:00Z,455.0791483,455.1087919,446.4827916,448.2709942,40899230
2024-05-24T00:00:00Z,449.8816315,453.7748285,448.1794942,452.5100335,29669461
2024-05-28T00:00:00Z,453.7254224,454.2787702,451.265001,454.2194829,26216815
2024-05-29T00:00:00Z,450.0693745,452.7965886,449.9310376,451.0179708,29739238
2024-05-30T00:00:00Z,450.089137,450.2274739,444.8619766,446.1860588,30714121
2024-05-31T00:00:00Z,446.4133267,447.1050114,437.7919705,445.3560372,55941301
2024-06-03T00:00:00Z,449.1701844,450.1681867,442.579417,447.7472901,32997467
2024-06-04T00:00:00Z,447.4903786,450.163246,445.7721349,448.9725602,23767436
2024-06-05T00:00:00Z,452.5396772,458.1027987,449.0101088,458.023749,33817409
2024-06-06T00:00:00Z,458.7055525,459.0217512,456.6996668,457.8656496,21966820
2024-06-07T00:00:00Z,457.5000448,460.2074965,456.3538244,457.46052,25829720
2024-06-10T00:00:00Z,456.334062,459.6640299,456.0475069,459.3083063,20719771
2024-06-11T00:00:00Z,458.0336302,462.578987,456.5415674,462.4604125,22053281
2024-06-12T00:00:00Z,466.383253,470.839679,465.6915683,468.5175945,34532585
2024-06-13T00:00:00Z,472.0451866,472.7072277,468.7843872,471.0570656,25859014
2024-06-14T00:00:00Z,470.8594414,473.566893,470.3950245,473.4977246,23372620
2024-06-17T00:00:00Z,473.7645173,481.076613,472.4601975,479.2979951,37054504
2024-06-18T00:00:00Z,479.2485891,480.1280168,477.6873578,479.4462133,24438565
2024-06-20T00:00:00Z,480.6418397,481.055566,473.9226166,475.7506406,33918683
2024-06-21T00:00:00Z,475.4739667,476.8029895,472.9839016,474.4759644,39432913
2024-06-24T00:00:00Z,473.2588761,474.9908662,468.9437465,469.0823057,37750969
2024-06-25T00:00:00Z,471.1705909,474.7434391,470.2303677,474.4465265,29250209
2024-06-26T00:00:00Z,473.6250683,475.9706778,473.2093907,475.426338,22737105
2024-06-27T00:00:00Z,475.1789109,478.1282426,474.3673498,476.6535767,26222135
2024-06-28T00:00:00Z,477.4453437,482.186048,473.5359945,474.1793052,34881581
2024-07-01T00:00:00Z,475.0997342,477.5245204,471.353687,476.9603864,24898336
2024-07-02T00:00:00Z,475.4659264,482.0276946,475.3372643,481.9683121,26723559
2024-07-03T00:00:00Z,481.2161336,486.1151913,481.2161336,485.9865292,18064880
2024-07-05T00:00:00Z,486.8277815,491.4893092,486.5308689,491.0538374,28495936
2024-07-08T00:00:00Z,491.4200296,492.7709819,490.4006297,492.2216936,22109420
2024-07-09T00:00:00Z,493.7359478,494.8543186,491.1330141,492.6472683,25701253
2024-07-10T00:00:00Z,494.5673031,498.338093,493.2608877,497.7838562,28046901
2024-07-11T00:00:00Z,497.8927241,498.1005629,485.674771,486.8673699,49966590
2024-07-12T00:00:00Z,487.4414009,494.4782293,486.9762378,489.7276278,37109399
2024-07-15T00:00:00Z,491.4992063,495.8539243,489.0051405,491.0439403,31151386
2024-07-16T00:00:00Z,492.498812,493.3103731,488.0748144,491.231985,25950622
2024-07-17T00:00:00Z,483.2549334,483.7679983,476.7426505,476.8119301,56268768
2024-07-18T00:00:00Z,480.5332346,480.7113822,471.3685326,474.5553944,49347361
2024-07-19T00:00:00Z,474.2188935,476.7327534,469.0625115,470.3491327,42042856
2024-07-22T00:00:00Z,476.2082079,478.3756698,472.790546,477.3562699,40299999
2024-07-23T00:00:00Z,476.455635,479.4445551,475.1987051,475.6737652,23282454
2024-07-24T00:00:00Z,468.9437465,469.3099387,457.7501418,458.6111883,58818629
2024-07-25T00:00:00Z,458.9476892,463.1242597,450.9409464,453.5537772,59256759
2024-07-26T00:00:00Z,457.888701,461.1349453,455.0383401,458.2054078,39992132
2024-07-29T00:00:00Z,460.9172094,463.0945684,456.8643525,459.1258368,28218476
2024-07-30T00:00:00Z,461.0557686,461.7594515,449.4761776,452.8213928,41317210
2024-07-31T00:00:00Z,463.0549801,467.9243466,461.6100055,466.2220477,44552134
2024-08-01T00:00:00Z,466.9049467,470.6559424,451.2873444,454.9294722,56653900
2024-08-02T00:00:00Z,446.2497274,448.9021466,439.895798,444.1317509,66323244
2024-08-05T00:00:00Z,420.3391553,437.7382331,419.0921224,430.8894494,87483452
2024-08-06T00:00:00Z,432.7303074,442.4690404,430.0877854,435.0066373,63164429
2024-08-07T00:00:00Z,441.8950094,444.3791781,429.8997407,430.2956242,54929163
2024-08-08T00:00:00Z,436.5208915,444.369281,432.6511307,443.4587491,47890071
2024-08-09T00:00:00Z,442.1424366,447.4076865,441.0240658,445.7746673,33573976
2024-08-12T00:00:00Z,446.7445817,449.6939135,443.9383619,446.7346846,27795006
2024-08-13T00:00:00Z,451.128991,458.0866427,450.9904318,457.8194214,40084457
2024-08-14T00:00:00Z,458.7398504,460.3226914,453.6824393,457.9678777,34733746
2024-08-15T00:00:00Z,463.9358208,469.9334551,463.5597315,469.5375716,38280565
2024-08-16T00:00:00Z,467.7560961,471.5070918,466.7960787,470.1412939,38383623
2024-08-19T00:00:00Z,470.2798531,476.3566642,468.4983776,476.3170758,23737674
2024-08-20T00:00:00Z,475.4065439,477.9698892,473.6250683,475.3174701,29209340
2024-08-21T00:00:00Z,476.0993399,479.3851726,474.387144,477.5344174,25658787
2024-08-22T00:00:00Z,479.8503356,480.5431317,468.9338494,469.9631464,37739576
2024-08-23T00:00:00Z,474.3079673,477.7719475,470.3887211,475.0601458,36061508
2024-08-26T00:00:00Z,474.5158061,475.4362351,468.3697155,470.4481036,27452641
2024-08-27T00:00:00Z,468.8150843,472.9223752,466.8554612,471.8534899,27510003
2024-08-28T00:00:00Z,471.3883268,472.1108141,463.0747742,466.4991661,37372436
2024-08-29T00:00:00Z,468.4093038,473.011449,464.5415224,465.8162672,41081465
2024-08-30T00:00:00Z,470.151191,471.9920491,465.6678109,471.3685326,33466473
2024-09-03T00:00:00Z,468.3301271,468.4587892,454.682144,457.0573457,44985219
2024-09-04T00:00:00Z,453.9496606,459.6701765,453.0193345,455.8696954,32208551
2024-09-05T00:00:00Z,454.2465732,460.5708114,453.2261836,456.2952701,34452385
2024-09-06T00:00:00Z,455.592577,456.4734176,443.5775141,444.0723684,50624385
2024-09-09T00:00:00Z,448.3973952,450.7726959,445.1941319,449.7829873,32981169
2024-09-10T00:00:00Z,451.5446686,454.4445149,447.575937,453.9397635,29680319
2024-09-11T00:00:00Z,455.1768993,464.539543,446.6357138,463.7972616,57842992
2024-09-12T00:00:00Z,463.8269528,469.1614824,462.0445865,468.3499213,40175456
2024-09-13T00:00:00Z,467.6175369,471.6258569,467.3899039,470.4481036,29111849
2024-09-16T00:00:00Z,468.32023,468.9832358,465.0541915,468.3697155,22585596
2024-09-17T00:00:00Z,471.3883268,472.6848451,466.1230769,468.6171426,30084438
2024-09-18T00:00:00Z,469.8146901,473.9021867,465.9845176,466.5882399,39909215
2024-09-19T00:00:00Z,477.6432854,481.2260307,475.5451031,478.3855669,52782523
2024-09-20T00:00:00Z,477.5245204,478.7121707,473.3776412,477.4750349,34577663
2024-09-23T00:00:00Z,478.6495557,479.8289593,477.3115768,478.7387543,24842972
2024-09-24T00:00:00Z,480.1461099,481.9994584,475.8943103,481.0480067,25952637
2024-09-25T00:00:00Z,480.4236166,483.4464578,480.2452194,481.4939997,26549866
2024-09-26T00:00:00Z,488.9767705,489.303832,481.4741778,485.1114981,32020206
2024-09-27T00:00:00Z,486.1323265,486.2710798,481.2363149,482.4157185,22851120
2024-09-30T00:00:00Z,481.4543559,484.0609369,478.6198228,483.7239645,30330605
2024-10-01T00:00:00Z,483.3572592,483.6545878,473.1489759,476.9845153,42735424
2024-10-02T00:00:00Z,476.0826184,479.5712745,473.4661264,477.6584602,23744049
2024-10-03T00:00:00Z,475.4681392,480.230353,474.7248176,477.3016659,25337220
2024-10-04T00:00:00Z,483.1094853,483.5356563,478.0895868,482.9806429,30744909
2024-10-07T00:00:00Z,481.0678286,482.2373213,476.5880771,477.8071246,24975119
2024-10-08T00:00:00Z,480.3443289,485.6268678,479.5365861,484.9430119,28272017
2024-10-09T00:00:00Z,484.6456833,489.3335648,483.605033,488.7587295,24994950
2024-10-10T00:00:00Z,486.4792099,490.0669755,485.1709639,488.203716,25750446
2024-10-11T00:00:00Z,486.3701894,489.9876878,485.805265,488.9668595,20644497
2024-10-14T00:00:00Z,491.3553996,494.3881517,490.8499409,493.0699947,26060145
2024-10-15T00:00:00Z,493.3970562,494.0610902,484.3285327,486.4792099,34784506
2024-10-16T00:00:00Z,486.8062714,487.3117301,483.2284168,486.5386756,22996776
2024-10-17T00:00:00Z,492.0194335,492.0689883,486.8162815,486.8756481,27210658
2024-10-18T00:00:00Z,489.6606263,491.1571805,488.9073938,490.0669755,25335030
2024-10-21T00:00:00Z,488.857839,491.8113035,486.9351138,491.0085162,30336549
2024-10-22T00:00:00Z,488.3424694,493.0154845,487.5892368,491.5437077,26685841
2024-10-23T00:00:00Z,489.1948115,489.8489345,480.7308562,484.0113822,39346565
2024-10-24T00:00:00Z,487.7279902,488.6100651,485.0817653,487.9361202,22024930
2024-10-25T00:00:00Z,490.7310094,495.8252401,490.0273317,490.9094066,38762143
2024-10-28T00:00:00Z,494.0214464,494.0809121,490.6913656,490.9886943,20477778
2024-10-29T00:00:00Z,491.3058448,496.8857123,489.4524963,495.7063087,28014059
2024-10-30T00:00:00Z,494.9431652,495.8946168,491.474331,491.9599678,29755960
2024-10-31T00:00:00Z,487.9955859,488.0451407,479.4424321,479.5415416,41245248
2024-11-01T00:00:00Z,481.1768491,486.3807941,480.8795205,483.0896634,33655757
2024-11-04T00:00:00Z,482.4850952,485.0222995,479.9424397,481.6823078,23291580
2024-11-05T00:00:00Z,483.2680606,488.4911337,483.178862,487.8270997,24353615
2024-11-06T00:00:00Z,496.1027469,501.9006553,495.1512952,501.0780461,43082198
2024-11-07T00:00:00Z,503.8729353,509.7501314,503.8134696,508.967166,32853120
2024-11-08T00:00:00Z,508.4666628,510.3324,507.8472281,509.5618233,22924483
2024-11-11T00:00:00Z,510.7808707,510.9890008,506.3704959,509.2644947,24167479
2024-11-12T00:00:00Z,509.195118,510.0771929,505.2902018,508.3427759,25835288
2024-11-13T00:00:00Z,507.8373172,510.3943435,505.4091333,507.6886529,24567416
2024-11-14T00:00:00Z,507.3516804,508.2238444,503.2485452,504.160353,28679519
2024-11-15T00:00:00Z,498.4615541,498.8480813,490.0867974,492.148276,51461054
2024-11-18T00:00:00Z,493.6943849,497.6686777,492.3068512,495.5675553,27192662
2024-11-19T00:00:00Z,492.9907071,499.4661284,492.6537346,498.9769237,24523020
2024-11-20T00:00:00Z,498.6795951,498.9967456,492.1334095,498.689506,29565491
2024-11-21T00:00:00Z,501.7321691,502.4457579,493.1294605,500.4833888,34526738
2024-11-22T00:00:00Z,499.9283754,502.0195868,498.3029788,501.2861762,23826644
2024-11-25T00:00:00Z,505.3595785,506.8982542,499.7722778,502.0790525,26375166
2024-11-26T00:00:00Z,503.5557848,505.5974414,502.7133536,504.7748322,26557061
2024-11-27T00:00:00Z,503.6449834,503.7143601,497.4605477,500.8005394,24957441
2024-11-29T00:00:00Z,501.4249295,505.7956605,500.8104503,505.2010033,15333968
2024-12-02T00:00:00Z,506.4596945,511.6629457,506.0731673,510.7015831,25147165
2024-12-03T00:00:00Z,509.3735152,512.5450207,508.7986798,512.2675139,18597900
2024-12-04T00:00:00Z,515.6867933,518.8582988,514.9732046,518.600614,26086222
2024-12-05T00:00:00Z,518.6501687,519.3735693,516.7769983,517.1635255,18169632
2024-12-06T00:00:00Z,517.8275595,522.0298043,517.6987171,521.7919414,23762611
2024-12-09T00:00:00Z,520.8702226,521.663099,516.5787792,517.72845,20674405
2024-12-10T00:00:00Z,518.9574083,520.7017364,514.5371226,515.9643,24350040
2024-12-11T00:00:00Z,520.3251201,525.8851656,519.9187709,525.2013098,32168579
2024-12-12T00:00:00Z,522.9812559,524.2498581,521.3360375,521.8117633,23577504
2024-12-13T00:00:00Z,525.7365013,528.4185048,522.6047388,525.805878,28780405
2024-12-16T00:00:00Z,528.3331714,534.3491209,528.2538838,533.3778474,31979863
2024-12-17T00:00:00Z,531.5839646,532.6939915,529.3738217,531.0289511,28579070
2024-12-18T00:00:00Z,530.3847391,532.0992351,510.4240764,511.8710757,54703155
2024-12-19T00:00:00Z,516.5490463,517.1138717,509.2545837,509.5915562,46441754
2024-12-20T00:00:00Z,505.8947701,520.1467229,504.7550103,514.0415748,60529961
2024-12-23T00:00:00Z,515.745625,519.4185319,512.3506677,519.0413145,29672800
2024-12-24T00:00:00Z,520.9869625,526.1687393,520.3516489,526.0793984,17558215
2024-12-26T00:00:00Z,524.4514072,527.3500256,522.4561253,525.7220344,19141494
2024-12-27T00:00:00Z,522.158322,522.5951001,514.0679999,518.7335844,33839555
2024-12-30T00:00:00Z,511.7352077,515.5570162,508.0821542,511.8344754,34584028
2024-12-31T00:00:00Z,513.1150295,513.8694644,506.5236505,507.4865477,29117028
2025-01-02T00:00:00Z,510.5340678,512.8569333,502.0069676,506.4938701,36389783
2025-01-03T00:00:00Z,509.5910241,515.8403264,508.7770285,514.7827278,29059520
2025-01-06T00:00:00Z,520.1828937,524.0543361,518.2074653,520.699086,36109734
2025-01-07T00:00:00Z,521.7413974,522.1384685,509.5215367,511.4076241,36690272
2025-01-08T00:00:00Z,511.3083563,513.1347837,506.8313805,511.496965,30777777
2025-01-10T00:00:00Z,507.7347171,507.8339849,500.2300748,503.4761304,40532495
2025-01-13T00:00:00Z,497.5299918,502.3146976,496.0409755,501.858066,31694210
2025-01-14T00:00:00Z,505.0147806,506.4194193,497.9171361,501.3815807,33737237
2025-01-15T00:00:00Z,509.2733673,514.0580731,507.7148635,512.9164939,34957554
2025-01-16T00:00:00Z,515.1797988,515.2591137,509.1939531,509.3230012,28229037
2025-01-17T00:00:00Z,519.0214609,520.2358034,509.3513918,517.9195888,51837941
2025-01-21T00:00:00Z,520.6395253,522.1186149,516.2518905,520.9571822,23627971
2025-01-22T00:00:00Z,525.6922541,529.9111337,525.3845241,527.6180486,33592988
2025-01-23T00:00:00Z,525.166135,528.8588955,524.5804552,528.7397742,23096588
2025-01-24T00:00:00Z,529.1169917,529.8813534,524.282652,525.7518148,19878251
2025-01-27T00:00:00Z,507.2582319,514.197048,506.4144559,510.4447268,60771695
2025-01-28T00:00:00Z,511.4473312,519.1703626,508.0325204,517.9890763,33194214
2025-01-29T00:00:00Z,518.6343167,518.7633648,513.1138382,517.0162523,26649011
2025-01-30T00:00:00Z,519.8751636,522.2426996,514.4154371,519.2199964,27431302
2025-01-31T00:00:00Z,523.0616586,527.6257915,517.3736162,518.4655615,38845467
2025-02-03T00:00:00Z,509.7101454,517.0357087,507.3078657,514.3161693,40580835
2025-02-04T00:00:00Z,514.8323616,521.2649122,514.4352906,520.6295986,26046753
2025-02-05T00:00:00Z,517.999003,523.1509996,516.80779,522.9921712,21134070
2025-02-06T00:00:00Z,523.4984367,525.9304967,521.8915895,525.7220344,19434454
2025-02-07T00:00:00Z,526.2580803,528.2037283,518.3662937,519.0909484,29605470
2025-02-10T00:00:00Z,523.3594618,526.4735906,522.8929034,525.3745973,20852784
2025-02-11T00:00:00Z,522.1086881,526.0396913,521.97964,524.1238236,19325500
2025-02-12T00:00:00Z,518.4754883,525.3150366,518.1280511,524.4315536,25009362
2025-02-13T00:00:00Z,526.0992519,532.2935599,525.3150366,531.975903,28714799
2025-02-14T00:00:00Z,532.0801342,534.8943751,531.7475872,534.2094276,17862572
2025-02-18T00:00:00Z,535.7778581,536.045881,532.1148779,535.4204942,20565028
2025-02-19T00:00:00Z,534.6263521,536.8499499,532.5318025,535.5693958,19666861
2025-02-20T00:00:00Z,534.7851805,535.1524712,528.5610923,533.2961642,26550753
2025-02-21T00:00:00Z,534.4377434,534.4575969,521.8605187,522.2278094,47093750
2025-02-24T00:00:00Z,524.014629,525.1949227,515.7257714,516.0632818,39268392
2025-02-25T00:00:00Z,515.4378949,515.5173091,505.7096549,509.5612438,48940025
2025-02-26T00:00:00Z,511.7550612,515.8548195,507.6255226,510.792164,34457618
2025-02-27T00:00:00Z,514.3360229,515.2690405,496.3884126,496.6068017,52447966
2025-02-28T00:00:00Z,496.4678268,505.0544877,493.2912586,504.4489544,47654043
2025-03-03T00:00:00Z,507.7744242,509.2832941,489.9657888,493.4103799,44587204
2025-03-04T00:00:00Z,490.5613954,500.0513928,484.1635885,491.9213636,67875402
2025-03-05T00:00:00Z,492.566604,499.9421983,487.6627769,498.3340606,46323725
2025-03-06T00:00:00Z,490.0749833,494.9291766,482.6398284,484.6251836,57574332
2025-03-07T00:00:00Z,483.5927989,489.6679855,477.0113467,488.188896,54714726
2025-03-10T00:00:00Z,479.9099652,480.4261575,465.2282641,469.2684617,74815507
2025-03-11T00:00:00Z,468.8912443,475.2989779,463.5903461,468.1467361,68760771
2025-03-12T00:00:00Z,475.6513784,477.5374658,468.3353448,473.4277807,46971082
2025-03-13T00:00:00Z,472.7626867,472.7925663,463.0145931,464.9106073,46563349
2025-03-14T00:00:00Z,470.2611393,477.041127,469.655606,476.1477172,43563010
2025-03-17T00:00:00Z,476.0980833,482.2824645,474.301337,479.2349444,41744354
2025-03-18T00:00:00Z,475.8995478,476.0980833,468.9508049,471.0652081,39072265
2025-03-19T00:00:00Z,473.3185862,481.776199,471.3927917,477.3687106,40430334
2025-03-20T00:00:00Z,473.3880736,481.0019105,472.6931993,475.7506462,36780549
2025-03-21T00:00:00Z,470.6085764,478.0834385,469.4421803,477.3190767,42234874
2025-03-24T00:00:00Z,484.874793,488.6226463,481.5544137,487.7776396,34567186
2025-03-25T00:00:00Z,488.5033513,490.7202512,487.5390495,490.5611911,26035241
2025-03-26T00:00:00Z,489.4080055,490.2629535,479.9836953,481.5345312,35043357
2025-03-27T00:00:00Z,479.5761039,483.721508,477.4287927,478.7907447,33469817
2025-03-28T00:00:00Z,476.9913774,477.6972066,465.300461,466.1852328,46363797
2025-03-31T00:00:00Z,459.2064715,467.0998283,454.6434352,466.1653503,53000303
2025-04-01T00:00:00Z,464.5548669,470.8476816,461.6917853,469.9231448,41156226
2025-04-02T00:00:00Z,463.3817987,476.7428461,463.1233261,473.352878,49894489
2025-04-03T00:00:00Z,453.7586635,457.3673392,447.4956725,448.0126178,70456338
2025-04-04T00:00:00Z,435.566166,437.783066,420.1870438,420.1870438,117088441
2025-04-07T00:00:00Z,406.259345,440.5367937,400.0261778,421.2010519,161556970
2025-04-08T00:00:00Z,435.5860485,440.5352031,407.3827068,413.615874,101248060
2025-04-09T00:00:00Z,413.1287525,465.0817534,412.9895749,463.2625037,142876878
2025-04-10T00:00:00Z,450.8955819,452.9136568,430.0885343,443.5589354,108384092
2025-04-11T00:00:00Z,442.0379233,453.1124819,438.7374265,451.7306474,52483779
2025-04-14T00:00:00Z,461.7315503,462.3180844,449.9710452,454.792554,43941179
2025-04-15T00:00:00Z,455.8463271,459.6637692,453.4703671,455.2995581,35404210
2025-04-16T00:00:00Z,446.3921932,449.9611039,435.1883983,441.5706843,48980552
2025-04-17T00:00:00Z,444.5431197,445.1197125,438.7672503,441.4911543,44837047
2025-04-21T00:00:00Z,435.6556373,436.500644,425.4161442,430.5657145,44149313
2025-04-22T00:00:00Z,436.2421714,444.9507112,435.0492207,441.868922,52304388
2025-04-23T00:00:00Z,455.4785007,460.6578948,450.2195765,451.8897075,55801136
2025-04-24T00:00:00Z,453.7984285,464.9127521,453.1522469,464.6045732,45956136
2025-04-25T00:00:00Z,464.2268055,470.3108538,462.6560871,469.7839673,38697063
2025-04-28T00:00:00Z,470.2512063,472.0187615,463.2923274,469.6348484,33550778
2025-04-29T00:00:00Z,467.4080072,473.6255666,466.8314144,472.7365201,30613120
2025-04-30T00:00:00Z,464.3858655,474.3967098,459.7134755,472.6768726,46810610
2025-05-01T00:00:00Z,480.5702294,484.3180827,477.9159142,478.8503922,43316539
2025-05-02T00:00:00Z,483.6818424,488.026171,481.9818877,485.9583899,39218082
2025-05-05T00:00:00Z,481.7532388,486.157215,481.256176,483.0754258,28309490
2025-05-06T00:00:00Z,476.7428461,482.2005953,475.3808941,478.5819783,32786310
2025-05-07T00:00:00Z,479.2480424,482.9461895,473.9811653,480.4608756,38109864
2025-05-08T00:00:00Z,485.6601522,489.8056557,481.3257648,485.4215621,39577592
2025-05-09T00:00:00Z,487.3302831,488.6524701,483.338869,485.1034419,27767416
2025-05-12T00:00:00Z,504.0117097,504.9064227,498.534078,504.8666577,45090616
2025-05-13T00:00:00Z,506.1689622,514.3506154,505.4333093,512.5611894,53269573
2025-05-14T00:00:00Z,513.7342576,516.1777187,512.7202495,515.6330374,47014516
2025-05-15T00:00:00Z,513.4857262,518.8639454,512.1436567,516.1996889,50153275
2025-05-16T00:00:00Z,517.6014059,518.6352965,514.062319,518.4464126,48394603
2025-05-19T00:00:00Z,511.2191199,519.4604207,511.2191199,518.9434754,52536154
2025-05-20T00:00:00Z,516.4183965,517.8698198,513.6249038,517.213697,42517561
2025-05-21T00:00:00Z,513.2371948,519.9276597,508.2367433,510.0261693,71292831
2025-05-22T00:00:00Z,510.6425271,514.6687356,509.2905164,510.9805298,55607169
2025-05-23T00:00:00Z,503.2064681,508.8332186,502.6099927,506.2484922,58368075
2025-05-27T00:00:00Z,513.1178997,518.6452378,511.5670639,518.1581162,47226323
2025-05-28T00:00:00Z,519.1124768,520.6036651,515.3447409,515.8616862,46637175
2025-05-29T00:00:00Z,523.2380978,523.3872166,514.2810266,516.8756943,58724069
2025-05-30T00:00:00Z,516.3885728,517.6212884,508.9226899,516.0605113,67662836
2025-06-02T00:00:00Z,514.2014966,520.3750162,512.9389571,520.1364261,44762817
2025-06-03T00:00:00Z,520.48437,525.6339403,519.6194808,524.2023995,44070330
2025-06-04T00:00:00Z,524.9082287,526.7274784,522.8796161,525.6637641,41359322
2025-06-05T00:00:00Z,527.0654811,529.9186214,519.589657,521.7071444,61286623
2025-06-06T00:00:00Z,526.8865385,528.6759645,525.1070538,526.8070085,42467021
2025-06-09T00:00:00Z,527.0257161,529.2227335,525.9023542,527.5824264,33688671
2025-06-10T00:00:00Z,528.0496654,531.7577537,525.7830592,531.0718071,40664795
2025-06-11T00:00:00Z,532.4735241,533.6267097,526.9958923,529.2823811,53701033
2025-06-12T00:00:00Z,527.9701354,531.5030587,527.721604,530.525038,34104887
2025-06-13T00:00:00Z,524.5801673,528.7455533,522.6416224,523.8643969,55814443
2025-06-16T00:00:00Z,527.3836013,532.2249927,527.333895,531.1513371,37622051
2025-06-17T00:00:00Z,528.5864932,530.192006,524.8088161,525.971943,42180866
2025-06-18T00:00:00Z,526.9859511,529.4215587,524.3018121,525.8824717,43983522
2025-06-20T00:00:00Z,529.1332622,530.4256255,521.7966157,523.7351605,61643519
2025-06-23T00:00:00Z,524.2975659,529.6320033,521.1526364,529.1144832,50666146
2025-06-24T00:00:00Z,534.3294929,538.1213224,533.7124498,537.2057101,45441982
2025-06-25T00:00:00Z,539.4748364,540.718875,536.8076177,538.5791286,44804168
2025-06-26T00:00:00Z,540.7586842,544.0628506,538.9374117,543.6149968,43811432
2025-06-27T00:00:00Z,544.6500368,547.3670171,541.9479851,545.4760784,57577147
2025-06-30T00:00:00Z,548.6309603,550.1636158,546.3916908,549.009148,45548742
2025-07-01T00:00:00Z,547.108257,548.0835833,542.0624366,544.3813245,56166736
2025-07-02T00:00:00Z,543.5552829,548.3722002,543.5154737,548.1731541,36538281
2025-07-03T00:00:00Z,550.5418035,554.5426315,550.5418035,553.5673053,26443524
2025-07-07T00:00:00Z,550.880182,551.6962713,546.9589724,549.397288,45349323
2025-07-08T00:00:00Z,550.7408497,551.3678451,548.4717233,549.7058096,36153258
2025-07-09T00:00:00Z,551.8356036,554.9705808,550.462185,553.5971622,43045534
2025-07-10T00:00:00Z,554.23411,554.6421546,550.1138542,552.8009775,34710913
2025-07-11T00:00:00Z,550.6612312,553.139356,549.4171926,551.556939,39618635
2025-07-14T00:00:00Z,551.3479405,554.2888477,548.9991957,553.557353,36453314
2025-07-15T00:00:00Z,557.5780856,558.1254626,554.0052069,554.0649207,43277661
2025-07-16T00:00:00Z,554.62225,557.5382764,548.9295295,554.6322023,52314711
2025-07-17T00:00:00Z,555.3587208,559.6282612,554.5525838,559.1206934,40423778
2025-07-18T00:00:00Z,560.4343982,562.032938,557.3093733,558.5832688,50484704
2025-07-21T00:00:00Z,559.4093104,563.3603769,559.3794535,561.4793906,39595214
2025-07-22T00:00:00Z,561.6087706,561.6585321,555.945907,558.5733165,43270647
2025-07-23T00:00:00Z,559.6581181,561.1609167,556.911281,561.1211075,40215259
2025-07-24T00:00:00Z,562.4348122,563.5395184,560.6085636,562.3153845,42275541
2025-07-25T00:00:00Z,562.235766,564.9875793,561.5789137,563.6688984,30630813
2025-07-28T00:00:00Z,565.0323647,566.3261648,564.1665139,565.4304571,31498739
2025-07-29T00:00:00Z,568.0379619,569.3815235,563.8281354,564.5546539,45463317
2025-07-30T00:00:00Z,565.4702663,567.8986296,562.3551937,565.3110294,43433777
2025-07-31T00:00:00Z,571.7999345,571.8895053,561.1808213,562.3153845,64613590
2025-08-01T00:00:00Z,556.1648578,556.3539517,549.0489572,551.2384651,69400789
2025-08-04T00:00:00Z,556.3838086,561.623699,556.2842855,561.4097244,47669751
2025-08-05T00:00:00Z,562.6935722,563.858689,557.0605656,557.5979902,48666640
2025-08-06T00:00:00Z,558.4339842,565.0522693,557.9562733,564.6143678,41823677
2025-08-07T00:00:00Z,568.943622,570.5857529,562.4149076,566.525211,44462972
2025-08-08T00:00:00Z,567.7294403,572.0288376,567.4308711,571.8098868,35255472
2025-08-11T00:00:00Z,571.9492191,574.0491562,568.8440989,570.1179944,33112917
2025-08-12T00:00:00Z,572.4169776,577.5822258,569.7547351,577.2836565,42271441
2025-08-13T00:00:00Z,579.9807321,580.5379619,576.1789503,577.5722735,41209294
2025-08-14T00:00:00Z,575.5220979,579.104929,575.1538625,577.1244196,45425043
2025-08-15T00:00:00Z,577.0348488,577.074658,572.8293018,574.5865809,49480161
2025-08-18T00:00:00Z,573.6908731,575.009554,572.4977904,574.3576778,29830957
2025-08-19T00:00:00Z,573.6411116,573.8103008,565.5399325,566.5650202,53752635
2025-08-20T00:00:00Z,565.6195509,565.7389786,556.1748101,563.2011399,76781087
2025-08-21T00:00:00Z,561.6585321,563.7883262,558.3046041,560.5936351,46436899
2025-08-22T00:00:00Z,561.977006,571.2525576,560.5836828,569.2421912,51502129
2025-08-25T00:00:00Z,567.6796788,570.5530098,566.4455925,567.6000603,34044749
2025-08-26T00:00:00Z,567.1123972,570.1876605,566.0873094,569.879139,34103014
2025-08-27T00:00:00Z,568.8640035,571.6655784,567.6498219,570.7549421,36927144
2025-08-28T00:00:00Z,571.3719853,575.2434333,569.7298543,574.3278209,46787857
2025-08-29T00:00:00Z,571.9143861,572.2875976,565.8285494,567.6796788,56030409
2025-09-02T00:00:00Z,558.6330303,563.26583,556.8664956,562.9224753,65876765
2025-09-03T00:00:00Z,566.5152587,568.9685027,564.0222054,567.3512526,53842448
2025-09-04T00:00:00Z,568.0180573,572.8548792,566.3112364,572.4866438,47526280
2025-09-05T00:00:00Z,577.7215581,578.3485535,568.8042897,573.3126854,68342532
2025-09-08T00:00:00Z,575.6116687,578.0698889,575.0145302,576.1092841,46371354
2025-09-09T00:00:00Z,576.9054688,578.169412,574.2880117,577.7414627,44007592
2025-09-10T00:00:00Z,580.9560584,580.9859153,575.7908102,577.9305566,49307959
2025-09-11T00:00:00Z,580.4584429,582.0906215,578.846169,581.2944369,44745766
2025-09-12T00:00:00Z,582.2498585,585.0564095,581.3143415,583.8621325,50745886
2025-09-15T00:00:00Z,585.6336434,588.9676667,585.4893349,588.8581913,44360315
2025-09-16T00:00:00Z,589.783756,590.0325638,587.6738666,588.3605759,36942130
2025-09-17T00:00:00Z,588.2809575,588.9278575,581.5780777,587.1862035,69384820
2025-09-18T00:00:00Z,592.072787,595.2873827,590.1320868,592.4808317,61069294
2025-09-19T00:00:00Z,594.4812457,597.1882736,593.008304,596.491612,58196109
2025-09-22T00:00:00Z,595.5748158,600.6862334,595.5548882,600.0186604,57154769
2025-09-23T00:00:00Z,600.1880446,600.3873201,594.8175687,596.0331495,64635486
2025-09-24T00:00:00Z,597.4081508,597.7269916,591.2106814,593.9407563,49850301
2025-09-25T00:00:00Z,590.0548832,592.9593243,586.3682857,591.3800656,70920209
2025-09-26T00:00:00Z,592.1970953,594.1400319,588.9190126,593.8112272,54337416
2025-09-29T00:00:00Z,596.9398532,599.8692037,595.2460111,596.5612297,48332934
2025-09-30T00:00:00Z,596.2623164,598.5340576,593.9407563,598.1952892,46533814
2025-10-01T00:00:00Z,595.0068805,601.6029009,594.179887,601.064857,46899612
2025-10-02T00:00:00Z,604.8610561,604.9606938,600.7460161,603.5358737,43765410
2025-10-03T00:00:00Z,604.3130483,605.1255944,599.2066125,600.9951105,46482098
2025-10-06T00:00:00Z,606.2460211,607.1527248,603.7750044,605.5087016,41962115
2025-10-07T00:00:00Z,606.8139564,607.501457,600.8456539,602.3202929,58209463
2025-10-08T00:00:00Z,603.2170328,609.5340676,603.0675762,609.2251905,50629754
2025-10-09T00:00:00Z,609.2650456,609.3945747,605.2795347,608.487871,45550958
2025-10-10T00:00:00Z,609.1853354,610.9588877,586.9162934,587.3646634,97614783
2025-10-13T00:00:00Z,597.5077885,600.7659437,595.0666631,599.8293486,65872584
2025-10-14T00:00:00Z,593.1536179,600.5068855,587.9923813,595.833874,69203187
2025-10-15T00:00:00Z,601.822104,604.5023601,593.7713721,600.0385879,62805456
2025-10-16T00:00:00Z,602.9181195,606.1065282,593.3429297,597.8166656,70981963
2025-10-17T00:00:00Z,595.7840551,603.3166706,594.2097783,601.7423938,72024872
2025-10-20T00:00:00Z,604.9407663,610.5802642,604.866038,609.3248282,45761697
2025-10-21T00:00:00Z,609.424466,610.5018492,607.1128697,609.1654078,44538161
2025-10-22T00:00:00Z,608.6074363,609.1952991,597.5675712,603.2967431,61478802
2025-10-23T00:00:00Z,602.718844,609.155444,602.3302567,608.3683056,42844298
2025-10-24T00:00:00Z,613.7587091,616.1799069,612.9018242,614.8646883,47632473
2025-10-27T00:00:00Z,622.257811,626.2732132,621.7695859,625.8148794,54098611
2025-10-28T00:00:00Z,628.0766569,632.3810086,626.9706776,630.6273838,61195733
2025-10-29T00:00:00Z,633.2877123,634.7025687,627.9670553,633.4670603,67422806
2025-10-30T00:00:00Z,629.8801005,631.2052829,623.6726673,623.7822689,61628621
2025-10-31T00:00:00Z,631.8728559,631.9027473,624.4199506,626.7913296,66305147
2025-11-03T00:00:00Z,632.809451,633.5168792,627.5685042,629.7904265,37154307
2025-11-04T00:00:00Z,621.0223026,624.6790088,616.2147801,617.0069004,63830768
2025-11-05T00:00:00Z,616.2496534,624.3302766,614.9742899,621.0223026,47829376
2025-11-06T00:00:00Z,619.5376998,619.7867943,608.0893199,609.4543573,72115128
2025-11-07T00:00:00Z,606.1065282,607.7405877,596.501447,607.5313484,81835388
2025-11-10T00:00:00Z,616.6780958,622.0485717,614.655449,620.9724837,55919931
2025-11-11T00:00:00Z,618.322119,620.4643311,615.283167,619.3184967,44868841
2025-11-12T00:00:00Z,622.5766519,622.5965794,615.5721165,618.8302716,47444384
2025-11-13T00:00:00Z,615.3030945,615.8809936,603.8846059,606.1962022,71333634
2025-11-14T00:00:00Z,597.3782594,611.1282719,595.0068805,606.654536,80087291
2025-11-17T00:00:00Z,604.103809,610.2614233,597.6971003,601.4733718,63850367
2025-11-18T00:00:00Z,597.4480059,600.1282619,589.1979984,594.1499956,83327279
2025-11-19T00:00:00Z,594.9072427,603.9643161,592.436226,597.6971003,73111487
2025-11-20T00:00:00Z,609.4045385,611.8058088,582.6318692,583.5485367,117743195
2025-11-21T00:00:00Z,585.3420166,594.8175687,578.6363946,587.9325987,103344155
2025-11-24T00:00:00Z,593.1237266,604.4824325,593.0041613,602.9679384,60168149
2025-11-25T00:00:00Z,601.3239152,608.0495644,595.1563371,606.6844273,57560867
2025-11-26T00:00:00Z,610.2913146,613.9579846,608.1789939,612.0449394,42393598
2025-11-28T00:00:00Z,613.8782744,617.0766469,613.1881832,617.0069004,23034394
2025-12-01T00:00:00Z,611.4072577,617.1963118,610.3012784,614.9344348,40957588
2025-12-02T00:00:00Z,617.2161397,621.4906001,615.3529134,619.7469391,54541834
2025-12-03T00:00:00Z,617.3755602,621.9588977,615.7913196,621.2614333,47841627
2025-12-04T00:00:00Z,622.6663259,622.6762896,617.29585,620.6835342,47067751
2025-12-05T00:00:00Z,622.1183181,626.6418729,621.450745,623.2143336,53614169
2025-12-08T00:00:00Z,624.938067,626.5621627,619.4380621,622.0186803,42019642
2025-12-09T00:00:00Z,620.7532806,623.6029209,618.7505614,622.7858912,36918603
2025-12-10T00:00:00Z,621.5902379,626.9308225,618.7405977,625.3366181,55031384
2025-12-11T00:00:00Z,621.5603466,623.5132469,615.4824425,623.3139714,58272844
2025-12-12T00:00:00Z,619.8266494,621.2813608,609.1454803,611.3972939,75158726
2025-12-15T00:00:00Z,616.130088,616.1799069,607.1128697,608.3284505,49538197
2025-12-16T00:00:00Z,606.0567093,611.2876923,604.7116991,609.5340676,55152819
2025-12-17T00:00:00Z,610.8393224,611.4271852,598.1056152,598.2351443,70654327
2025-12-18T00:00:00Z,607.591131,610.7097933,604.7215632,606.9036304,78875824
2025-12-19T00:00:00Z,609.7333431,615.3828048,609.6536329,614.8148695,60369829
2025-12-22T00:00:00Z,619.8932317,620.1925283,616.321625,617.7582489,43703101
2025-12-23T00:00:00Z,616.7506169,620.9507465,616.3316016,620.6514498,41120445
2025-12-24T00:00:00Z,620.5317312,622.8163622,620.2623642,622.4671828,18468707
2025-12-26T00:00:00Z,623.1954713,624.0484667,621.679035,622.4272766,28959778
2025-12-29T00:00:00Z,618.6461623,621.319879,617.2793743,619.414357,32458308
2025-12-30T00:00:00Z,618.3867719,620.7212857,617.7632372,617.9777331,31226754
2025-12-31T00:00:00Z,618.1972173,618.5064905,612.6103467,612.8697371,40746527
2026-01-02T00:00:00Z,618.6062561,621.3897149,608.7194903,611.6825271,61859163
2026-01-05T00:00:00Z,617.867991,619.3544977,615.2740868,616.5411093,46828359
2026-01-06T00:00:00Z,617.778202,622.5582687,617.0898198,621.9583785,43137520
2026-01-07T00:00:00Z,621.5792694,626.4677813,621.1003948,622.5569718,44880339
2026-01-08T00:00:00Z,621.5692929,621.9583785,616.3515547,619.0152948,50435941
2026-01-09T00:00:00Z,619.953091,626.4178985,617.6086006,625.1808057,49688734
2026-01-12T00:00:00Z,620.8509809,627.3706595,620.8010981,625.6995865,37388651
2026-01-13T00:00:00Z,625.7993521,627.9941941,622.2327338,624.771767,44481380
2026-01-14T00:00:00Z,620.781145,621.9883082,613.119151,618.0974518,72598700
2026-01-15T00:00:00Z,625.1309229,628.5229516,619.2946384,620.3222235,53934892
2026-01-16T00:00:00Z,624.0335019,624.6121421,617.4290226,619.8034427,61058094
2026-01-20T00:00:00Z,609.0985994,613.6129904,605.6267583,606.6343903,80764676
2026-01-21T00:00:00Z,608.0410846,618.9654121,606.438351,614.8351184,79837881
2026-01-22T00:00:00Z,620.8908871,621.0006292,616.3316016,619.3046149,42254757
2026-01-23T00:00:00Z,618.2770298,623.9336366,617.1995619,621.2600197,43645825
2026-01-26T00:00:00Z,621.7488709,626.138555,620.6614264,623.9935957,35983008
2026-01-27T00:00:00Z,627.4355071,630.5608624,625.869188,629.6503022,38344052
2026-01-28T00:00:00Z,633.9701505,635.1074777,630.328708,631.7354022,50691691
2026-01-29T00:00:00Z,631.1667386,632.1843472,616.8204528,627.9542879,79944047
2026-01-30T00:00:00Z,624.2430095,626.7830404,617.8455438,620.4120125,65650714
2026-02-02T00:00:00Z,617.2494446,627.0164918,617.2095384,624.6720014,49020292
2026-02-03T00:00:00Z,626.8269372,628.5029984,609.5275912,615.0745557,80522875
2026-02-04T00:00:00Z,613.5780725,613.6578849,599.0621853,604.3298062,81850748
2026-02-05T00:00:00Z,598.8027948,603.39201,593.3655725,595.6302504,89354492
2026-02-06T00:00:00Z,598.7828417,609.9765362,597.366171,608.2206626,78019338
2026-02-09T00:00:00Z,606.1156095,615.0146964,603.6514005,612.8797136,56797557
2026-02-10T00:00:00Z,613.8624043,615.5733834,609.577474,610.0363955,53938859
2026-02-11T00:00:00Z,614.9348839,616.0722112,606.2652578,611.6725505,58575101
2026-02-12T00:00:00Z,613.2687993,614.3662203,598.1642953,599.2317867,81378903
2026-02-13T00:00:00Z,599.022279,605.0580947,595.0216806,600.5087857,69237547
2026-02-17T00:00:00Z,596.972097,602.5340263,591.9489017,599.8902393,69013763
2026-02-18T00:00:00Z,600.6983403,608.3413789,599.3115991,604.3697124,64250668
2026-02-19T00:00:00Z,601.3966991,604.3946538,599.3415288,602.0551517,60960839
2026-02-20T00:00:00Z,598.7130058,608.9190214,597.8250925,607.382632,74127323
2026-02-23T00:00:00Z,605.1828016,606.5845076,597.6455145,599.9999814,63859111
2026-02-24T00:00:00Z,600.9876603,607.5622099,598.3239202,606.4448358,55023732
2026-02-25T00:00:00Z,609.6373333,615.3838289,609.5674975,615.2341806,55710653
2026-02-26T00:00:00Z,614.1467361,614.1467361,602.563956,607.8116238,96178870
2026-02-27T00:00:00Z,601.5663005,606.8937808,600.7781527,605.8661956,68125196
2026-03-02T00:00:00Z,597.4559599,608.4900295,596.5879997,606.66432,75264644
2026-03-03T00:00:00Z,594.9318916,602.5440029,590.4823482,600.1695828,97015532
2026-03-04T00:00:00Z,602.743534,611.4430898,602.0152455,609.3180836,70943888
2026-03-05T00:00:00Z,605.9759377,611.3233711,600.8479886,607.4823975,89602407
2026-03-06T00:00:00Z,598.9025604,604.5792201,596.9272025,598.3438733,86302307
2026-03-09T00:00:00Z,592.8318268,607.8415535,589.9436142,606.3350937,93068170
2026-03-10T00:00:00Z,606.3550468,611.8521285,604.0005799,606.3450703,64078867
2026-03-11T00:00:00Z,607.5223037,610.9941448,603.6114942,606.2652578,60114800
2026-03-12T00:00:00Z,601.3468163,602.7235809,595.6502035,595.8597112,71836629
2026-03-13T00:00:00Z,598.3239202,602.1847471,591.180707,592.3280108,63145490
2026-03-16T00:00:00Z,598.6331934,602.4442373,597.7053738,598.9723963,49077155
2026-03-17T00:00:00Z,601.7259254,604.4794545,600.4589029,601.8955268,47106607
2026-03-18T00:00:00Z,600.0797939,601.7458785,593.1660414,593.5052443,56127962
2026-03-19T00:00:00Z,588.1278812,594.4031342,585.7035784,591.629652,75597578
2026-03-20T00:00:00Z,589.6742472,589.7839893,577.1836006,580.6953479,91964677
2026-03-23T00:00:00Z,589.8697484,594.4247272,585.3147697,587.3525233,89936118
2026-03-24T00:00:00Z,584.166036,587.2826004,581.2892073,583.33695,57750895
2026-03-25T00:00:00Z,588.491268,590.7188125,585.045067,587.1727215,60475491
2026-03-26T00:00:00Z,581.9584696,583.9862342,572.7985671,573.1581707,81492124
2026-03-27T00:00:00Z,570.1814521,570.3912209,560.9516268,561.9605146,82702240
2026-03-30T00:00:00Z,566.7552291,567.4244913,554.9882006,557.6652495,70602622
2026-03-31T00:00:00Z,563.6686316,578.0028301,563.5887197,576.5444378,95877997
2026-04-01T00:00:00Z,580.8397028,587.0918107,579.7808701,583.6665866,79435132
2026-04-02T00:00:00Z,573.3379725,585.4046706,571.2902298,584.3358488,50941709
2026-04-06T00:00:00Z,585.5844724,589.9596493,584.0461681,587.8519728,35108496
2026-04-07T00:00:00Z,584.9951221,588.3314442,577.7631943,587.9418737,49948195
2026-04-08T00:00:00Z,608.0397185,609.2284081,601.4569751,605.4226035,63085996
2026-04-09T00:00:00Z,605.2627797,609.8277474,602.365973,609.5180888,37837538
2026-04-10T00:00:00Z,611.1662719,612.9942568,608.9087605,610.3971198,34038533
2026-04-13T00:00:00Z,608.8088706,626.0498648,607.4403792,616.7101605,32972110
2026-04-14T00:00:00Z,619.5370443,627.9078166,619.4171764,627.9078166,49921081
2026-04-15T00:00:00Z,628.3872881,637.127653,627.5082571,636.6981265,50102386
2026-04-16T00:00:00Z,638.5061334,641.472863,634.5554885,639.764746,42320581
2026-04-17T00:00:00Z,644.8791081,649.284252,643.3607818,648.1355183,53488871
2026-04-20T00:00:00Z,647.3264102,648.0456174,641.8124886,646.0777867,37138511
2026-04-21T00:00:00Z,647.6960028,649.4840318,641.50283,643.6204955,39580523
2026-04-22T00:00:00Z,649.4340868,654.6083829,647.8058817,654.3886251,37368402
2026-04-23T00:00:00Z,652.8303429,656.196632,644.8091851,650.7026884,40099827
2026-04-24T00:00:00Z,657.7848812,663.7782743,655.8071614,663.148968,45563050
2026-04-27T00:00:00Z,662.6694966,663.6983624,659.9624807,663.4985826,32717030
2026-04-28T00:00:00Z,656.6860925,658.9136369,653.0900566,656.8259383,34147916
2026-04-29T00:00:00Z,657.9047491,660.9913465,655.8668955,660.8415117,31724860
2026-04-30T00:00:00Z,664.6173493,668.1634402,656.8359273,667.0047176,40622226
2026-05-01T00:00:00Z,668.4231539,675.2256551,668.0635504,673.4076592,39172607
2026-05-04T00:00:00Z,673.9170976,675.9848182,668.1634402,672.1390577,34541990
2026-05-05T00:00:00Z,677.2134638,682.0215635,676.7639593,680.8594446,37101063
2026-05-06T00:00:00Z,687.0226505,695.1636761,685.724082,695.0038523,38778492
2026-05-07T00:00:00Z,695.8129604,700.467829,691.0082569,694.1747663,43779087
2026-05-08T00:00:00Z,699.1492825,710.4468285,698.729745,710.4468285,44320421
2026-05-11T00:00:00Z,709.5777865,713.8031287,708.1293832,712.5045602,36019146
2026-05-12T00:00:00Z,707.440143,709.3979847,695.8728943,706.4612221,45873009
2026-05-13T00:00:00Z,709.178227,715.8608603,704.0538759,713.9229965,40012526
2026-05-14T00:00:00Z,713.8330956,721.2349361,713.4335361,718.9974027,33327545
2026-05-15T00:00:00Z,709.3580288,714.342534,704.7730831,708.1493612,51792656
2026-05-18T00:00:00Z,710.7564872,711.2859036,698.0804608,705.1027197,49834549
2026-05-19T00:00:00Z,699.0394037,705.712048,694.4844249,700.7575097,46827529
2026-05-20T00:00:00Z,704.5133694,712.3647143,703.0150211,712.3647143,35403154
2026-05-21T00:00:00Z,708.2092951,716.3303427,705.9917397,713.7232167,36415360
2026-05-22T00:00:00Z,717.2792967,721.324837,715.1616311,716.7498803,33118575
2026-05-26T00:00:00Z,725.1606086,730.3648716,723.3625906,729.4758516,34254692
2026-05-27T00:00:00Z,732.1529005,732.5125041,724.6411812,728.6467656,35148674
2026-05-28T00:00:00Z,728.9264572,735.7888923,725.6101131,734.7899935,32839952
2026-05-29T00:00:00Z,737.0275269,740.8133535,734.4403789,737.4970094,37541668
2026-06-01T00:00:00Z,736.2284078,744.8289269,735.179564,741.9221313,33890559
2026-06-02T00:00:00Z,741.5825057,745.618057,738.4159963,745.3383653,30085237
2026-06-03T00:00:00Z,746.487099,747.8256235,740.1940363,743.3905126,40270198
2026-06-04T00:00:00Z,734.6701256,742.6800957,731.8132749,739.7944767,40782580
2026-06-05T00:00:00Z,729.2560939,730.884299,703.5444375,704.2836226,99606571
2026-06-08T00:00:00Z,717.019583,722.2338349,712.2848024,715.281499,47401451
2026-06-09T00:00:00Z,722.18389,724.8609389,685.6142031,707.0505724,91932171
2026-06-10T00:00:00Z,700.8873665,710.4967735,692.1669796,692.9261427,65334283
2026-06-11T00:00:00Z,698.5199763,717.581064,694.2347002,716.3303427,71798857
2026-06-12T00:00:00Z,716.8198032,723.2127558,710.4967735,720.5456959,51236021
2026-06-15T00:00:00Z,737.2872406,743.939807,736.5680334,743.1807438,46710216
2026-06-16T00:00:00Z,741.4326708,743.4005016,728.8365563,729.0563141,45348675
2026-06-17T00:00:00Z,734.380445,734.8699054,720.0562355,721.7144075,51669322
2026-06-18T00:00:00Z,736.3882316,741.0031443,731.703396,739.8044657,50154595
2026-06-22T00:00:00Z,742.02,745.45,734.39,737.95,43518595
2026-06-23T00:00:00Z,715.74,723.61,712.1101,713.65,53354151
2026-06-24T00:00:00Z,715.37,719.93,704.45,710.62,52480437
2026-06-25T00:00:00Z,725.9,726.83,705.3,716.38,50144089
2026-06-26T00:00:00Z,707.13,715.555,702.81,706.52,47081821
2026-06-29T00:00:00Z,713.99,724.58,705.172,724.08,44939090
2026-06-30T00:00:00Z,724.18,737.62,723.91,736.4,42121829
2026-07-01T00:00:00Z,729.19,731.92,724.6,725.17,40803791
2026-07-02T00:00:00Z,725.58,730.83,707.56,712.6,51086080
2026-07-06T00:00:00Z,719.93,726.08,718.45,722.82,30220428
2026-07-07T00:00:00Z,714.17,716.35,704.9,709.43,42483079
2026-07-08T00:00:00Z,704.95,712.2599,700.91,711.44,35603179
2026-07-09T00:00:00Z,718.33,724.23,715.125,723.28,33654712
2026-07-10T00:00:00Z,720.7,726.39,717,725.51,26415898
2026-07-13T00:00:00Z,717.72,718.74,710.08,711.74,36552362
2026-07-14T00:00:00Z,720.22,722.29,714.34,719.69,29448117
2026-07-15T00:00:00Z,723.85,724.36,710.23,717.74,32627583
2026-07-16T00:00:00Z,712.01,713.599,702.61,705.94,39402024
2026-07-17T00:00:00Z,691.65,702.3,686.76,695.33,54109267
2026-07-20T00:00:00Z,702.16,705.8,695.51,696.06,29687558
2026-07-21T00:00:00Z,706.57,710.05,702.8,708.97,33728341
2026-07-22T00:00:00Z,703.62,709.65,703.62,705.35,23692181
2026-07-23T00:00:00Z,694.67,698.66,687.79,691.96,44028575
2026-07-24T00:00:00Z,690.41,692.63,682.48,684.23,42876658
2026-07-27T00:00:00Z,691.68,692.3,675.945,682.12,42681473
2026-07-28T00:00:00Z,676.23,679.4,667.88,675.49,51398741
2026-07-29T00:00:00Z,675.505,680.05,661.14,661.73,57233269
2026-07-30T00:00:00Z,674.76,685.12,673.3,683.55,66753681
2026-07-31T00:00:00Z,692.11,695.77,680.0512,687.99,50540483
2026-08-03T00:00:00Z,688.3,701.59,685.82,700.07,44965071
2026-08-04T00:00:00Z,708.16,725.66,707.53,723.85,59778624
2026-08-05T00:00:00Z,726.25,728.54,716.92,717.3,33540176
2026-08-06T00:00:00Z,710.82,719.32,708.5,714.65,33035860
2026-08-07T00:00:00Z,720.15,723.63,716.51,723.03,31070371
2026-08-10T00:00:00Z,722.39,724.67,720.33,720.87,26243183
2026-08-11T00:00:00Z,723.29,723.35,715.5,718.45,29286144
2026-08-12T00:00:00Z,727.08,727.25,722.92,723.7,29065976
2026-08-13T19:38:47Z,723.87,733.975,723.28,732.52,461147
