date,open,high,low,close,volume
2019-01-02T00:00:00Z,3201.6,3212,2984,2996.8,24050
2019-01-03T00:00:00Z,3060.8,3203.2,3048,3137.6,14863
2019-01-04T00:00:00Z,3005.6,3031.2,2880,2885.6,20986
2019-01-07T00:00:00Z,2862.4,2904.8,2787.2,2824.8,14821
2019-01-08T00:00:00Z,2775.2,2870.4,2756.8,2765.6,12602
2019-01-09T00:00:00Z,2741.6,2762.4,2668,2701.6,14840
2019-01-10T00:00:00Z,2746.4,2782.4,2672.8,2673.6,15591
2019-01-11T00:00:00Z,2707.2,2718.4,2582.4,2586.4,14374
2019-01-14T00:00:00Z,2655.2,2660.8,2555.2,2596.8,14930
2019-01-15T00:00:00Z,2581.6,2581.6,2475.2,2480,12386
2019-01-16T00:00:00Z,2457.6,2525.6,2441.6,2524.8,13171
2019-01-17T00:00:00Z,2544,2546.4,2460.8,2499.2,11864
2019-01-18T00:00:00Z,2430.4,2464.8,2391.2,2436,12613
2019-01-22T00:00:00Z,2464,2689.6,2460,2659.2,26998
2019-01-23T00:00:00Z,2610.4,2796.8,2604.8,2633.6,21563
2019-01-24T00:00:00Z,2642.4,2673.6,2543.2,2548.8,16797
2019-01-25T00:00:00Z,2488,2504.8,2440.8,2451.2,17715
2019-01-28T00:00:00Z,2542.4,2631.2,2536.8,2556,24830
2019-01-29T00:00:00Z,2518.4,2584,2500.8,2546.4,23795
2019-01-30T00:00:00Z,2507.2,2548,2426.4,2432.8,26388
2019-01-31T00:00:00Z,2428.8,2428.8,2328.8,2332,21967
2019-02-01T00:00:00Z,2324.8,2342.4,2294.4,2308.8,17592
2019-02-04T00:00:00Z,2300,2312.8,2225.6,2236,11824
2019-02-05T00:00:00Z,2216,2234.4,2168,2220,11732
2019-02-06T00:00:00Z,2198.4,2229.6,2177.6,2204,13920
2019-02-07T00:00:00Z,2272.8,2368.8,2238.4,2280.8,26597
2019-02-08T00:00:00Z,2332.8,2354.4,2250.4,2253.6,20466
2019-02-11T00:00:00Z,2225.6,2262.4,2205.6,2228,17196
2019-02-12T00:00:00Z,2175.2,2202.4,2161.6,2188,17760
2019-02-13T00:00:00Z,2172,2206.4,2160,2180.8,17752
2019-02-14T00:00:00Z,2233.6,2271.2,2180,2220,23981
2019-02-15T00:00:00Z,2176.8,2193.6,2140.8,2144.8,19896
2019-02-19T00:00:00Z,2184.8,2190.4,2121.6,2149.6,23637
2019-02-20T00:00:00Z,2132,2135.2,2062.4,2066.4,29021
2019-02-21T00:00:00Z,2071.2,2122.4,2036.8,2087.2,23184
2019-02-22T00:00:00Z,2054.4,2060,2006.96,2010.4,18205
2019-02-25T00:00:00Z,1960.8,2048.8,1944.8,2048,17683
2019-02-26T00:00:00Z,2080,2091.2,2032.8,2066.4,16764
2019-02-27T00:00:00Z,2088,2142.4,2052,2069.6,23080
2019-02-28T00:00:00Z,2072.8,2076,2027.2,2065.6,21780
2019-03-01T00:00:00Z,2012,2051.2,1971.2,1973.6,20667
2019-03-04T00:00:00Z,1948.8,2124.8,1924.8,2021.6,38604
2019-03-05T00:00:00Z,2012,2064,2006.4,2034.4,23301
2019-03-06T00:00:00Z,2032.8,2104.8,2032,2086.4,30129
2019-03-07T00:00:00Z,2116.8,2214.4,2114.4,2172.8,47485
2019-03-08T00:00:00Z,2243.2,2276.8,2184.8,2185.6,40708
2019-03-11T00:00:00Z,2144,2144,2020,2027.2,36582
2019-03-12T00:00:00Z,2007.2,2016,1968,1968,37592
2019-03-13T00:00:00Z,1960,1967.2,1932.8,1948,25505
2019-03-14T00:00:00Z,1949.6,1953.6,1910.4,1917.6,19757
2019-03-15T00:00:00Z,1905.6,1913.6,1856,1880,21253
2019-03-18T00:00:00Z,1894.4,1924,1869.6,1884.8,19060
2019-03-19T00:00:00Z,1854.4,1928,1850.4,1900,30064
2019-03-20T00:00:00Z,1900,1941.6,1857.6,1917.6,36020
2019-03-21T00:00:00Z,1946.4,1946.4,1870.4,1888.8,25234
2019-03-22T00:00:00Z,1932.8,2123.2,1912,2108,76689
2019-03-25T00:00:00Z,2108.8,2170.4,2068.8,2112,62833
2019-03-26T00:00:00Z,2029.6,2053.6,1988,1999.2,31690
2019-03-27T00:00:00Z,1995.2,2111.2,1980.8,2029.6,39406
2019-03-28T00:00:00Z,2016.8,2042.4,1980.8,1985.6,18311
2019-03-29T00:00:00Z,1948.8,1959.2,1918.4,1921.6,22520
2019-04-01T00:00:00Z,1904.8,1918.4,1884,1889.6,17459
2019-04-02T00:00:00Z,1897.6,1905.6,1876,1884,14032
2019-04-03T00:00:00Z,1853.6,1925.6,1849.6,1897.6,20802
2019-04-04T00:00:00Z,1888,1912,1867.2,1881.6,19244
2019-04-05T00:00:00Z,1856.8,1868,1840,1840.8,18002
2019-04-08T00:00:00Z,1848,1859.2,1828.8,1832.8,14162
2019-04-09T00:00:00Z,1859.2,1908,1847.2,1897.6,17242
2019-04-10T00:00:00Z,1877.6,1892.8,1842.4,1846.4,15872
2019-04-11T00:00:00Z,1821.6,1832.8,1802.4,1807.2,19123
2019-04-12T00:00:00Z,1770.4,1773.6,1720.8,1724,26974
2019-04-15T00:00:00Z,1700,1772.8,1697.6,1704,27078
2019-04-16T00:00:00Z,1696,1703.6,1672.8,1692.8,22761
2019-04-17T00:00:00Z,1661.6,1732,1661.6,1702.4,21176
2019-04-18T00:00:00Z,1701.6,1731.2,1673.6,1674.4,23435
2019-04-22T00:00:00Z,1692.8,1706.4,1659.2,1660.8,27024
2019-04-23T00:00:00Z,1651.2,1658.4,1635.2,1646.4,16454
2019-04-24T00:00:00Z,1648,1688,1645.6,1685.6,21144
2019-04-25T00:00:00Z,1707.2,1770.4,1686.4,1720,25765
2019-04-26T00:00:00Z,1707.2,1730.4,1661.6,1664,22356
2019-04-29T00:00:00Z,1673.6,1688.8,1660,1687.2,13019
2019-04-30T00:00:00Z,1686.4,1736,1677.6,1689.6,28314
2019-05-01T00:00:00Z,1672.8,1752,1660,1752,30283
2019-05-02T00:00:00Z,1734.4,1823.2,1727.2,1754.4,41692
2019-05-03T00:00:00Z,1708.8,1712,1664,1671.2,28473
2019-05-06T00:00:00Z,1838.4,1855.2,1753.6,1760.8,60374
2019-05-07T00:00:00Z,1866.4,2108,1850.4,2056,80167
2019-05-08T00:00:00Z,2036,2076,1948.8,2016,45664
2019-05-09T00:00:00Z,2122.4,2188.8,2004.8,2013.6,58080
2019-05-10T00:00:00Z,2028,2080,1856,1857.6,45196
2019-05-13T00:00:00Z,2089.6,2144,2027.2,2128.8,53033
2019-05-14T00:00:00Z,2054.4,2067.2,1988.8,2014.4,31395
2019-05-15T00:00:00Z,2073.6,2086.4,1925.6,1931.2,29937
2019-05-16T00:00:00Z,1916,1916.8,1834.4,1849.6,28506
2019-05-17T00:00:00Z,1923.2,1925.6,1824,1875.2,30658
2019-05-20T00:00:00Z,1925.6,1960,1868,1903.2,20823
2019-05-21T00:00:00Z,1844,1844.8,1802.4,1808.8,16223
2019-05-22T00:00:00Z,1816.8,1820.8,1772,1788.8,18014
2019-05-23T00:00:00Z,1859.2,1940.8,1857.6,1907.2,37104
2019-05-24T00:00:00Z,1854.4,1893.6,1835.2,1868.8,22110
2019-05-28T00:00:00Z,1856.8,1924,1828,1924,19558
2019-05-29T00:00:00Z,1964,1998.4,1930.4,1962.4,38636
2019-05-30T00:00:00Z,1920,1964.8,1898.4,1921.6,23271
2019-05-31T00:00:00Z,2022.4,2032,1967.2,2005.6,29139
2019-06-03T00:00:00Z,1999.2,2065.6,1961.6,2018.4,30990
2019-06-04T00:00:00Z,1959.2,1988,1907.2,1909.6,24166
2019-06-05T00:00:00Z,1890.4,1928,1862.4,1868.8,21023
2019-06-06T00:00:00Z,1857.6,1876.8,1827.2,1832,11606
2019-06-07T00:00:00Z,1826.4,1850.4,1815.2,1847.2,14534
2019-06-10T00:00:00Z,1820.8,1856,1816,1828.8,10094
2019-06-11T00:00:00Z,1797.6,1861.6,1796,1835.2,13091
2019-06-12T00:00:00Z,1850.4,1861.6,1819.2,1824,15227
2019-06-13T00:00:00Z,1808,1835.2,1797.6,1816,10448
2019-06-14T00:00:00Z,1828.8,1844.8,1794.4,1798.4,12947
2019-06-17T00:00:00Z,1795.2,1800,1769.6,1777.6,13703
2019-06-18T00:00:00Z,1755.2,1773.6,1733.6,1764,25336
2019-06-19T00:00:00Z,1750.4,1770.176,1701.6,1703.2,29157
2019-06-20T00:00:00Z,1675.2,1762.4,1661.6,1711.2,25588
2019-06-21T00:00:00Z,1724.8,1758.4,1703.2,1752,19218
2019-06-24T00:00:00Z,1737.6,1743.2,1720.8,1734.4,12096
2019-06-25T00:00:00Z,1736.8,1787.2,1736,1781.6,23910
2019-06-26T00:00:00Z,1748,1779.2,1736,1764.8,14270
2019-06-27T00:00:00Z,1752.8,1761.6,1723.2,1735.2,14625
2019-06-28T00:00:00Z,1724,1729.6,1700.8,1712,17246
2019-07-01T00:00:00Z,1620.8,1648.8,1608,1613.6,27531
2019-07-02T00:00:00Z,1616.8,1621.6,1552.8,1553.6,31208
2019-07-03T00:00:00Z,1557.6,1570.4,1541.6,1545.6,10195
2019-07-05T00:00:00Z,1581.6,1624,1546.4,1551.2,21683
2019-07-08T00:00:00Z,1589.6,1608.8,1572.8,1592.8,21831
2019-07-09T00:00:00Z,1636.8,1639.2,1593.6,1599.2,15097
2019-07-10T00:00:00Z,1574.4,1577.6,1545.6,1549.6,20338
2019-07-11T00:00:00Z,1534.4,1551.2,1515.2,1523.2,21303
2019-07-12T00:00:00Z,1512.8,1524.8,1496,1496,19812
2019-07-15T00:00:00Z,1494.4,1507.2,1486.4,1495.2,15019
2019-07-16T00:00:00Z,1489.6,1506.4,1466.4,1500,22879
2019-07-17T00:00:00Z,1487.2,1534.4,1476.8,1534.4,30641
2019-07-18T00:00:00Z,1535.2,1559.2,1495.2,1520.8,27558
2019-07-19T00:00:00Z,1492.8,1540.8,1486.4,1537.6,22659
2019-07-22T00:00:00Z,1535.2,1544,1496,1505.6,21702
2019-07-23T00:00:00Z,1482.4,1504.8,1452,1454.4,19374
2019-07-24T00:00:00Z,1469.6,1471.2,1408,1416,28926
2019-07-25T00:00:00Z,1427.2,1485.6,1425.6,1460.8,26766
2019-07-26T00:00:00Z,1432,1435.2,1411.2,1424,17328
2019-07-29T00:00:00Z,1424.8,1447.2,1420,1433.6,22667
2019-07-30T00:00:00Z,1462.4,1476.8,1443.2,1469.6,20070
2019-07-31T00:00:00Z,1464.8,1600.8,1443.2,1552,52784
2019-08-01T00:00:00Z,1551.2,1718.4,1483.2,1672,98064
2019-08-02T00:00:00Z,1675.2,1755.2,1662.4,1684,73292
2019-08-05T00:00:00Z,1808.8,1947.2,1796,1932,96453
2019-08-06T00:00:00Z,1856,1951.2,1808,1809.6,66878
2019-08-07T00:00:00Z,1937.6,1979.2,1808.8,1817.6,73193
2019-08-08T00:00:00Z,1779.2,1803.2,1702.4,1708,47772
2019-08-09T00:00:00Z,1740,1807.2,1722.4,1772,48941
2019-08-12T00:00:00Z,1804,1907.2,1793.6,1900.8,41903
2019-08-13T00:00:00Z,1928.8,1933.6,1758.4,1758.4,62058
2019-08-14T00:00:00Z,1882.4,2008.8,1846.4,2004.8,86095
2019-08-15T00:00:00Z,1952,2040,1934.4,1955.2,55336
2019-08-16T00:00:00Z,1920,1920,1840,1846.4,38493
2019-08-19T00:00:00Z,1764,1776,1704,1708,32884
2019-08-20T00:00:00Z,1720.8,1763.2,1711.2,1748.8,30714
2019-08-21T00:00:00Z,1678.4,1692.8,1660.8,1665.6,33890
2019-08-22T00:00:00Z,1655.2,1739.2,1648.8,1692,40444
2019-08-23T00:00:00Z,1746.4,1938.4,1675.2,1902.4,109998
2019-08-26T00:00:00Z,1809.6,1904.8,1809.6,1852,41710
2019-08-27T00:00:00Z,1817.6,1932.8,1812,1885.6,40399
2019-08-28T00:00:00Z,1928.8,1957.6,1841.6,1842.4,42662
2019-08-29T00:00:00Z,1788.8,1804.8,1748,1768,42244
2019-08-30T00:00:00Z,1735.2,1817.6,1732,1769.6,44288
2019-09-03T00:00:00Z,1839.2,1872,1811.2,1858.4,44903
2019-09-04T00:00:00Z,1781.6,1813.6,1738.4,1740.8,33160
2019-09-05T00:00:00Z,1696,1700,1654.4,1672.8,40238
2019-09-06T00:00:00Z,1652,1664.8,1619.2,1627.2,35773
2019-09-09T00:00:00Z,1596,1653.6,1593.6,1609.6,34410
2019-09-10T00:00:00Z,1634.4,1656.8,1601.6,1608,47417
2019-09-11T00:00:00Z,1606.4,1609.6,1569.6,1576.8,33710
2019-09-12T00:00:00Z,1550.4,1572,1524.8,1539.2,38715
2019-09-13T00:00:00Z,1524,1534.4,1502.4,1516,40008
2019-09-16T00:00:00Z,1547.2,1556.8,1514.4,1540,49005
2019-09-17T00:00:00Z,1549.6,1560.8,1532,1533.6,31523
2019-09-18T00:00:00Z,1521.6,1558.4,1480.8,1482.4,61270
2019-09-19T00:00:00Z,1468,1468,1434.4,1456.8,49168
2019-09-20T00:00:00Z,1442.4,1544,1436.8,1527.2,67441
2019-09-23T00:00:00Z,1533.6,1540,1493.6,1517.6,26729
2019-09-24T00:00:00Z,1479.2,1600,1476,1588,90572
2019-09-25T00:00:00Z,1591.2,1643.2,1539.2,1553.6,47337
2019-09-26T00:00:00Z,1551.2,1596,1548.8,1564,40964
2019-09-27T00:00:00Z,1546.4,1651.2,1538.4,1607.2,64392
2019-09-30T00:00:00Z,1592,1593.6,1544.8,1561.6,26561
2019-10-01T00:00:00Z,1527.2,1632,1516.8,1629.6,65519
2019-10-02T00:00:00Z,1679.2,1760,1676,1740,68999
2019-10-03T00:00:00Z,1734.4,1784,1674.4,1675.2,62159
2019-10-04T00:00:00Z,1661.6,1661.6,1580.8,1583.2,31242
2019-10-07T00:00:00Z,1612,1623.2,1564,1600,25829
2019-10-08T00:00:00Z,1657.6,1728,1640,1727.2,61797
2019-10-09T00:00:00Z,1673.6,1698.4,1630.4,1663.2,33239
2019-10-10T00:00:00Z,1663.2,1670.4,1601.6,1609.6,35485
2019-10-11T00:00:00Z,1557.6,1566.4,1489.6,1517.6,72431
2019-10-14T00:00:00Z,1521.6,1521.6,1462.4,1465.6,36544
2019-10-15T00:00:00Z,1440,1440,1404.8,1424.8,55058
2019-10-16T00:00:00Z,1422.4,1438.4,1406.4,1406.4,33745
2019-10-17T00:00:00Z,1390.4,1408.8,1379.2,1400,33559
2019-10-18T00:00:00Z,1407.2,1431.2,1384.8,1397.6,37211
2019-10-21T00:00:00Z,1381.6,1386.4,1360,1360,25211
2019-10-22T00:00:00Z,1352.8,1383.2,1344,1380.8,24373
2019-10-23T00:00:00Z,1393.6,1393.6,1364,1364,17317
2019-10-24T00:00:00Z,1352.8,1377.6,1344,1345.6,27269
2019-10-25T00:00:00Z,1354.4,1354.4,1300,1300,34513
2019-10-28T00:00:00Z,1296,1318.4,1292.8,1314.4,25244
2019-10-29T00:00:00Z,1328,1333.6,1304.8,1313.6,22499
2019-10-30T00:00:00Z,1312.8,1344.8,1279.2,1280,40768
2019-10-31T00:00:00Z,1294.4,1328,1286.4,1300.8,32354
2019-11-01T00:00:00Z,1260,1267.2,1239.2,1241.6,46429
2019-11-04T00:00:00Z,1223.2,1253.6,1220,1244.8,24898
2019-11-05T00:00:00Z,1250.4,1271.2,1247.2,1269.6,25035
2019-11-06T00:00:00Z,1267.2,1289.6,1260.8,1264,25111
2019-11-07T00:00:00Z,1240,1262.4,1237.6,1252,27557
2019-11-08T00:00:00Z,1256.8,1267.2,1224.8,1225.6,23595
2019-11-11T00:00:00Z,1252,1254.4,1209.6,1222.4,16611
2019-11-12T00:00:00Z,1210.4,1218.4,1197.6,1208,25361
2019-11-13T00:00:00Z,1220,1225.6,1203.2,1216,24593
2019-11-14T00:00:00Z,1218.4,1229.6,1196,1197.6,21529
2019-11-15T00:00:00Z,1179.2,1182.4,1144.8,1145.6,33869
2019-11-18T00:00:00Z,1147.2,1156.8,1136,1144,22810
2019-11-19T00:00:00Z,1137.6,1161.6,1133.6,1156,29117
2019-11-20T00:00:00Z,1156.8,1209.6,1144,1167.2,50884
2019-11-21T00:00:00Z,1158.4,1192,1156.8,1169.6,29606
2019-11-22T00:00:00Z,1155.2,1164,1134.4,1136,21464
2019-11-25T00:00:00Z,1110.4,1111.2,1082.4,1085.6,28061
2019-11-26T00:00:00Z,1079.2,1084.8,1064,1071.2,22494
2019-11-27T00:00:00Z,1063.2,1068,1060,1066.4,19030
2019-11-29T00:00:00Z,1075.2,1088,1070.4,1084,15027
2019-12-02T00:00:00Z,1082.4,1158.4,1082.4,1144.8,52505
2019-12-03T00:00:00Z,1229.6,1252,1205.6,1210.4,74859
2019-12-04T00:00:00Z,1173.6,1181.6,1140.8,1154.4,32571
2019-12-05T00:00:00Z,1136.8,1176,1136,1140,26495
2019-12-06T00:00:00Z,1095.2,1116.8,1092,1101.6,30670
2019-12-09T00:00:00Z,1105.6,1158.4,1100,1157.6,26186
2019-12-10T00:00:00Z,1153.6,1181.6,1136,1158.4,25346
2019-12-11T00:00:00Z,1148,1155.2,1126.4,1135.2,19116
2019-12-12T00:00:00Z,1131.2,1137.6,1065.6,1070.4,41689
2019-12-13T00:00:00Z,1072.8,1088,1020.8,1022.4,60439
2019-12-16T00:00:00Z,988.8,1000.8,980,999.2,38191
2019-12-17T00:00:00Z,988.8,1004.8,984.8,991.2,43388
2019-12-18T00:00:00Z,980,1003.2,977.6,1002.4,24167
2019-12-19T00:00:00Z,997.6,1002.4,976.8,977.6,26961
2019-12-20T00:00:00Z,975.2,989.6,971.2,988,25330
2019-12-23T00:00:00Z,988,995.2,984.8,992.8,12640
2019-12-24T00:00:00Z,988,993.6,980.8,982.4,13133
2019-12-26T00:00:00Z,975.2,983.2,973.6,980,16549
2019-12-27T00:00:00Z,976.8,1011.2,976,1001.6,27722
2019-12-30T00:00:00Z,1011.2,1049.6,1008.8,1037.6,42953
2019-12-31T00:00:00Z,1049.6,1056,991.2,994.4,34416
2020-01-02T00:00:00Z,968,988.8,953.6,956,38481
2020-01-03T00:00:00Z,1032,1034.4,983.2,1004,51353
2020-01-06T00:00:00Z,1035.2,1037.6,992,992,39245
2020-01-07T00:00:00Z,996.8,1009.6,977.6,988,24847
2020-01-08T00:00:00Z,980,986.4,942.4,968.8,61183
2020-01-09T00:00:00Z,942.4,953.6,932.8,934.4,31806
2020-01-10T00:00:00Z,930.4,939.2,918.4,928.8,36208
2020-01-13T00:00:00Z,917.6,926.4,903.2,904,23208
2020-01-14T00:00:00Z,904,913.6,889.6,899.2,31550
2020-01-15T00:00:00Z,897.6,900.8,887.2,895.2,23919
2020-01-16T00:00:00Z,882.4,884,872,874.4,24470
2020-01-17T00:00:00Z,873.6,891.2,872,876.8,23424
2020-01-21T00:00:00Z,886.4,888.8,864,882.4,36985
2020-01-22T00:00:00Z,867.2,889.6,866.4,888,24664
2020-01-23T00:00:00Z,904.8,918.4,883.2,885.6,40847
2020-01-24T00:00:00Z,872,955.2,869.6,936.8,81859
2020-01-27T00:00:00Z,1016.8,1033.6,992.8,1033.6,139791
2020-01-28T00:00:00Z,1007.2,1015.2,969.6,975.2,54306
2020-01-29T00:00:00Z,957.6,990.4,948,976,30614
2020-01-30T00:00:00Z,1013.6,1034.4,959.2,960.8,72877
2020-01-31T00:00:00Z,984,1098.4,980,1069.6,135987
2020-02-03T00:00:00Z,1037.6,1052.8,1002.4,1029.6,53719
2020-02-04T00:00:00Z,980,986.4,960,973.6,39787
2020-02-05T00:00:00Z,940.8,968,934.4,935.2,49901
2020-02-06T00:00:00Z,925.6,945.6,920.8,926.4,29937
2020-02-07T00:00:00Z,949.6,963.2,930.4,938.4,48870
2020-02-10T00:00:00Z,953.6,953.6,923.2,928,28339
2020-02-11T00:00:00Z,913.6,931.2,907.2,929.6,29446
2020-02-12T00:00:00Z,908.8,916,880.8,884.8,52961
2020-02-13T00:00:00Z,915.2,917.6,890.4,900,36837
2020-02-14T00:00:00Z,892.8,908,885.6,888,35888
2020-02-18T00:00:00Z,903.2,922.4,892.8,903.2,44574
2020-02-19T00:00:00Z,888,897.6,882.4,892,28568
2020-02-20T00:00:00Z,896.8,952.8,888,920.8,83076
2020-02-21T00:00:00Z,951.2,1005.6,942.4,980.8,93715
2020-02-24T00:00:00Z,1128,1165.6,1075.2,1160.8,161356
2020-02-25T00:00:00Z,1120.8,1305.6,1113.6,1272.8,191395
2020-02-26T00:00:00Z,1231.2,1290.4,1187.2,1243.2,154513
2020-02-27T00:00:00Z,1355.2,1445.6,1321.6,1444.8,275323
2020-02-28T00:00:00Z,1608,1644,1492,1507.2,272851
2020-03-02T00:00:00Z,1468.8,1551.2,1440.8,1444.8,135591
2020-03-03T00:00:00Z,1447.2,1648,1386.4,1608.8,202740
2020-03-04T00:00:00Z,1538.4,1596,1496,1521.6,111101
2020-03-05T00:00:00Z,1654.4,1819.2,1620,1763.2,170659
2020-03-06T00:00:00Z,2080,2147.2,1920.8,1946.4,189222
2020-03-09T00:00:00Z,2680,2703.2,2313.6,2480,94754
2020-03-10T00:00:00Z,2164.8,2441.6,2152.8,2237.6,104177
2020-03-11T00:00:00Z,2421.6,2590.4,2390.4,2513.6,78514
2020-03-12T00:00:00Z,2961.6,3188,2732,3116.8,110939
2020-03-13T00:00:00Z,2766.4,3247.2,2760,2840,114724
2020-03-16T00:00:00Z,3600,4072,3382.4,3950.4,67328
2020-03-17T00:00:00Z,3784,4110.4,3560,3854.4,114387
2020-03-18T00:00:00Z,4320.8,5164.8,4071.2,4504,94770
2020-03-19T00:00:00Z,4796,5040,3680,4080,113004
2020-03-20T00:00:00Z,3889.6,4142.4,3453.6,4001.6,147575
2020-03-23T00:00:00Z,3734.4,3898.4,3236,3374.4,74380
2020-03-24T00:00:00Z,2727.2,3132,2593.6,3078.4,123485
2020-03-25T00:00:00Z,3160,3456.8,3131.2,3328,116106
2020-03-26T00:00:00Z,3222.4,3263.2,2993.6,3036,106094
2020-03-27T00:00:00Z,3301.6,3335.2,3180,3304.8,78935
2020-03-30T00:00:00Z,3312.8,3408,3192,3199.2,106403
2020-03-31T00:00:00Z,3211.2,3232.8,2984.8,3034.4,82063
2020-04-01T00:00:00Z,3246.4,3343.2,3092,3295.2,74295
2020-04-02T00:00:00Z,3249.6,3308,3100,3116,84663
2020-04-03T00:00:00Z,3083.2,3140.8,2954.4,2980,67546
2020-04-06T00:00:00Z,2771.2,2828,2725.6,2768,58514
2020-04-07T00:00:00Z,2686.4,2865.6,2677.6,2848.8,67439
2020-04-08T00:00:00Z,2820,2871.2,2753.6,2789.6,56443
2020-04-09T00:00:00Z,2768.8,2815.2,2716,2729.6,65383
2020-04-13T00:00:00Z,2720,2784,2668.8,2672,38125
2020-04-14T00:00:00Z,2520.8,2536,2430.4,2457.6,50144
2020-04-15T00:00:00Z,2624.8,2721.6,2582.4,2661.6,44220
2020-04-16T00:00:00Z,2679.2,2756,2652.8,2676.8,53308
2020-04-17T00:00:00Z,2564,2655.2,2550.4,2566.4,30309
2020-04-20T00:00:00Z,2703.2,2824,2636,2819.2,34882
2020-04-21T00:00:00Z,3028,3163.2,3004.8,3048,44309
2020-04-22T00:00:00Z,2935.2,2992.8,2873.6,2900.8,34357
2020-04-23T00:00:00Z,2866.4,2948.8,2807.2,2899.2,29569
2020-04-24T00:00:00Z,2844.8,2877.6,2724.8,2740,18952
2020-04-27T00:00:00Z,2658.4,2658.4,2492,2524,28413
2020-04-28T00:00:00Z,2440,2598.4,2427.2,2567.2,24722
2020-04-29T00:00:00Z,2424,2429.6,2354.4,2406.4,27906
2020-04-30T00:00:00Z,2460.8,2575.2,2460,2485.6,30966
2020-05-01T00:00:00Z,2696.8,2762.4,2648,2701.6,33981
2020-05-04T00:00:00Z,2796,2824,2640.8,2646.4,26614
2020-05-05T00:00:00Z,2548.8,2556,2466.4,2544.8,26841
2020-05-06T00:00:00Z,2496.8,2577.6,2476.8,2573.6,22329
2020-05-07T00:00:00Z,2483.2,2500.8,2441.6,2469.6,31127
2020-05-08T00:00:00Z,2393.6,2412,2295.2,2299.2,29536
2020-05-11T00:00:00Z,2357.6,2362.4,2133.6,2141.6,29633
2020-05-12T00:00:00Z,2080.8,2360,2062.4,2357.6,37571
2020-05-13T00:00:00Z,2389.6,2703.2,2338.4,2599.2,80505
2020-05-14T00:00:00Z,2731.2,2815.2,2468.8,2472,69320
2020-05-15T00:00:00Z,2581.6,2622.4,2404,2404.8,49087
2020-05-18T00:00:00Z,2242.4,2291.2,2218.4,2251.2,37018
2020-05-19T00:00:00Z,2259.2,2366.4,2210.4,2364.8,40298
2020-05-20T00:00:00Z,2255.2,2301.6,2212,2221.6,47271
2020-05-21T00:00:00Z,2219.2,2320.8,2188.8,2270.4,43749
2020-05-22T00:00:00Z,2288,2325.6,2245.6,2252.8,29528
2020-05-26T00:00:00Z,2147.2,2238.4,2143.2,2224,24589
2020-05-27T00:00:00Z,2163.2,2319.2,2158.4,2172.8,49397
2020-05-28T00:00:00Z,2197.6,2282.4,2174.4,2256.8,34683
2020-05-29T00:00:00Z,2274.4,2314.4,2180,2184,47371
2020-06-01T00:00:00Z,2232.8,2243.2,2179.2,2194.4,23598
2020-06-02T00:00:00Z,2180.8,2208,2130.4,2135.2,29988
2020-06-03T00:00:00Z,2088.8,2100.8,2031.2,2041.6,33423
2020-06-04T00:00:00Z,2052,2072,1964.8,2022.4,33800
2020-06-05T00:00:00Z,1900.8,1940.8,1891.2,1913.6,40641
2020-06-08T00:00:00Z,1909.6,1975.2,1900,1956,27879
2020-06-09T00:00:00Z,2016,2068,1999.2,2054.4,39454
2020-06-10T00:00:00Z,2068,2106.4,1962.4,2041.6,47466
2020-06-11T00:00:00Z,2267.2,2776,2175.2,2727.2,145986
2020-06-12T00:00:00Z,2520,2954.4,2457.6,2538.4,178428
2020-06-15T00:00:00Z,2769.6,2861.6,2452.8,2476.8,126476
2020-06-16T00:00:00Z,2313.6,2559.2,2296,2426.4,79253
2020-06-17T00:00:00Z,2400,2495.2,2389.6,2421.6,47325
2020-06-18T00:00:00Z,2460,2488,2380.8,2380.8,45209
2020-06-19T00:00:00Z,2324,2500.8,2306.4,2419.2,70534
2020-06-22T00:00:00Z,2438.4,2468.8,2293.6,2300,49019
2020-06-23T00:00:00Z,2199.2,2275.2,2193.6,2255.2,33541
2020-06-24T00:00:00Z,2342.4,2516.8,2277.6,2411.2,102837
2020-06-25T00:00:00Z,2456,2501.6,2314.4,2316.8,57024
2020-06-26T00:00:00Z,2324,2488.8,2318.4,2461.6,66735
2020-06-29T00:00:00Z,2420,2499.2,2339.2,2342.4,46394
2020-06-30T00:00:00Z,2363.2,2367.2,2204,2220.8,46756
2020-07-01T00:00:00Z,2188.8,2224,2143.2,2158.4,38545
2020-07-02T00:00:00Z,2069.6,2136.8,2036,2121.6,41405
2020-07-06T00:00:00Z,2052.8,2142.4,2047.2,2120,29080
2020-07-07T00:00:00Z,2136.8,2198.4,2078.4,2182.4,35876
2020-07-08T00:00:00Z,2156,2228,2130.4,2132.8,48374
2020-07-09T00:00:00Z,2139.2,2264,2120.8,2168,76261
2020-07-10T00:00:00Z,2184,2228.8,2108.8,2112.8,53365
2020-07-13T00:00:00Z,2086.4,2321.6,2082.4,2314.4,72745
2020-07-14T00:00:00Z,2314.4,2361.6,2173.6,2176.8,103113
2020-07-15T00:00:00Z,2112.8,2209.6,2108.8,2119.2,69936
2020-07-16T00:00:00Z,2163.2,2168.8,2074.4,2080.8,53199
2020-07-17T00:00:00Z,2063.2,2082.4,2006.4,2006.4,40631
2020-07-20T00:00:00Z,1983.2,1993.6,1885.6,1913.6,62920
2020-07-21T00:00:00Z,1868,1957.6,1847.2,1930.4,52956
2020-07-22T00:00:00Z,1944.8,1973.584,1909.6,1909.6,43078
2020-07-23T00:00:00Z,1896,2012,1881.632,1968,64655
2020-07-24T00:00:00Z,2034.4,2064,1976,1976,59559
2020-07-27T00:00:00Z,1955.2,1980.64,1920,1920.8,29501
2020-07-28T00:00:00Z,1924,1940,1853.6,1909.6,36599
2020-07-29T00:00:00Z,1885.6,1908.8,1864.832,1870.4,29559
2020-07-30T00:00:00Z,1960.8,2049.6,1903.2,1914.4,54313
2020-07-31T00:00:00Z,1866.4,1963.2,1862.4,1875.2,52283
2020-08-03T00:00:00Z,1856.8,1886,1844,1864,33924
2020-08-04T00:00:00Z,1860,1860,1806.4,1808,30014
2020-08-05T00:00:00Z,1784,1805.6,1768,1772,36012
2020-08-06T00:00:00Z,1779.2,1792,1747.2,1752,27547
2020-08-07T00:00:00Z,1776.8,1780,1724,1740,40644
2020-08-10T00:00:00Z,1716.8,1740.792,1682.4,1688,30792
2020-08-11T00:00:00Z,1649.6,1780,1641.6,1767.2,51590
2020-08-12T00:00:00Z,1700,1707.2,1659.2,1671.2,41040
2020-08-13T00:00:00Z,1684.8,1694.408,1633.2,1671.2,38315
2020-08-14T00:00:00Z,1684.8,1701.592,1660,1672.8,32905
2020-08-17T00:00:00Z,1633.6,1645.6,1601.6,1608.8,25745
2020-08-18T00:00:00Z,1599.2,1634.8,1581.6,1593.6,38654
2020-08-19T00:00:00Z,1582.4,1635.192,1571.2,1624.8,43404
2020-08-20T00:00:00Z,1688.8,1693.6,1600.8,1607.2,40558
2020-08-21T00:00:00Z,1635.2,1641.6,1606.8,1614.4,31112
2020-08-24T00:00:00Z,1570.4,1624.8,1566.4,1608.8,37062
2020-08-25T00:00:00Z,1616,1660,1589.6,1597.6,37593
2020-08-26T00:00:00Z,1588,1644.8,1550.4,1634.4,36941
2020-08-27T00:00:00Z,1617.6,1816.8,1602.8,1686.4,85702
2020-08-28T00:00:00Z,1706.264,1777.6,1650.4,1677.6,64295
2020-08-31T00:00:00Z,1721.6,1775.2,1684.8,1757.6,50965
2020-09-01T00:00:00Z,1760.792,1800.8,1747.6,1789.6,43296
2020-09-02T00:00:00Z,1784,1849.6,1779.2,1837.6,72978
2020-09-03T00:00:00Z,1855.2,2146.4,1790.8,2080.8,251237
2020-09-04T00:00:00Z,2029.6,2233.6,1871.2,1907.2,223983
2020-09-08T00:00:00Z,2051.2,2064,1848.8,1852.8,95816
2020-09-09T00:00:00Z,1806.4,1825.592,1727.992,1759.2,76540
2020-09-10T00:00:00Z,1742.4,1821.44,1728.8,1779.2,114091
2020-09-11T00:00:00Z,1732,1781.864,1670.4,1670.4,82823
2020-09-14T00:00:00Z,1652.8,1668.8,1621.6,1644,53043
2020-09-15T00:00:00Z,1628,1670.8,1620,1643.2,50125
2020-09-16T00:00:00Z,1630.4,1638.4,1592,1633.6,65135
2020-09-17T00:00:00Z,1687.2,1692.8,1592.4,1597.6,75352
2020-09-18T00:00:00Z,1587.2,1636.848,1552.8,1598.4,70879
2020-09-21T00:00:00Z,1666.4,1747.2,1642.4,1651.2,83061
2020-09-22T00:00:00Z,1649.6,1706.408,1646.4,1662.4,40236
2020-09-23T00:00:00Z,1654.4,1752.8,1649.6,1751.2,67133
2020-09-24T00:00:00Z,1752.8,1771.2,1688,1720,55883
2020-09-25T00:00:00Z,1720,1732,1664.8,1673.6,33840
2020-09-28T00:00:00Z,1658.4,1681.2,1656.584,1668,27486
2020-09-29T00:00:00Z,1672.8,1672.8,1610.4,1635.2,34738
2020-09-30T00:00:00Z,1613.6,1649.6,1592.8,1632.8,48333
2020-10-01T00:00:00Z,1615.2,1664.8,1613.6,1640.8,38830
2020-10-02T00:00:00Z,1722.4,1729.6,1659.2,1687.2,62168
2020-10-05T00:00:00Z,1673.6,1691.2,1625.2,1637.6,32177
2020-10-06T00:00:00Z,1623.2,1674.4,1593.2,1658.4,68499
2020-10-07T00:00:00Z,1626.4,1635.2,1595.2,1606.4,30735
2020-10-08T00:00:00Z,1585.6,1596.8,1538.8,1543.2,41409
2020-10-09T00:00:00Z,1494.4,1496,1460.808,1461.6,48489
2020-10-12T00:00:00Z,1436,1460.8,1428.8,1434.4,34194
2020-10-13T00:00:00Z,1450.4,1480.8,1440.768,1449.6,46876
2020-10-14T00:00:00Z,1439.2,1459.888,1414.672,1437.6,60033
2020-10-15T00:00:00Z,1499.2,1514.4,1445.528,1448.8,44521
2020-10-16T00:00:00Z,1447.2,1460,1426.16,1458.4,30091
2020-10-19T00:00:00Z,1452,1532.8,1450,1523.2,46893
2020-10-20T00:00:00Z,1512.8,1529.6,1500,1522.4,50585
2020-10-21T00:00:00Z,1514.4,1533.6,1477.6,1485.6,48497
2020-10-22T00:00:00Z,1484,1497.6,1438.4,1452,44395
2020-10-23T00:00:00Z,1449.6,1485.6,1444,1453.6,34162
2020-10-26T00:00:00Z,1489.6,1609.48,1473.608,1580.8,109892
2020-10-27T00:00:00Z,1584,1617.6,1556,1588,68882
2020-10-28T00:00:00Z,1711.2,1819.2,1690.4,1816.8,155496
2020-10-29T00:00:00Z,1781.6,1816,1634.8,1664,91193
2020-10-30T00:00:00Z,1714.4,1771.2,1690.4,1738.4,97900
2020-11-02T00:00:00Z,1659.2,1724,1655.2,1700.8,73919
2020-11-03T00:00:00Z,1648.8,1659.2,1586.4,1611.2,66428
2020-11-04T00:00:00Z,1540,1544,1455.2,1469.6,107369
2020-11-05T00:00:00Z,1420.8,1458.4,1406.4,1441.6,74620
2020-11-06T00:00:00Z,1428.8,1430.8,1345.2,1348,75240
2020-11-09T00:00:00Z,1254.4,1318.4,1195.2,1317.6,110408
2020-11-10T00:00:00Z,1284.8,1331.208,1273.584,1275.2,40705
2020-11-11T00:00:00Z,1256,1272,1222.4,1249.6,41640
2020-11-12T00:00:00Z,1266.4,1361.6,1251.2,1333.6,115526
2020-11-13T00:00:00Z,1289.6,1289.6,1230.4,1251.2,49483
2020-11-16T00:00:00Z,1220,1264.8,1217.6,1219.2,54571
2020-11-17T00:00:00Z,1246.4,1252.8,1198.408,1200,46438
2020-11-18T00:00:00Z,1187.2,1245.6,1176,1244.8,58314
2020-11-19T00:00:00Z,1232,1250.904,1202,1221.6,45735
2020-11-20T00:00:00Z,1220.8,1224.8,1196,1217.6,46001
2020-11-23T00:00:00Z,1204,1227.2,1184,1202.4,45032
2020-11-24T00:00:00Z,1179.2,1203.2,1176.8,1184,42555
2020-11-25T00:00:00Z,1186.4,1200,1138.4,1140.8,50800
2020-11-27T00:00:00Z,1129.6,1156,1120.8,1148,25049
2020-11-30T00:00:00Z,1154.4,1191.2,1124,1125.6,48452
2020-12-01T00:00:00Z,1116,1141.6,1108,1134.4,50727
2020-12-02T00:00:00Z,1138.4,1139.2,1107.2,1129.6,37014
2020-12-03T00:00:00Z,1118.4,1151.2,1114.4,1138.4,35968
2020-12-04T00:00:00Z,1126.4,1128,1111.088,1121.6,38167
2020-12-07T00:00:00Z,1133.6,1139.2,1122.4,1128,35700
2020-12-08T00:00:00Z,1136.8,1137.6,1086.4,1088.8,58092
2020-12-09T00:00:00Z,1076.8,1137.6,1067.2,1128,86101
2020-12-10T00:00:00Z,1135.2,1145.6,1107.2,1137.6,49406
2020-12-11T00:00:00Z,1164.8,1211.6,1148.8,1180.8,89179
2020-12-14T00:00:00Z,1141.6,1209.6,1131.816,1208.8,60432
2020-12-15T00:00:00Z,1180,1193.6,1150.4,1152,49644
2020-12-16T00:00:00Z,1150.4,1160,1112,1112,41979
2020-12-17T00:00:00Z,1116.8,1121.6,1088.8,1100,42397
2020-12-18T00:00:00Z,1107.2,1151.992,1106.4,1126.4,57894
2020-12-21T00:00:00Z,1231.2,1276,1184,1208,123055
2020-12-22T00:00:00Z,1194.4,1210.8,1180.8,1184.8,43107
2020-12-23T00:00:00Z,1162.4,1164,1117.6,1139.2,40345
2020-12-24T00:00:00Z,1123.2,1123.92,1105.6,1108,19801
2020-12-28T00:00:00Z,1089.6,1104,1084.8,1100,30808
2020-12-29T00:00:00Z,1084.8,1163.2,1084.8,1143.2,58711
2020-12-30T00:00:00Z,1136,1141.52,1096.8,1100,42339
2020-12-31T00:00:00Z,1100,1118,1079.2,1099.2,54597
2021-01-04T00:00:00Z,1099.2,1231.96,1098.4,1204,162704
2021-01-05T00:00:00Z,1224.8,1225.6,1146.4,1158.4,100691
2021-01-06T00:00:00Z,1144.8,1178.4,1083.2,1151.2,181578
2021-01-07T00:00:00Z,1099.2,1105.6,1080.8,1080.8,77144
2021-01-08T00:00:00Z,1075.2,1109.2,1064,1070.4,87313
2021-01-11T00:00:00Z,1111.2,1140,1093.6,1136,76804
2021-01-12T00:00:00Z,1110.4,1143.2,1094,1097.2,64773
2021-01-13T00:00:00Z,1096.8,1104.656,1071.2,1080,46636
2021-01-14T00:00:00Z,1072,1100,1058.584,1093.6,66909
2021-01-15T00:00:00Z,1109.6,1148,1093.6,1120.8,85817
2021-01-19T00:00:00Z,1092.8,1110.4,1083.2,1089.6,100564
2021-01-20T00:00:00Z,1075.2,1090.4,1062.4,1067.2,88908
2021-01-21T00:00:00Z,1068,1085.6,1058.4,1058.4,52938
2021-01-22T00:00:00Z,1086.4,1092,1061.2,1073.6,61138
2021-01-25T00:00:00Z,1084.8,1164.8,1076.8,1116.8,154602
2021-01-26T00:00:00Z,1098.4,1107.2,1077.6,1098.4,62978
2021-01-27T00:00:00Z,1157.6,1348,1155.2,1326.4,288007
2021-01-28T00:00:00Z,1268.8,1328,1234.4,1299.2,243777
2021-01-29T00:00:00Z,1329.6,1425.6,1257.6,1384,256476
2021-02-01T00:00:00Z,1316,1393.6,1284.4,1303.2,152601
2021-02-02T00:00:00Z,1240,1242.4,1178.4,1194.4,101794
2021-02-03T00:00:00Z,1164.8,1183.2,1128.8,1130.4,67878
2021-02-04T00:00:00Z,1106.4,1108.8,1080.8,1080.8,58992
2021-02-05T00:00:00Z,1076.8,1101.6,1076,1078,90757
2021-02-08T00:00:00Z,1073.6,1089.6,1069.6,1069.6,84098
2021-02-09T00:00:00Z,1084,1092.8,1061.6,1075.2,66918
2021-02-10T00:00:00Z,1068,1124,1065.6,1090.4,148116
2021-02-11T00:00:00Z,1079.2,1116.688,1065.6,1065.6,86836
2021-02-12T00:00:00Z,1076.8,1077.6,1028.8,1031.2,94915
2021-02-16T00:00:00Z,1036.8,1053.6,1021.68,1032.8,92167
2021-02-17T00:00:00Z,1057.6,1076,1016.8,1018.4,94787
2021-02-18T00:00:00Z,1050.4,1062,1016,1027.2,87571
2021-02-19T00:00:00Z,1016,1019.2,978.4,987.2,101387
2021-02-22T00:00:00Z,1023.2,1031.2,992.8,1028.8,78731
2021-02-23T00:00:00Z,1036.8,1087.2,985.6,986.4,131828
2021-02-24T00:00:00Z,1014.4,1024,945.6,948.8,102414
2021-02-25T00:00:00Z,968,1126.4,952.8,1096,296388
2021-02-26T00:00:00Z,1053.6,1132,1024.8,1044,240004
2021-03-01T00:00:00Z,987.2,987.2,959.2,964,116892
2021-03-02T00:00:00Z,973.6,984.8,960,980,96913
2021-03-03T00:00:00Z,973.6,1023.2,964.8,1023.2,129339
2021-03-04T00:00:00Z,1011.2,1112,988,1065.6,294001
2021-03-05T00:00:00Z,1026.4,1096.8,987.2,992,261283
2021-03-08T00:00:00Z,992.8,1016.8,971.208,1016,112303
2021-03-09T00:00:00Z,980,984.8,956,967.2,77342
2021-03-10T00:00:00Z,941.6,962.4,940.8,956,64952
2021-03-11T00:00:00Z,940,942.4,924.8,931.2,54324
2021-03-12T00:00:00Z,949.6,952,914.4,915.2,54068
2021-03-15T00:00:00Z,912,918.4,858.4,863.2,66821
2021-03-16T00:00:00Z,861.6,864,836.8,863.2,85244
2021-03-17T00:00:00Z,872,876,823.2,824,98691
2021-03-18T00:00:00Z,841.6,877.6,825.6,871.2,87298
2021-03-19T00:00:00Z,864.4,888,832,843.2,78165
2021-03-22T00:00:00Z,826.4,831.2,776,780,71411
2021-03-23T00:00:00Z,787.2,833.6,784.8,820,91619
2021-03-24T00:00:00Z,801.6,825.6,785.2,824.8,64062
2021-03-25T00:00:00Z,831.2,871.2,796,799.2,98883
2021-03-26T00:00:00Z,786.4,816.8,759.2,768,103944
2021-03-29T00:00:00Z,787.2,809.6,778.4,789.6,69466
2021-03-30T00:00:00Z,786.4,795.2,752,752.8,56207
2021-03-31T00:00:00Z,745.6,762.4,732.8,748,55265
2021-04-01T00:00:00Z,737.6,740.8,718.4,724.8,54111
2021-04-05T00:00:00Z,701.6,713.2,698.384,703.2,51339
2021-04-06T00:00:00Z,704,710,692.8,709.6,33723
2021-04-07T00:00:00Z,705.6,708,684,688,48030
2021-04-08T00:00:00Z,677.6,683.2,669.6,677.6,56055
2021-04-09T00:00:00Z,682.4,686.4,664.8,676,51477
2021-04-12T00:00:00Z,681.6,693.6,665.6,665.6,48238
2021-04-13T00:00:00Z,666.4,668.8,655.2,660,46274
2021-04-14T00:00:00Z,663.2,677.56,657.6,675.2,68446
2021-04-15T00:00:00Z,659.2,661.6,649.2,652.8,42046
2021-04-16T00:00:00Z,652,657.2,636.808,642.4,50315
2021-04-19T00:00:00Z,648,684,644.8,664.8,122283
2021-04-20T00:00:00Z,674.4,703.2,668.8,680,105916
2021-04-21T00:00:00Z,684.8,692.72,640.8,644.8,86436
2021-04-22T00:00:00Z,644,696,640,689.6,147110
2021-04-23T00:00:00Z,677.6,680.8,643.2,658.4,104801
2021-04-26T00:00:00Z,652,661.6,648,653.6,72501
2021-04-27T00:00:00Z,649.6,658.4,636,639.2,72569
2021-04-28T00:00:00Z,636,644.8,630.4,636.8,68193
2021-04-29T00:00:00Z,624.8,657.6,622.4,632.8,90617
2021-04-30T00:00:00Z,646.4,663.904,637.584,658.4,100679
2021-05-03T00:00:00Z,642.4,648,633.6,633.6,79708
2021-05-04T00:00:00Z,651.2,694.4,646.264,657.6,217190
2021-05-05T00:00:00Z,647.2,656.8,630.4,642.4,86546
2021-05-06T00:00:00Z,644,669.6,636,638.4,124133
2021-05-07T00:00:00Z,637.6,639.2,598.4,600,126091
2021-05-10T00:00:00Z,600,628.8,589.6,626.4,145725
2021-05-11T00:00:00Z,664,690.4,643.2,675.2,317418
2021-05-12T00:00:00Z,700.8,817.6,698.8,791.2,544653
2021-05-13T00:00:00Z,746.4,748,700,716.8,299893
2021-05-14T00:00:00Z,677.6,678.4,624.8,632.8,161469
2021-05-17T00:00:00Z,646.4,677.6,632.8,645.6,152074
2021-05-18T00:00:00Z,644,664.8,628.8,663.2,184944
2021-05-19T00:00:00Z,706.4,758.8,688.68,692,474533
2021-05-20T00:00:00Z,674.4,684,648,655.2,205414
2021-05-21T00:00:00Z,643.2,655.2,636,646.4,169454
2021-05-24T00:00:00Z,633.6,633.6,610.4,616.8,126085
2021-05-25T00:00:00Z,612.8,628,612,616.8,123721
2021-05-26T00:00:00Z,607.8,609.8,584.99,587.8,284407
2021-05-27T00:00:00Z,581,581.4,555.4,559.2,254635
2021-05-28T00:00:00Z,553.2,569,550.6,567.2,198176
2021-06-01T00:00:00Z,554.4,582,551.2,581.4,183623
2021-06-02T00:00:00Z,574.8,580,558.2,567.2,165758
2021-06-03T00:00:00Z,584,592.4,568.6,577.6,206234
2021-06-04T00:00:00Z,559,559,544,547,185435
2021-06-07T00:00:00Z,546.2,551.4,535.4,537.2,135505
2021-06-08T00:00:00Z,533,554.2,532,543.8,157245
2021-06-09T00:00:00Z,536.6,555,536.2,552,187795
2021-06-10T00:00:00Z,536.8,539.4,518,518.6,176470
2021-06-11T00:00:00Z,508.8,510,500.498,504.6,141574
2021-06-14T00:00:00Z,503,518.404,501.2,508.4,106469
2021-06-15T00:00:00Z,511,524.2,509.4,519.9,124685
2021-06-16T00:00:00Z,513.8,538.7,504.2,525,331422
2021-06-17T00:00:00Z,526.4,533.2,503.6,521.8,241542
2021-06-18T00:00:00Z,546.2,570.8,532,567.2,434986
2021-06-21T00:00:00Z,547.4,564,524,530,252201
2021-06-22T00:00:00Z,536,538.2,504.8,505.4,169539
2021-06-23T00:00:00Z,499,500.4,490.4,495.4,131998
2021-06-24T00:00:00Z,483,488.4,481,484.6,127537
2021-06-25T00:00:00Z,484,489,477,477.4,96640
2021-06-28T00:00:00Z,474,484.6,471.8,478.2,91386
2021-06-29T00:00:00Z,474,488.1,472.6,486.6,105285
2021-06-30T00:00:00Z,490.6,493.602,477.6,481.6,99166
2021-07-01T00:00:00Z,477,481,472.9,475,117002
2021-07-02T00:00:00Z,462.6,476,459,472.6,125280
2021-07-06T00:00:00Z,468.8,498,468.2,484,187516
2021-07-07T00:00:00Z,479.2,500.6,477.6,485.2,142590
2021-07-08T00:00:00Z,527,531.4,507.8,517.6,286914
2021-07-09T00:00:00Z,500.4,503.6,478.8,481.4,185037
2021-07-12T00:00:00Z,482.8,485,474.9,478.8,106806
2021-07-13T00:00:00Z,478.2,486.2,468,485,166467
2021-07-14T00:00:00Z,472.6,490.2,469.2,473.6,169351
2021-07-15T00:00:00Z,485.6,491.2,477,480.6,191537
2021-07-16T00:00:00Z,469.6,500.6,466.4,499,149314
2021-07-19T00:00:00Z,529,606,524.2,571.2,587352
2021-07-20T00:00:00Z,567,576.2,515.6,525.6,260907
2021-07-21T00:00:00Z,511,513,488.4,489.8,160062
2021-07-22T00:00:00Z,492.8,506.3,485.9,498.6,153407
2021-07-23T00:00:00Z,487.4,497.7,486.6,495.4,116724
2021-07-26T00:00:00Z,501.4,507.8,488.4,488.8,115024
2021-07-27T00:00:00Z,499.4,530.4,499.2,505,251096
2021-07-28T00:00:00Z,499.4,513.8,483.6,492.2,169929
2021-07-29T00:00:00Z,488,488,479.2,482.2,113368
2021-07-30T00:00:00Z,499.8,500.6,483.2,495.4,141303
2021-08-02T00:00:00Z,488.4,516.2,486.8,513.6,171198
2021-08-03T00:00:00Z,505.8,519.2,487.2,488,184909
2021-08-04T00:00:00Z,497.4,498.6,482.3,487.6,123477
2021-08-05T00:00:00Z,482.8,483.2,474.8,474.8,93525
2021-08-06T00:00:00Z,470.6,473.4,462.2,462.8,101561
2021-08-09T00:00:00Z,462.2,466.6,454.4,457.4,83851
2021-08-10T00:00:00Z,453.4,456.8,445.2,451,115680
2021-08-11T00:00:00Z,446.5,450.2,436,438.6,119347
2021-08-12T00:00:00Z,440.8,442.4,424.2,429,110495
2021-08-13T00:00:00Z,423.8,431.6,421,429,105171
2021-08-16T00:00:00Z,442.4,449.598,430.8,431,238291
2021-08-17T00:00:00Z,444,467.202,437.802,445,387445
2021-08-18T00:00:00Z,451.4,479.4,444.6,475.4,399415
2021-08-19T00:00:00Z,498,505.2,473.2,490.8,467624
2021-08-20T00:00:00Z,483.2,486,450.2,454,222135
2021-08-23T00:00:00Z,441.4,441.4,431.002,438.2,171792
2021-08-24T00:00:00Z,436.6,440.1,434,437.2,96548
2021-08-25T00:00:00Z,435.2,437.4,425.924,427.2,132778
2021-08-26T00:00:00Z,433.4,451,429.6,445.8,255078
2021-08-27T00:00:00Z,438.6,438.8,419.2,422.8,228488
2021-08-30T00:00:00Z,418.2,423.2,415.6,418.4,144058
2021-08-31T00:00:00Z,420.6,424.6,416.1,417,157795
2021-09-01T00:00:00Z,414,417.6,403,406.2,137870
2021-09-02T00:00:00Z,401.4,413,400.6,405.4,140712
2021-09-03T00:00:00Z,412.6,415.8,404.4,409.2,153522
2021-09-07T00:00:00Z,411.4,421.6,410.198,418.2,117460
2021-09-08T00:00:00Z,425.2,432.4,416.4,417.6,173054
2021-09-09T00:00:00Z,420.2,428,408,426.8,190039
2021-09-10T00:00:00Z,411.4,445.4,407.8,441,198245
2021-09-13T00:00:00Z,423.8,446.6,421.2,426.8,277114
2021-09-14T00:00:00Z,420.4,440,417.4,433.6,253902
2021-09-15T00:00:00Z,425.2,433.8,412.4,416,263702
2021-09-16T00:00:00Z,417.8,427.8,407.2,411.8,198823
2021-09-17T00:00:00Z,414.4,439.8,410.984,438.8,251251
2021-09-20T00:00:00Z,473.6,530,462.2,486.6,722237
2021-09-21T00:00:00Z,472.4,496.6,461.2,468.4,360981
2021-09-22T00:00:00Z,456.6,462.8,433.2,442,361256
2021-09-23T00:00:00Z,427.6,429,412.8,414.6,331248
2021-09-24T00:00:00Z,425,425.6,400.8,402,194785
2021-09-27T00:00:00Z,404,409.416,398.2,405.6,158507
2021-09-28T00:00:00Z,422.8,457.4,419,448.8,464899
2021-09-29T00:00:00Z,445.2,458.4,440,454.8,278175
2021-09-30T00:00:00Z,443.6,463.4,432.6,456,346294
2021-10-01T00:00:00Z,445,461,427.8,438.6,289661
2021-10-04T00:00:00Z,439.1,466.2,435.2,451.2,347719
2021-10-05T00:00:00Z,447.2,450.6,425.8,434.6,190982
2021-10-06T00:00:00Z,445,462,427.4,429.6,303462
2021-10-07T00:00:00Z,420.4,420.8,411.394,413.4,138902
2021-10-08T00:00:00Z,408,411.8,402,405.6,146881
2021-10-11T00:00:00Z,408.8,410.9,394.942,410.2,176298
2021-10-12T00:00:00Z,404,411.6,397.6,402.4,161993
2021-10-13T00:00:00Z,400.2,408.2,394,394.8,155680
2021-10-14T00:00:00Z,382.2,384,372.6,373.4,164490
2021-10-15T00:00:00Z,369.4,374.4,362.4,373.2,151769
2021-10-18T00:00:00Z,379,379.4,363.4,365.6,110616
2021-10-19T00:00:00Z,363,366.4,359.992,362.2,101193
2021-10-20T00:00:00Z,363,363.8,357.4,359.2,100274
2021-10-21T00:00:00Z,361.2,362.998,346.4,347.4,100977
2021-10-22T00:00:00Z,348.4,363.2,344.1,354.4,151408
2021-10-25T00:00:00Z,351.6,357.974,343.6,344,92495
2021-10-26T00:00:00Z,340,358.2,339.8,350.6,166416
2021-10-27T00:00:00Z,349.8,360.2,341.4,358.8,153932
2021-10-28T00:00:00Z,353.2,354.1,346.4,347.6,83573
2021-10-29T00:00:00Z,356.4,357,347.6,349.8,91841
2021-11-01T00:00:00Z,346.8,357.5,344,345,77925
2021-11-02T00:00:00Z,344.6,344.6,335.2,336,73402
2021-11-03T00:00:00Z,337,338.6,321.3,323.8,124631
2021-11-04T00:00:00Z,320.6,333.126,318.4,328.6,113909
2021-11-05T00:00:00Z,325,342,324,339.8,140831
2021-11-08T00:00:00Z,335.4,347.2,334,340.6,109812
2021-11-09T00:00:00Z,343,355,342.8,346.2,189599
2021-11-10T00:00:00Z,354.4,361.6,340.6,352.2,205181
2021-11-11T00:00:00Z,344.8,349.8,338.2,345.4,100947
2021-11-12T00:00:00Z,339.6,342.6,331.8,333.6,105395
2021-11-15T00:00:00Z,329,340,328.6,329,112225
2021-11-16T00:00:00Z,332,332,325,329.8,99059
2021-11-17T00:00:00Z,329,336.2,327.4,335.8,134934
2021-11-18T00:00:00Z,332.6,342.8,330.6,338.2,132056
2021-11-19T00:00:00Z,340.8,346.6,335.4,342.8,132251
2021-11-22T00:00:00Z,335.8,350,333.6,348.4,156577
2021-11-23T00:00:00Z,349,355.6,339,340.8,246924
2021-11-24T00:00:00Z,349.2,355.2,334,335.8,195453
2021-11-26T00:00:00Z,375.6,432.4,369.8,419.8,504004
2021-11-29T00:00:00Z,378.4,381.9,354,363,244921
2021-11-30T00:00:00Z,384.5,417.2,376.4,414,459720
2021-12-01T00:00:00Z,386.6,447.6,372.2,445.8,398235
2021-12-02T00:00:00Z,432.8,440.6,411.4,421,477034
2021-12-03T00:00:00Z,416.2,492.8,413.8,457.8,883504
2021-12-06T00:00:00Z,441.2,456.8,419.4,420.8,445575
2021-12-07T00:00:00Z,397.4,397.6,369.602,375.4,230906
2021-12-08T00:00:00Z,371.4,376.2,352,353.4,167128
2021-12-09T00:00:00Z,353.4,370,347.198,363.2,247513
2021-12-10T00:00:00Z,345.6,357,339,339.6,242115
2021-12-13T00:00:00Z,343.4,357.2,342.4,353.2,277116
2021-12-14T00:00:00Z,365.2,376.2,355.6,359.4,301415
2021-12-15T00:00:00Z,362.4,376.2,332.6,333.6,383042
2021-12-16T00:00:00Z,327.8,359.2,326.2,348,345990
2021-12-17T00:00:00Z,362.2,370,345.4,359.2,373664
2021-12-20T00:00:00Z,392.8,406.6,369.4,371.6,339775
2021-12-21T00:00:00Z,360.4,369,350.4,353.8,194587
2021-12-22T00:00:00Z,353.2,353.2,333.4,333.8,182153
2021-12-23T00:00:00Z,330.2,331.6,326,329.6,188583
2021-12-27T00:00:00Z,327,331.6,320.4,322,176305
2021-12-28T00:00:00Z,320,323.2,313.8,313.8,201559
2021-12-29T00:00:00Z,313.4,317,303,306,186841
2021-12-30T00:00:00Z,303.8,308.4,298.8,305.8,149399
2021-12-31T00:00:00Z,305,308.4,300.2,303.4,140915
2022-01-03T00:00:00Z,298.6,304.6,292.2,292.4,191865
2022-01-04T00:00:00Z,290.6,301,289.6,292.2,214730
2022-01-05T00:00:00Z,294.6,315.6,287.6,314.6,348223
2022-01-06T00:00:00Z,316.8,322,307.4,316.8,353862
2022-01-07T00:00:00Z,316.6,324.6,306,307.6,271426
2022-01-10T00:00:00Z,319.6,336.8,300.8,301.8,474258
2022-01-11T00:00:00Z,305.8,312.6,290.502,291.4,249097
2022-01-12T00:00:00Z,287.2,293.8,282.4,288.4,267915
2022-01-13T00:00:00Z,287.8,308.6,284.2,306.6,293818
2022-01-14T00:00:00Z,316.6,318.2,299.2,301.6,328806
2022-01-18T00:00:00Z,314.6,327.7,314,324.8,441945
2022-01-19T00:00:00Z,317.8,335.6,316.6,332.8,425386
2022-01-20T00:00:00Z,324.6,349.6,312,347,490431
2022-01-21T00:00:00Z,353.6,379.6,345.8,379.2,952389
2022-01-24T00:00:00Z,405,455,380.6,387.4,1751164
2022-01-25T00:00:00Z,414,429,378.6,390.6,1099241
2022-01-26T00:00:00Z,372.6,406.4,355.6,396.8,1280207
2022-01-27T00:00:00Z,376.8,410.6,370,400.2,831656
2022-01-28T00:00:00Z,392,409,373.2,374.6,709495
2022-01-31T00:00:00Z,379.4,382.4,349.6,349.6,487330
2022-02-01T00:00:00Z,343.4,353,323.4,323.8,372672
2022-02-02T00:00:00Z,321.8,330.4,315.4,317.4,413939
2022-02-03T00:00:00Z,337.2,359.1,328.2,355.6,497254
2022-02-04T00:00:00Z,351.4,362,332,343.2,445240
2022-02-07T00:00:00Z,335.4,338.9,326.4,334,313895
2022-02-08T00:00:00Z,330.8,336.2,317,318.6,327271
2022-02-09T00:00:00Z,309.4,312.8,305.8,306.4,310002
2022-02-10T00:00:00Z,322,342.6,307,334.8,710720
2022-02-11T00:00:00Z,334.2,390,331.8,379.2,925377
2022-02-14T00:00:00Z,381,405.02,376.2,379.2,763305
2022-02-15T00:00:00Z,354,363,348.6,349,463889
2022-02-16T00:00:00Z,355,361.6,334.286,335.4,482051
2022-02-17T00:00:00Z,355,377.3,353.4,374,587069
2022-02-18T00:00:00Z,378.4,393.2,372.45,383.8,570938
2022-02-22T00:00:00Z,388.8,402.1,373.8,381.8,643617
2022-02-23T00:00:00Z,371.2,404.8,370.2,403,517463
2022-02-24T00:00:00Z,448,448.4,388.2,390.4,792060
2022-02-25T00:00:00Z,387.6,395.2,369.6,374.4,503010
2022-02-28T00:00:00Z,403.2,407.8,384.8,393,398166
2022-03-01T00:00:00Z,402.6,440.6,397.2,435.2,523374
2022-03-02T00:00:00Z,429.6,432.6,403.4,408,346677
2022-03-03T00:00:00Z,403,421,397.6,410,343615
2022-03-04T00:00:00Z,432.8,446.2,425.4,427,378819
2022-03-07T00:00:00Z,429,466.264,429,464.8,326809
2022-03-08T00:00:00Z,461.2,479.4,436,460.2,449248
2022-03-09T00:00:00Z,436.2,444.6,429,441.4,305000
2022-03-10T00:00:00Z,447.8,449.6,421.8,422.2,228482
2022-03-11T00:00:00Z,409.4,431.8,408.4,430.2,240240
2022-03-14T00:00:00Z,428.2,457.4,415.8,444,472141
2022-03-15T00:00:00Z,438,444.4,420.4,429.4,655177
2022-03-16T00:00:00Z,412.4,419.6,385.2,385.2,566412
2022-03-17T00:00:00Z,386.2,390.6,374.6,379.2,358619
2022-03-18T00:00:00Z,386,389.8,359,361.4,409160
2022-03-21T00:00:00Z,361.4,370.7,348,357.6,432106
2022-03-22T00:00:00Z,351.6,354.8,347.8,351,301232
2022-03-23T00:00:00Z,360.8,361.4,349.2,350.4,370163
2022-03-24T00:00:00Z,349.4,354.4,339.8,342.4,310114
2022-03-25T00:00:00Z,340.6,349,332.2,332.6,328578
2022-03-28T00:00:00Z,336.6,350,327.4,327.6,347112
2022-03-29T00:00:00Z,319.8,320.4,310.6,312.4,426638
2022-03-30T00:00:00Z,315.2,326.1,309.7,315.8,416163
2022-03-31T00:00:00Z,318,333.6,316.8,331.4,440645
2022-04-01T00:00:00Z,327,333.598,319,320,421368
2022-04-04T00:00:00Z,317.4,319.9,302.8,302.8,290422
2022-04-05T00:00:00Z,307.6,329.8,304.8,328.4,480726
2022-04-06T00:00:00Z,340,354.8,333.6,336,922042
2022-04-07T00:00:00Z,338.4,345,324,326.2,510530
2022-04-08T00:00:00Z,330.8,334.4,317.7,326.2,430727
2022-04-11T00:00:00Z,333.4,345.1,329.8,344.8,420755
2022-04-12T00:00:00Z,336.8,349.2,328.6,348,658554
2022-04-13T00:00:00Z,349.2,350.2,322.9,324.6,379336
2022-04-14T00:00:00Z,319.4,333.2,314,332.4,452366
2022-04-18T00:00:00Z,335,335.6,324,327.8,427858
2022-04-19T00:00:00Z,327.2,328.5,307.8,311.6,445119
2022-04-20T00:00:00Z,306,311.9,301.6,304.4,553886
2022-04-21T00:00:00Z,298.8,332.2,297.6,326.4,802589
2022-04-22T00:00:00Z,327.4,369.8,325.4,367.2,1148848
2022-04-25T00:00:00Z,372,388.8,356.3,358.6,1348225
2022-04-26T00:00:00Z,364,398,364,396.2,968022
2022-04-27T00:00:00Z,397.8,405,380.558,404.4,818015
2022-04-28T00:00:00Z,383.6,394.4,366,383.4,630493
2022-04-29T00:00:00Z,389,415.2,376.9,412.6,912654
2022-05-02T00:00:00Z,415,435.4,404,407,777310
2022-05-03T00:00:00Z,400.4,404.8,381,382.4,909443
2022-05-04T00:00:00Z,377.4,383,344.6,347.4,1049637
2022-05-05T00:00:00Z,356.6,418,353.5,409,1581682
2022-05-06T00:00:00Z,415,438,402,403.6,1301254
2022-05-09T00:00:00Z,421.4,440,416.8,435.8,1184819
2022-05-10T00:00:00Z,414.8,438,412.6,421.4,702056
2022-05-11T00:00:00Z,422.8,427.4,400,417.6,932789
2022-05-12T00:00:00Z,425,434.4,408,410.2,812035
2022-05-13T00:00:00Z,395.6,399.7,383.6,383.6,504982
2022-05-16T00:00:00Z,381.4,384.5,367.4,367.8,451354
2022-05-17T00:00:00Z,357.4,366.2,354,358.8,392727
2022-05-18T00:00:00Z,367,413.6,364.6,411.4,628101
2022-05-19T00:00:00Z,418.4,420.8,383.2,384.8,652019
2022-05-20T00:00:00Z,372.4,414.8,370.9,386.6,833837
2022-05-23T00:00:00Z,379,391.998,374,380.6,442387
2022-05-24T00:00:00Z,389,400,379.7,382.4,609637
2022-05-25T00:00:00Z,388.6,388.9,369.8,373.8,390234
2022-05-26T00:00:00Z,369.8,371.8,365,369.8,307437
2022-05-27T00:00:00Z,360.8,364.2,355.2,355.8,346828
2022-05-31T00:00:00Z,363.4,371.2,347.6,349.8,380873
2022-06-01T00:00:00Z,345.4,365.742,341.8,347.4,489938
2022-06-02T00:00:00Z,348.6,350.8,334.4,340.2,368344
2022-06-03T00:00:00Z,346.8,351.4,341.4,343.4,392487
2022-06-06T00:00:00Z,337,344.6,334.7,339.4,336700
2022-06-07T00:00:00Z,347.4,348.4,329.5,330,260225
2022-06-08T00:00:00Z,334.4,337.6,328,330,270197
2022-06-09T00:00:00Z,336,347.4,330,346,377115
2022-06-10T00:00:00Z,359.6,374.6,356,366.8,739487
2022-06-13T00:00:00Z,393,421.3,391.6,416.2,744032
2022-06-14T00:00:00Z,412.6,418.8,399.2,403.6,596566
2022-06-15T00:00:00Z,393.2,394.938,366.6,379.6,746021
2022-06-16T00:00:00Z,399.2,414.8,395.998,403.8,776594
2022-06-17T00:00:00Z,402.4,409,387.6,392,488560
2022-06-21T00:00:00Z,376.8,385,370.2,384.2,395453
2022-06-22T00:00:00Z,390.8,392.2,368,369.2,460401
2022-06-23T00:00:00Z,366.4,378.4,365.6,369.2,495119
2022-06-24T00:00:00Z,361.8,362.9,356.4,361.6,304878
2022-06-27T00:00:00Z,359,363.2,349.4,350.4,379775
2022-06-28T00:00:00Z,346.4,363.9,343.2,360.6,460354
2022-06-29T00:00:00Z,363,370,357.4,361.6,351540
2022-06-30T00:00:00Z,369.2,379.6,362.1,365,466434
2022-07-01T00:00:00Z,368.6,375.2,354.2,355.6,354558
2022-07-05T00:00:00Z,368.6,376,354.3,355.4,427400
2022-07-06T00:00:00Z,356.2,361.6,347.8,349.6,270261
2022-07-07T00:00:00Z,347.4,348,340.602,345.8,230966
2022-07-08T00:00:00Z,347,347,335.9,338.6,278113
2022-07-11T00:00:00Z,344,350.7,341.7,348.2,261015
2022-07-12T00:00:00Z,348.8,355.2,341,351.6,267949
2022-07-13T00:00:00Z,360.4,361.6,342.8,346.2,370905
2022-07-14T00:00:00Z,357,362.6,345.8,346.8,383614
2022-07-15T00:00:00Z,339.2,341.7,328.6,329.2,377487
2022-07-18T00:00:00Z,327.2,341.598,324.4,338.8,371168
2022-07-19T00:00:00Z,332,334.4,327.2,334,407321
2022-07-20T00:00:00Z,331.2,333.598,324.4,326.6,476748
2022-07-21T00:00:00Z,325.4,330.3,318,318.2,434988
2022-07-22T00:00:00Z,318,326,314.8,316.6,428043
2022-07-25T00:00:00Z,315.6,318,310,312.6,446650
2022-07-26T00:00:00Z,316.2,325.2,315.2,319.8,354035
2022-07-27T00:00:00Z,313,313.5,303.6,310,430912
2022-07-28T00:00:00Z,306,310,293.8,294,447017
2022-07-29T00:00:00Z,293.2,296,289.4,291.2,286985
2022-08-01T00:00:00Z,296.2,302.4,292,301.4,378722
2022-08-02T00:00:00Z,305.2,310.8,294.2,304.4,482240
2022-08-03T00:00:00Z,298.6,299.374,287.6,289.2,313998
2022-08-04T00:00:00Z,291.6,296.8,289.5,290.2,297953
2022-08-05T00:00:00Z,296.4,296.4,282.42,282.8,326512
2022-08-08T00:00:00Z,283.2,289.4,276,284.4,459138
2022-08-09T00:00:00Z,288.2,290.7,283.8,286.4,264787
2022-08-10T00:00:00Z,276,277.7,268.8,270,358564
2022-08-11T00:00:00Z,268.8,277.6,267.2,272.2,543286
2022-08-12T00:00:00Z,270,271.4,262.8,268.8,335571
2022-08-15T00:00:00Z,272.6,272.8,262.8,264.6,257892
2022-08-16T00:00:00Z,265.4,269.4,263.3,266.6,439778
2022-08-17T00:00:00Z,269.6,272.4,262,265.4,580606
2022-08-18T00:00:00Z,265.4,267.9,260.6,261.2,299661
2022-08-19T00:00:00Z,267,279.1,265.7,274.2,605700
2022-08-22T00:00:00Z,286,293.4,282.8,292,555690
2022-08-23T00:00:00Z,290.6,292.3,282,287,415266
2022-08-24T00:00:00Z,285.2,286.2,275.8,277.6,292105
2022-08-25T00:00:00Z,274.6,277.4,267.7,268.2,288592
2022-08-26T00:00:00Z,270.6,296.5,267.6,295.4,737538
2022-08-29T00:00:00Z,299.4,300.8,289.608,292.6,621761
2022-08-30T00:00:00Z,290.6,303.2,289.8,297.6,634905
2022-08-31T00:00:00Z,291.4,296.4,287.3,291.8,402342
2022-09-01T00:00:00Z,297,304.8,288.6,289.6,650534
2022-09-02T00:00:00Z,279.4,297,275.6,292.2,614487
2022-09-06T00:00:00Z,286.2,300,285,298.4,518003
2022-09-07T00:00:00Z,300,300,281.4,282.4,678901
2022-09-08T00:00:00Z,287.2,289.6,277,278,622608
2022-09-09T00:00:00Z,273.2,275.3,270.322,275.2,359296
2022-09-12T00:00:00Z,270,277.4,267.7,273.8,584044
2022-09-13T00:00:00Z,286.2,302.4,282,297.6,1210733
2022-09-14T00:00:00Z,297.2,302.6,293.602,297,797817
2022-09-15T00:00:00Z,298,299.2,289.2,296.4,732879
2022-09-16T00:00:00Z,304,311.2,294.3,296.4,639452
2022-09-19T00:00:00Z,301,301.6,284.8,287,784821
2022-09-20T00:00:00Z,293.4,300.4,290.64,296.6,696057
2022-09-21T00:00:00Z,292.6,306.2,286.3,306.2,800925
2022-09-22T00:00:00Z,303.2,310.8,299,304.4,522714
2022-09-23T00:00:00Z,311.8,337.5,311,323,1289709
2022-09-26T00:00:00Z,330.2,337.3,317.2,334.2,915233
2022-09-27T00:00:00Z,325.8,347.8,323.8,339.2,899913
2022-09-28T00:00:00Z,336.6,342.6,321.2,325.2,521101
2022-09-29T00:00:00Z,333.8,348.8,333.8,334.4,734552
2022-09-30T00:00:00Z,337.4,343,324.5,342,531510
2022-10-03T00:00:00Z,331.6,335,320.4,326.2,477527
2022-10-04T00:00:00Z,313.2,318.8,311.6,314.4,479413
2022-10-05T00:00:00Z,319.8,327,314.2,316.8,470704
2022-10-06T00:00:00Z,314.4,327.8,312.5,326,523758
2022-10-07T00:00:00Z,330.6,342.2,329.4,339.4,596599
2022-10-10T00:00:00Z,341.4,356.2,340.8,347.6,559251
2022-10-11T00:00:00Z,349.6,357.9,341.6,353,641465
2022-10-12T00:00:00Z,351.6,353.9,345.6,349.8,425516
2022-10-13T00:00:00Z,355.4,355.6,336.6,339.8,732683
2022-10-14T00:00:00Z,332.6,353.574,330.8,346.8,683866
2022-10-17T00:00:00Z,336.4,339.1,330.9,338,385894
2022-10-18T00:00:00Z,331,340.3,329.6,331.4,371589
2022-10-19T00:00:00Z,334,339.5,329.4,333.8,382025
2022-10-20T00:00:00Z,332,334.6,322.9,329.6,401498
2022-10-21T00:00:00Z,327.8,330,321.432,328.4,552292
2022-10-24T00:00:00Z,324.8,333.202,322.4,323.2,412153
2022-10-25T00:00:00Z,323.6,324.59,309.602,310.4,381152
2022-10-26T00:00:00Z,313.2,313.232,301.8,303.2,396537
2022-10-27T00:00:00Z,301.6,303.4,295.798,297.2,287754
2022-10-28T00:00:00Z,297.4,297.7,288.2,290.2,369724
2022-10-31T00:00:00Z,292.8,292.8,285.4,285.8,292989
2022-11-01T00:00:00Z,282.7,287.8,282.4,283,330555
2022-11-02T00:00:00Z,285.4,292,280.4,290.6,488837
2022-11-03T00:00:00Z,294.8,298,281.8,284.2,446274
2022-11-04T00:00:00Z,278.2,287,272.8,280.8,327542
2022-11-07T00:00:00Z,280,281.8,275,278.2,168518
2022-11-08T00:00:00Z,275.2,288.6,275,285.6,209694
2022-11-09T00:00:00Z,286,296.798,286,294.2,290267
2022-11-10T00:00:00Z,277.8,280.6,272.1,278.2,362758
2022-11-11T00:00:00Z,280.6,282.6,274.402,275,259305
2022-11-14T00:00:00Z,275.4,276,267.594,274.8,248889
2022-11-15T00:00:00Z,268.2,286.4,267.998,278,508369
2022-11-16T00:00:00Z,275,276.4,270.4,270.8,265299
2022-11-17T00:00:00Z,277.6,277.8,267.8,268.4,213982
2022-11-18T00:00:00Z,265.6,271.2,265,265.6,209907
2022-11-21T00:00:00Z,266.2,266.598,257.8,258.6,221226
2022-11-22T00:00:00Z,256.2,256.3,248.894,249.6,203310
2022-11-23T00:00:00Z,249.6,250.9,243.6,244.2,252124
2022-11-25T00:00:00Z,246.8,247,244,245.2,145618
2022-11-28T00:00:00Z,250.4,256.416,247.114,254.2,240189
2022-11-29T00:00:00Z,253,256,249.4,250.8,195618
2022-11-30T00:00:00Z,250.8,254.986,239.2,241.2,395879
2022-12-01T00:00:00Z,240.2,245.4,236.4,237.2,368710
2022-12-02T00:00:00Z,242.2,242.2,232,232.4,307033
2022-12-05T00:00:00Z,235.6,241.2,231.8,237,340004
2022-12-06T00:00:00Z,235.38,245.6,232.8,243.6,264391
2022-12-07T00:00:00Z,245.2,249.1,243,247,301277
2022-12-08T00:00:00Z,246.4,249.276,240.4,242.2,154929
2022-12-09T00:00:00Z,243.2,248.2,241.2,247.8,218032
2022-12-12T00:00:00Z,247,248.6,243.49,246.2,201228
2022-12-13T00:00:00Z,232.2,244.6,231.2,236,390045
2022-12-14T00:00:00Z,234.6,237.9,226.4,227.2,480729
2022-12-15T00:00:00Z,231.8,247,230.2,241.8,503834
2022-12-16T00:00:00Z,247,250.2,239.6,243.2,419545
2022-12-19T00:00:00Z,241.4,241.6,232.8,236.8,361086
2022-12-20T00:00:00Z,237.4,241.4,232.1,234.8,406656
2022-12-21T00:00:00Z,229.2,230.33,224.8,226.4,273387
2022-12-22T00:00:00Z,227.6,249,226.7,238.2,560950
2022-12-23T00:00:00Z,238.2,240.2,230.09,231.6,256074
2022-12-27T00:00:00Z,232.2,236.4,230.11,231.8,260888
2022-12-28T00:00:00Z,229.2,232.3,225.4,231.6,249842
2022-12-29T00:00:00Z,227.4,228.6,225.2,228.6,153911
2022-12-30T00:00:00Z,231,233.2,227.6,227.6,185595
2023-01-03T00:00:00Z,226,234.2,224.2,226.6,236260
2023-01-04T00:00:00Z,224.2,226.006,219.4,219.8,190225
2023-01-05T00:00:00Z,222.2,225.2,220.2,221.6,184384
2023-01-06T00:00:00Z,217.4,220,213.1,216.4,205256
2023-01-09T00:00:00Z,215.2,219.8,213.2,217.6,159230
2023-01-10T00:00:00Z,218.2,218.726,207.874,208.4,188146
2023-01-11T00:00:00Z,207.2,210.4,206.8,209.6,141578
2023-01-12T00:00:00Z,205,208.2,198.7,199.2,254376
2023-01-13T00:00:00Z,200,200.4,192.2,194.4,414603
2023-01-17T00:00:00Z,197.4,199,193.89,196,259417
2023-01-18T00:00:00Z,193.2,204.2,192.4,202.6,423082
2023-01-19T00:00:00Z,208,210.4,200.8,203.6,328338
2023-01-20T00:00:00Z,202.6,204.4,195.4,196.6,319552
2023-01-23T00:00:00Z,196.6,197.7,193.8,194.6,262771
2023-01-24T00:00:00Z,195.8,196.3,186.6,187.8,235794
2023-01-25T00:00:00Z,193,199.2,186.9,187.5,303378
2023-01-26T00:00:00Z,185.2,189.2,184,185.2,410429
2023-01-27T00:00:00Z,185.4,185.6,178.4,182,490985
2023-01-30T00:00:00Z,186.2,190.2,185.002,187.2,291759
2023-01-31T00:00:00Z,187,188,181.2,183,239562
2023-02-01T00:00:00Z,182.6,186.8,174.9,176.6,441298
2023-02-02T00:00:00Z,173,186,171.7,181,513476
2023-02-03T00:00:00Z,186.2,188.8,180.6,182.2,352155
2023-02-06T00:00:00Z,184.6,187.978,183.266,187,246385
2023-02-07T00:00:00Z,188.2,188.8,179.6,181.2,309721
2023-02-08T00:00:00Z,183.6,191.5,180.7,188.6,279075
2023-02-09T00:00:00Z,184.8,194.8,183,193.8,263473
2023-02-10T00:00:00Z,197.4,201.4,194.8,196.4,292485
2023-02-13T00:00:00Z,192.8,194.2,188.4,189.4,220592
2023-02-14T00:00:00Z,186.4,189.1,180,182.2,333582
2023-02-15T00:00:00Z,182.8,183.4,178.2,178.6,236384
2023-02-16T00:00:00Z,183.8,188.3,179.8,188,419041
2023-02-17T00:00:00Z,191.6,195.8,188,189,382938
2023-02-21T00:00:00Z,197.42,204.2,194.676,203.4,494037
2023-02-22T00:00:00Z,203.4,205.81,195.8,197,382525
2023-02-23T00:00:00Z,192.4,198.84,189,190.4,339670
2023-02-24T00:00:00Z,197,202.5,196,197.6,512382
2023-02-27T00:00:00Z,192.6,192.6,188.4,190.6,213024
2023-02-28T00:00:00Z,189.6,190,184.074,186.4,179872
2023-03-01T00:00:00Z,187.4,192.2,184.2,187.6,262625
2023-03-02T00:00:00Z,191.4,191.6,180.802,181,271754
2023-03-03T00:00:00Z,179.2,179.9,175,175.2,272673
2023-03-06T00:00:00Z,174.4,175,172,173.4,195969
2023-03-07T00:00:00Z,173,178,170.2,177,277768
2023-03-08T00:00:00Z,177.8,178.2,172.8,173.4,222906
2023-03-09T00:00:00Z,172,192.8,170.9,192.2,553652
2023-03-10T00:00:00Z,193.4,232.4,193,212.4,1572138
2023-03-13T00:00:00Z,234.8,240.2,214.7,219,1391293
2023-03-14T00:00:00Z,203.8,214.4,195.3,206.8,521596
2023-03-15T00:00:00Z,225.4,243.2,218.296,222.4,1560004
2023-03-16T00:00:00Z,229.8,231.4,202.5,203.2,818053
2023-03-17T00:00:00Z,209.6,228.4,206,224.6,1209097
2023-03-20T00:00:00Z,225.8,228.8,213.8,215.2,581853
2023-03-21T00:00:00Z,204.4,204.4,194.8,195.4,423344
2023-03-22T00:00:00Z,195,203.6,188.6,202.8,566977
2023-03-23T00:00:00Z,196.8,212,189.8,209,562277
2023-03-24T00:00:00Z,214.4,223.6,200,200.2,579374
2023-03-27T00:00:00Z,195.8,199,191.5,192.4,288084
2023-03-28T00:00:00Z,192.8,194.3,187.6,188,259016
2023-03-29T00:00:00Z,182.6,184.918,180.4,181.8,236687
2023-03-30T00:00:00Z,180.8,187.7,180,181.6,236510
2023-03-31T00:00:00Z,180.8,181.6,178.08,181,245958
2023-04-03T00:00:00Z,180.6,184,176,176.2,251641
2023-04-04T00:00:00Z,177.8,184.6,177,179.4,406041
2023-04-05T00:00:00Z,180.8,184.2,177.6,178.2,306091
2023-04-06T00:00:00Z,179.4,181.2,173.4,175,231642
2023-04-10T00:00:00Z,176.8,177.8,172.2,173.2,204678
2023-04-11T00:00:00Z,171.5,172.6,169,171.8,176612
2023-04-12T00:00:00Z,168,173.9,167.5,172,426500
2023-04-13T00:00:00Z,169,169.5,165.4,166.2,315667
2023-04-14T00:00:00Z,167,168.4,163.2,163.6,251819
2023-04-17T00:00:00Z,162.4,162.796,158,159,371904
2023-04-18T00:00:00Z,158.4,160.2,156.2,157.6,247851
2023-04-19T00:00:00Z,158.6,159.4,155.516,157.4,279319
2023-04-20T00:00:00Z,160.6,162,156.644,160.8,286160
2023-04-21T00:00:00Z,159.6,162.206,157.2,157.8,312425
2023-04-24T00:00:00Z,158.2,159.8,156.6,157.4,329125
2023-04-25T00:00:00Z,159.2,171,157.8,170,838868
2023-04-26T00:00:00Z,167.4,168.802,161,165.6,501975
2023-04-27T00:00:00Z,159.8,160.3,156.4,158.4,329890
2023-04-28T00:00:00Z,157.4,157.6,151.6,151.6,387857
2023-05-01T00:00:00Z,150.8,151.198,146,149.7,339566
2023-05-02T00:00:00Z,152.6,166.606,152.2,156.6,897611
2023-05-03T00:00:00Z,157.6,161.4,153,161,715361
2023-05-04T00:00:00Z,164.8,173.6,163,169,687784
2023-05-05T00:00:00Z,162.2,162.6,154.99,156,311809
2023-05-08T00:00:00Z,154.8,157.2,153,153.4,207641
2023-05-09T00:00:00Z,156,157.4,154.6,156.6,246561
2023-05-10T00:00:00Z,152,158.806,150,152,448748
2023-05-11T00:00:00Z,154,157.4,150.2,150.6,363538
2023-05-12T00:00:00Z,149.2,154.4,148.086,150.4,584884
2023-05-15T00:00:00Z,149.4,151.2,146.6,147,292027
2023-05-16T00:00:00Z,148.2,151.2,146.8,150.8,309607
2023-05-17T00:00:00Z,147.4,149.2,145.4,145.8,350559
2023-05-18T00:00:00Z,145.4,146.1,139.8,140,332475
2023-05-19T00:00:00Z,139.2,146.9,138.282,143.8,532125
2023-05-22T00:00:00Z,144,147.2,141.6,144.2,355447
2023-05-23T00:00:00Z,145.6,148.8,142.314,146.4,622342
2023-05-24T00:00:00Z,150.4,154,150,152.6,477844
2023-05-25T00:00:00Z,148.2,151.6,147.4,148.8,377063
2023-05-26T00:00:00Z,145.4,145.7,139.398,143,293468
2023-05-30T00:00:00Z,137.6,144,136.9,139.2,428414
2023-05-31T00:00:00Z,140.4,142.4,137,138,263651
2023-06-01T00:00:00Z,136,136.8,130.2,130.4,458192
2023-06-02T00:00:00Z,127,128.2,123.9,125.2,490395
2023-06-05T00:00:00Z,125.2,125.8,122.4,122.6,336701
2023-06-06T00:00:00Z,121.8,122.5,115.2,115.2,639675
2023-06-07T00:00:00Z,116.2,118,115.4,116,696430
2023-06-08T00:00:00Z,116.4,117,112,112.8,428080
2023-06-09T00:00:00Z,112.6,115.4,112.2,114,455405
2023-06-12T00:00:00Z,114.4,116,113.6,114.4,306102
2023-06-13T00:00:00Z,112.6,114.71,112.198,113.8,388572
2023-06-14T00:00:00Z,113.6,113.9,110.4,110.6,478156
2023-06-15T00:00:00Z,109.8,113.8,109.4,113.8,344893
2023-06-16T00:00:00Z,113.6,114.2,109.2,109.2,409258
2023-06-20T00:00:00Z,110.6,112.2,109.6,109.6,419919
2023-06-21T00:00:00Z,108.2,109.4,107,107.2,448099
2023-06-22T00:00:00Z,108.6,108.9,104.2,105,328310
2023-06-23T00:00:00Z,107.36,108.68,104.68,106.24,785370
2023-06-26T00:00:00Z,106.6,106.6,103.7216,105.84,498092
2023-06-27T00:00:00Z,105.06,105.12,101.2,103.24,405760
2023-06-28T00:00:00Z,102.44,102.64,99.4,99.4,379951
2023-06-29T00:00:00Z,100.04,102.2,99.84,101.68,444038
2023-06-30T00:00:00Z,100.36,101,98.9,99.84,333312
2023-07-03T00:00:00Z,99.4,100.6,99.04,99.04,144025
2023-07-05T00:00:00Z,100.88,101.24,99.52,100.96,376465
2023-07-06T00:00:00Z,105.72,115.84,105.36,106.28,1633895
2023-07-07T00:00:00Z,107.52,107.68,102.24,103.88,760671
2023-07-10T00:00:00Z,104.16,105.32,102.72,103.04,656392
2023-07-11T00:00:00Z,100.96,103.8,100.44,102.2,751049
2023-07-12T00:00:00Z,98.56,98.88,96.2,96.48,826790
2023-07-13T00:00:00Z,94.68,97.16,93.92,97.12,508502
2023-07-14T00:00:00Z,97.08,98.32,95.2332,95.96,573741
2023-07-17T00:00:00Z,96.2,96.2,93.88,95.76,484203
2023-07-18T00:00:00Z,95.36,95.72,93.68,94.24,641730
2023-07-19T00:00:00Z,93.24,96.76,93.08,96.32,751386
2023-07-20T00:00:00Z,96.96,97.84,94.92,96.16,779725
2023-07-21T00:00:00Z,94.92,95.56,93.16,94.92,896113
2023-07-24T00:00:00Z,94.72,94.86,92.52,93.36,695245
2023-07-25T00:00:00Z,93.44,93.7,91.48,93.24,645132
2023-07-26T00:00:00Z,94.32,94.32,90.56,90.84,975169
2023-07-27T00:00:00Z,89,97.4,88.96,95.52,2035123
2023-07-28T00:00:00Z,91.84,94.12,90.64,91.6,1129295
2023-07-31T00:00:00Z,91.44,92.52,90.48,90.68,542027
2023-08-01T00:00:00Z,93.08,93.76,91.8,91.88,708419
2023-08-02T00:00:00Z,97.68,102.76,97.36,100.52,1777609
2023-08-03T00:00:00Z,103.76,105.36,98.52,99.96,1455711
2023-08-04T00:00:00Z,96.48,104.2,94.64,103.44,1510308
2023-08-07T00:00:00Z,101.08,102.08,97.88,98,1435533
2023-08-08T00:00:00Z,102.2,109,99.68,100.16,2311056
2023-08-09T00:00:00Z,98.92,103.1,96.78,99.12,2112393
2023-08-10T00:00:00Z,95.68,102.32,93.56,99.48,2710659
2023-08-11T00:00:00Z,101.2,101.8,95.18,95.56,1845571
2023-08-14T00:00:00Z,97,98.48,93.56,93.92,1067929
2023-08-15T00:00:00Z,95.44,100.16,95.28,99.32,1620758
2023-08-16T00:00:00Z,99.24,101.08,96.32,100.92,1459931
2023-08-17T00:00:00Z,99.48,105.8,98.84,105.8,1642444
2023-08-18T00:00:00Z,109,109.44,102.1196,103.12,1846621
2023-08-21T00:00:00Z,101.76,103.76,99.84,100.44,1017122
2023-08-22T00:00:00Z,98.16,102.48,98.16,100.84,824261
2023-08-23T00:00:00Z,99.6,99.76,97.076,97.48,678737
2023-08-24T00:00:00Z,96,101.64,95.4496,101.2,1070932
2023-08-25T00:00:00Z,100.04,102.48,95.98,96.8,1454770
2023-08-28T00:00:00Z,95,95.4,92.94,93.12,716751
2023-08-29T00:00:00Z,92.84,92.96,89.88,90.68,847717
2023-08-30T00:00:00Z,89.76,90.48,87.48,87.6,733750
2023-08-31T00:00:00Z,87.8,87.84,85.56,86.08,580280
2023-09-01T00:00:00Z,84.48,85.6,83.96,84.88,716581
2023-09-05T00:00:00Z,85.2,86.58,84.12,85.76,547645
2023-09-06T00:00:00Z,85.8,88.92,85.44,87.12,748866
2023-09-07T00:00:00Z,89.84,90.76,86.36,86.96,703559
2023-09-08T00:00:00Z,86.68,86.68,83.8,85.24,772854
2023-09-11T00:00:00Z,83.6,84.84,82.7328,83.04,665591
2023-09-12T00:00:00Z,84.04,84.4,82.2,83.68,654041
2023-09-13T00:00:00Z,82.92,83.24,81.56,82.2,656291
2023-09-14T00:00:00Z,80.88,81.2,79.48,79.68,637378
2023-09-15T00:00:00Z,80.12,82.96,79.32,82.72,1096367
2023-09-18T00:00:00Z,83.68,84.32,80.8128,82.16,909836
2023-09-19T00:00:00Z,82.16,84.08,81.12,81.6,1031275
2023-09-20T00:00:00Z,80.28,84.96,79.74,84.64,1153539
2023-09-21T00:00:00Z,88.68,91.48,86.7996,91.4,1537839
2023-09-22T00:00:00Z,90.92,91.92,88.24,91.6,1034614
2023-09-25T00:00:00Z,94.12,95.1016,91.08,91.4,1151197
2023-09-26T00:00:00Z,93.68,100.68,92.6,100.68,1349001
2023-09-27T00:00:00Z,97.24,101.72,95.8,95.84,1444967
2023-09-28T00:00:00Z,95.96,97.08,90.7236,91.6,1313965
2023-09-29T00:00:00Z,87.96,93.4,87.4,93.2,1221423
2023-10-02T00:00:00Z,93.52,95.52,90.96,93.52,1197064
2023-10-03T00:00:00Z,96.2,103.8,94.52,102.24,1747838
2023-10-04T00:00:00Z,100.52,101.92,96.72,97.02,1367103
2023-10-05T00:00:00Z,97.16,101.48,95.76,95.88,1208914
2023-10-06T00:00:00Z,98.88,101.1,92.56,94.48,1573969
2023-10-09T00:00:00Z,98,99.0404,93.2,93.24,795851
2023-10-10T00:00:00Z,92.04,92.28,88.88,90.12,959449
2023-10-11T00:00:00Z,88.96,93.12,87.88,88.52,1025644
2023-10-12T00:00:00Z,87.4,94,85.64,90.48,1600252
2023-10-13T00:00:00Z,90,103.52,89.52,101.48,2283226
2023-10-16T00:00:00Z,97.24,97.6,91.32,91.64,1630220
2023-10-17T00:00:00Z,95.08,96,90.1204,94.16,919443
2023-10-18T00:00:00Z,96.16,101.3,95.56,99.92,1895477
2023-10-19T00:00:00Z,98.52,105.44,97.12,104.92,2073110
2023-10-20T00:00:00Z,105.12,107.68,102.72,105.76,1498769
2023-10-23T00:00:00Z,107.68,109.32,98.68,102.04,1244969
2023-10-24T00:00:00Z,99.36,102.08,97.12,97.64,833951
2023-10-25T00:00:00Z,98,106.12,97.92,103.8,1213925
2023-10-26T00:00:00Z,104.0192,107.8,102.22,104.76,1339979
2023-10-27T00:00:00Z,102.56,108.8,101.36,108.16,1415504
2023-10-30T00:00:00Z,104.04,104.24,99.96,100.28,854938
2023-10-31T00:00:00Z,99.48,100.56,93.56,93.68,687134
2023-11-01T00:00:00Z,93,93,89.24,89.6,941915
2023-11-02T00:00:00Z,87.64,89.08,86.52,86.64,589174
2023-11-03T00:00:00Z,85.24,85.68,84,84.6,510557
2023-11-06T00:00:00Z,83.6,84.22,81.72,81.8,710640
2023-11-07T00:00:00Z,81.68,82.448,80.88,81.36,737302
2023-11-08T00:00:00Z,80.4,82.3628,79.54,79.92,758559
2023-11-09T00:00:00Z,79.08,83.76,78.88,83.08,1227793
2023-11-10T00:00:00Z,81.64,81.68,78.88,79.52,1107367
2023-11-13T00:00:00Z,80.08,80.56,77.96,78.92,861378
2023-11-14T00:00:00Z,75.96,78.26,75.72,78.12,836341
2023-11-15T00:00:00Z,76.96,77.44,76.16,76.4,702779
2023-11-16T00:00:00Z,76.44,76.8,75.16,75.24,806375
2023-11-17T00:00:00Z,74.96,75.56,73.8412,74.12,553777
2023-11-20T00:00:00Z,73.76,73.8,72.7604,73.56,582891
2023-11-21T00:00:00Z,73.88,73.88,71.8128,72,660402
2023-11-22T00:00:00Z,71.2,73.36,70.98,72.68,744961
2023-11-24T00:00:00Z,72.2,72.4,69.28,69.56,329062
2023-11-27T00:00:00Z,70.12,70.2,69.56,69.96,478127
2023-11-28T00:00:00Z,69.8,70.28,68.68,69.12,581995
2023-11-29T00:00:00Z,68.4,70.4,68.36,70.16,705422
2023-11-30T00:00:00Z,69.68,70.56,68.84,69.04,662224
2023-12-01T00:00:00Z,68.8,69,67.88,68.6,650296
2023-12-04T00:00:00Z,69.82,71.12,68.84,69,772785
2023-12-05T00:00:00Z,69.28,69.36,68.36,68.36,528438
2023-12-06T00:00:00Z,67.64,69.26,67.36,68.8,500468
2023-12-07T00:00:00Z,68.6,69.24,68.36,68.8,347274
2023-12-08T00:00:00Z,68.36,68.36,66.72,66.8,564383
2023-12-11T00:00:00Z,66.68,66.8,65.24,65.36,375649
2023-12-12T00:00:00Z,64.52,64.8,63.04,63.52,705754
2023-12-13T00:00:00Z,63.2,64.08,62.36,62.68,843947
2023-12-14T00:00:00Z,62.04,64.2716,61.96,62.44,889776
2023-12-15T00:00:00Z,62.64,64.68,62.36,64.4,876846
2023-12-18T00:00:00Z,64.36,64.8,64.16,64.56,514661
2023-12-19T00:00:00Z,64.98,65.6828,64.62,65.56,481902
2023-12-20T00:00:00Z,65.36,70.38,64.84,69.6,1478725
2023-12-21T00:00:00Z,68.48,70.12,67.3604,67.88,1329888
2023-12-22T00:00:00Z,67.6,69.12,66.2428,66.32,819440
2023-12-26T00:00:00Z,66.16,66.4844,64.44,64.5,383779
2023-12-27T00:00:00Z,64.04,64.08,61.84,61.9,726747
2023-12-28T00:00:00Z,61.68,62.6,61.48,61.8,637988
2023-12-29T00:00:00Z,61.64,63.42,61.4,62.04,940981
2024-01-02T00:00:00Z,63.6,64.66,61.52,62.04,1430869
2024-01-03T00:00:00Z,63.08,65.16,62.12,64.2,1473800
2024-01-04T00:00:00Z,64.28,64.4,62.82,64.12,779156
2024-01-05T00:00:00Z,63.5,63.6,61.44,62,1031977
2024-01-08T00:00:00Z,62,62.24,59.8,60.48,644984
2024-01-09T00:00:00Z,61.24,61.24,59,59.16,682916
2024-01-10T00:00:00Z,58.76,59,58.24,58.56,549100
2024-01-11T00:00:00Z,57.64,60.3204,57.56,58.32,1164913
2024-01-12T00:00:00Z,58,59.4,57.92,59.24,1004346
2024-01-16T00:00:00Z,60.72,62.512,59.88,61.2,1278893
2024-01-17T00:00:00Z,63.2,64.96,62.0064,63.52,1395525
2024-01-18T00:00:00Z,61.92,63.36,61.0532,61.2,707941
2024-01-19T00:00:00Z,60.12,60.48,59.28,59.76,842590
2024-01-22T00:00:00Z,59,59.42,57.56,57.68,638459
2024-01-23T00:00:00Z,57.12,57.16,56.064,56.2,524634
2024-01-24T00:00:00Z,55.6,57.68,55.52,57.68,990318
2024-01-25T00:00:00Z,57.36,58.42,57.12,58.36,643933
2024-01-26T00:00:00Z,58.08,58.56,57.12,57.72,565335
2024-01-29T00:00:00Z,57.96,58.92,57.72,58.44,610649
2024-01-30T00:00:00Z,57.96,58.04,57.2,57.36,566574
2024-01-31T00:00:00Z,57.6,60.8,57.32,60.32,2035295
2024-02-01T00:00:00Z,59.48,60.88,58.6,59.76,1014627
2024-02-02T00:00:00Z,59.48,60.16,58.6,59.6,793699
2024-02-05T00:00:00Z,59.16,60.4,57.22,57.48,712134
2024-02-06T00:00:00Z,56.8,57.48,55.88,56.04,580300
2024-02-07T00:00:00Z,55.48,56.24,55.36,55.76,593545
2024-02-08T00:00:00Z,55.6,56.44,55.28,55.48,432030
2024-02-09T00:00:00Z,55.2,56.04,54.76,56,611819
2024-02-12T00:00:00Z,55.52,57.66,55.36,57,1014342
2024-02-13T00:00:00Z,58.96,64.96,58.4,61.2,2642386
2024-02-14T00:00:00Z,58.68,59.9952,57.64,57.88,1738815
2024-02-15T00:00:00Z,57.24,58.6004,56.98,57.4,916892
2024-02-16T00:00:00Z,57.8,58.28,56.24,57.32,1229355
2024-02-20T00:00:00Z,58.2,60.7,57.92,59.04,1269799
2024-02-21T00:00:00Z,59.52,60.08,58.54,58.8,988348
2024-02-22T00:00:00Z,56.44,57.66,55.72,57.6,1237226
2024-02-23T00:00:00Z,56.6,56.98,55.32,55.36,698016
2024-02-26T00:00:00Z,55.08,55.12,54.6004,54.8,514163
2024-02-27T00:00:00Z,54.36,54.48,53.76,53.88,446322
2024-02-28T00:00:00Z,54.36,55.12,54.08,54.72,786478
2024-02-29T00:00:00Z,53.84,55.2,53.72,53.96,834766
2024-03-01T00:00:00Z,53.4884,54.4016,53.1196,54.08,976470
2024-03-04T00:00:00Z,53.8,54.32,53.7,54.04,441370
2024-03-05T00:00:00Z,54.56,57.876,54.4404,56.2,1810529
2024-03-06T00:00:00Z,54.84,56.88,54.6,56.48,1418083
2024-03-07T00:00:00Z,55.22,56.84,55.16,56.08,868383
2024-03-08T00:00:00Z,55.36,59.5156,54.96,57.6,1682059
2024-03-11T00:00:00Z,58.12,59.12,56.52,57.04,1440820
2024-03-12T00:00:00Z,55.72,56.4,54.104,54.2,1307819
2024-03-13T00:00:00Z,54.04,54.44,53.64,53.84,632030
2024-03-14T00:00:00Z,53.6,57.5,53.28,55.32,1654337
2024-03-15T00:00:00Z,56.16,58.56,55.64,56.32,1688183
2024-03-18T00:00:00Z,55.68,55.68,54.68,55.12,1022236
2024-03-19T00:00:00Z,55.2,55.52,53.6,53.68,1130227
2024-03-20T00:00:00Z,53.72,53.96,52.2552,52.28,1867961
2024-03-21T00:00:00Z,51.76,52.68,51.54,52,949457
2024-03-22T00:00:00Z,52.24,52.52,51.4,52.28,720316
2024-03-25T00:00:00Z,52.32,52.3204,51.44,51.92,642458
2024-03-26T00:00:00Z,51.48,51.76,50.88,51.72,730471
2024-03-27T00:00:00Z,51.04,52,50.72,50.72,741481
2024-03-28T00:00:00Z,50.92,51.84,50.64,51.84,927092
2024-04-01T00:00:00Z,51.68,53,51.38,52.12,1071462
2024-04-02T00:00:00Z,53.96,55.44,53.48,53.52,2162756
2024-04-03T00:00:00Z,54.28,54.6,52.6,53.28,1068770
2024-04-04T00:00:00Z,52.36,57.28,51.84,55.68,2441262
2024-04-05T00:00:00Z,56.36,57.4,54.84,56.76,2026613
2024-04-08T00:00:00Z,55.72,56.12,54.08,54.48,1101283
2024-04-09T00:00:00Z,54.24,56.52,53.8796,54.24,1708020
2024-04-10T00:00:00Z,55.64,57.2,54.92,55.08,2517031
2024-04-11T00:00:00Z,55.28,57.44,53.88,54.04,1567040
2024-04-12T00:00:00Z,56.68,61.6,56.58,58.8,3235600
2024-04-15T00:00:00Z,57.04,62.36,56.4,62.12,3531460
2024-04-16T00:00:00Z,61.8,62.28,58.92,60.04,2889612
2024-04-17T00:00:00Z,59.8,62.08,58.48,59.48,1910412
2024-04-18T00:00:00Z,58.72,60.72,57.9372,60,1639803
2024-04-19T00:00:00Z,60.2,62.44,59,61.44,2188143
2024-04-22T00:00:00Z,59.08,59.2,56.08,56.8,1245885
2024-04-23T00:00:00Z,55.56,55.88,54.24,54.48,889063
2024-04-24T00:00:00Z,54.28,55.5416,53.92,54,1057748
2024-04-25T00:00:00Z,57.04,57.84,54.9,55.2,1562908
2024-04-26T00:00:00Z,53.68,54.12,53.14,53.4,711832
2024-04-29T00:00:00Z,52.96,53.6,52.12,52.68,627285
2024-04-30T00:00:00Z,52.92,54.2,52.08,54.16,929651
2024-05-01T00:00:00Z,54.68,55.1,52.04,54.28,1645404
2024-05-02T00:00:00Z,53.2,54.72,52.36,52.56,798680
2024-05-03T00:00:00Z,50.8,51.7824,50.56,50.76,967398
2024-05-06T00:00:00Z,50.04,50.1012,49.48,49.48,425632
2024-05-07T00:00:00Z,49.2,49.7196,49.2,49.28,642336
2024-05-08T00:00:00Z,49.32,49.4,48.76,48.84,422660
2024-05-09T00:00:00Z,48.88,49.3,48.52,48.56,506767
2024-05-10T00:00:00Z,48.48,48.72,47.88,47.96,610352
2024-05-13T00:00:00Z,47.88,48.8,47.7604,48.6,712970
2024-05-14T00:00:00Z,48.4,48.78,47.44,47.68,587272
2024-05-15T00:00:00Z,46.6,47.12,45.72,45.72,844578
2024-05-16T00:00:00Z,45.76,46.24,45.64,45.72,709305
2024-05-17T00:00:00Z,45.76,45.94,45.08,45.32,666270
2024-05-20T00:00:00Z,45.2,45.56,44.76,45.44,750532
2024-05-21T00:00:00Z,45.44,45.44,44.2836,44.4,825537
2024-05-22T00:00:00Z,44.68,45.88,44.14,45.52,1358216
2024-05-23T00:00:00Z,44.4,46.58,44.24,46.12,2060354
2024-05-24T00:00:00Z,45.72,45.8,44.44,44.56,965376
2024-05-28T00:00:00Z,44.56,46.4,44.44,45.68,1420969
2024-05-29T00:00:00Z,47.72,47.82,46.62,47.36,1019957
2024-05-30T00:00:00Z,47.48,48.16,46.4,47.28,1006949
2024-05-31T00:00:00Z,46.44,48.48,45.66,45.76,1474701
2024-06-03T00:00:00Z,45.2,47.24,45.14,45.52,981357
2024-06-04T00:00:00Z,46.2,47.06,45.5576,45.76,815823
2024-06-05T00:00:00Z,45.2,46.16,44.72,44.84,661585
2024-06-06T00:00:00Z,44.64,45.1596,44.4,44.52,858197
2024-06-07T00:00:00Z,44.56,44.78,43.8,44.08,626924
2024-06-10T00:00:00Z,44.8,45.02,43.92,44.2,884411
2024-06-11T00:00:00Z,44.64,45.26,43.96,44.16,768598
2024-06-12T00:00:00Z,43.16,43.6008,42.88,43.2,1289756
2024-06-13T00:00:00Z,43.2,44.38,42.9248,43.2,747971
2024-06-14T00:00:00Z,44.16,45.4,43.92,44.64,1565798
2024-06-17T00:00:00Z,44.64,45.08,43.8,44.32,681949
2024-06-18T00:00:00Z,43.88,44.56,43.68,44,836427
2024-06-20T00:00:00Z,44.04,45.88,43.98,45.56,1337592
2024-06-21T00:00:00Z,45.9,46.44,44.36,44.76,875265
2024-06-24T00:00:00Z,44.96,45.12,43.96,44.52,753110
2024-06-25T00:00:00Z,44.4,44.68,43.44,43.52,463628
2024-06-26T00:00:00Z,43.68,43.88,43.0592,43.08,740296
2024-06-27T00:00:00Z,43.04,43.2,42.72,42.72,457502
2024-06-28T00:00:00Z,42.88,43.44,42.52,43.4,667319
2024-07-01T00:00:00Z,42.88,43.0436,41.64,41.66,540165
2024-07-02T00:00:00Z,41.92,41.92,41,41.16,487464
2024-07-03T00:00:00Z,41.16,41.46,40.92,41.36,462120
2024-07-05T00:00:00Z,41.2,41.8,41.12,41.48,644559
2024-07-08T00:00:00Z,41,41.0396,40.48,40.8,604393
2024-07-09T00:00:00Z,40.64,41.0632,40.52,40.8,612197
2024-07-10T00:00:00Z,40.72,40.92,40.2,40.72,552606
2024-07-11T00:00:00Z,40.28,41.46,40.18,40.84,2536092
2024-07-12T00:00:00Z,40.24,40.28,39.56,40.16,922927
2024-07-15T00:00:00Z,39.92,41.04,39.72,40.96,1290943
2024-07-16T00:00:00Z,40.64,41.2,40.52,41.12,788084
2024-07-17T00:00:00Z,42.28,43.168,41.684,42.52,2966012
2024-07-18T00:00:00Z,41.68,44.4496,41.4,43.8,2190714
2024-07-19T00:00:00Z,44.48,46.2272,43.96,45.72,1826887
2024-07-22T00:00:00Z,44.88,45,42.98,43.24,1431585
2024-07-23T00:00:00Z,43.2,43.48,42.24,42.84,1199568
2024-07-24T00:00:00Z,44.2,49.16,44.2,48.8,3020583
2024-07-25T00:00:00Z,48.12,50.56,46.16,49.2,3663265
2024-07-26T00:00:00Z,47.72,48.04,46.284,46.4,1265467
2024-07-29T00:00:00Z,45.96,46.8,45.2728,45.68,758287
2024-07-30T00:00:00Z,45.4,48.6772,45.2352,47.08,1416828
2024-07-31T00:00:00Z,45.76,46.08,44.1956,45.8,845655
2024-08-01T00:00:00Z,45.6,51.6,45.34,49.92,2181437
2024-08-02T00:00:00Z,53.8,63.76,53.26,61.88,11657512
2024-08-05T00:00:00Z,89.4,90.08,71.68,88.52,10858133
2024-08-06T00:00:00Z,76.68,79.52,61.28,70.36,2495399
2024-08-07T00:00:00Z,61.04,71.0024,59.76,68.24,2677557
2024-08-08T00:00:00Z,64.72,66.5596,62,62.76,1642462
2024-08-09T00:00:00Z,62.04,63.36,54,54.4,1875810
2024-08-12T00:00:00Z,54.12,55.592,50.6428,54.2,1351527
2024-08-13T00:00:00Z,52.84,52.92,49.8452,49.96,1398284
2024-08-14T00:00:00Z,48.88,49.32,46.56,46.6,1108176
2024-08-15T00:00:00Z,46,46.06,44.2004,44.88,978769
2024-08-16T00:00:00Z,45.64,45.92,44.4804,44.84,1022720
2024-08-19T00:00:00Z,44.76,45,43.54,43.84,1017611
2024-08-20T00:00:00Z,44.4,45.9212,44.08,45.76,1210026
2024-08-21T00:00:00Z,45.56,47.48,45.48,46.24,1191570
2024-08-22T00:00:00Z,45.96,48.6,45.74,48.32,1170061
2024-08-23T00:00:00Z,47.08,47.58,45.2,45.4,1119054
2024-08-26T00:00:00Z,45.16,46.4852,45.04,45.48,965684
2024-08-27T00:00:00Z,46.08,46.42,44.44,44.44,537773
2024-08-28T00:00:00Z,44.64,47.696,44.42,47,1254586
2024-08-29T00:00:00Z,45.48,46.02,44.64,45.32,1120398
2024-08-30T00:00:00Z,44.64,45.4404,43.86,44,904600
2024-09-03T00:00:00Z,45.36,54.54,45,52.92,2156039
2024-09-04T00:00:00Z,54.28,55.54,50.68,54.04,2348314
2024-09-05T00:00:00Z,53.36,54.04,50.8004,51.72,1685310
2024-09-06T00:00:00Z,50.68,57.84,50.1,55.4,2597765
2024-09-09T00:00:00Z,54.32,54.88,51.3204,51.96,1567620
2024-09-10T00:00:00Z,51.32,54.2396,50.8,50.96,1396535
2024-09-11T00:00:00Z,50.28,54.9632,48.72,48.76,2286029
2024-09-12T00:00:00Z,49.36,50.44,48.34,48.44,1251112
2024-09-13T00:00:00Z,48.64,48.8,47.1608,48.24,916170
2024-09-16T00:00:00Z,48.52,49.8,48.4,48.56,900543
2024-09-17T00:00:00Z,48.6,50.44,48.16,49.8,948351
2024-09-18T00:00:00Z,49.52,50.3992,47,49.2,1873052
2024-09-19T00:00:00Z,47.4,48.12,46.8,47.36,1595695
2024-09-20T00:00:00Z,47.56,47.7,46.42,47.04,1119597
2024-09-23T00:00:00Z,46.56,47.6,46.12,47.2,685603
2024-09-24T00:00:00Z,46.92,48.74,46.58,47.24,740611
2024-09-25T00:00:00Z,47.44,48,46.88,47.76,564792
2024-09-26T00:00:00Z,47.6,48.36,47.42,47.8,888054
2024-09-27T00:00:00Z,47.84,50.08,47.724,50.04,932705
2024-09-30T00:00:00Z,50.24,51.48,48.9376,49,1237413
2024-10-01T00:00:00Z,49.08,53.44,48.96,52.84,2868990
2024-10-02T00:00:00Z,52.92,54.4,51.76,52,1490328
2024-10-03T00:00:00Z,53.28,54.64,52.32,54.28,1558480
2024-10-04T00:00:00Z,53.08,54.06,52.04,52.36,1519907
2024-10-07T00:00:00Z,53.2,57.36,53.12,56.92,2074849
2024-10-08T00:00:00Z,55.04,55.6,53.97,54.64,1238289
2024-10-09T00:00:00Z,54.28,54.56,53.04,53.28,628861
2024-10-10T00:00:00Z,53.76,54.72,53.44,54,774788
2024-10-11T00:00:00Z,54.2,54.2,52.96,53.44,759410
2024-10-14T00:00:00Z,52.64,52.84,50.94,51.56,728282
2024-10-15T00:00:00Z,50.6,53.4,50.24,53.16,1271309
2024-10-16T00:00:00Z,53.08,53.9,52.32,52.68,639342
2024-10-17T00:00:00Z,52.12,52.8,51.6616,51.8,535828
2024-10-18T00:00:00Z,51.4,51.7164,50.46,50.6,734744
2024-10-21T00:00:00Z,50.92,52,50.44,50.64,593261
2024-10-22T00:00:00Z,51.4,51.88,50.16,50.52,523079
2024-10-23T00:00:00Z,51.12,54.36,50.98,53,1335826
2024-10-24T00:00:00Z,52,54.48,51.78,52.12,1004641
2024-10-25T00:00:00Z,51.6,54.64,51.06,54.52,1301601
2024-10-28T00:00:00Z,52.28,52.66,51.3228,52.04,1101220
2024-10-29T00:00:00Z,52.24,52.56,51.04,51.76,665760
2024-10-30T00:00:00Z,52.24,53.16,51.4004,52.96,799790
2024-10-31T00:00:00Z,54.4,57.24,54.3548,57.2,1505771
2024-11-01T00:00:00Z,55.64,56.3196,54.24,56.2,894612
2024-11-04T00:00:00Z,55.56,55.96,53.48,53.72,1065217
2024-11-05T00:00:00Z,53,53.04,50.8,50.88,1092767
2024-11-06T00:00:00Z,45.7112,47.88,45.4,45.76,1259934
2024-11-07T00:00:00Z,45.03,45.1,44.23,44.36,1043466
2024-11-08T00:00:00Z,44.4,45,43.97,44.17,1146926
2024-11-11T00:00:00Z,43.75,44.14,43.33,44.07,1242925
2024-11-12T00:00:00Z,44.27,45.11,43.75,43.98,1593080
2024-11-13T00:00:00Z,43.69,44.18,42.77,42.92,1639887
2024-11-14T00:00:00Z,42.73,43.22,42.19,42.88,1059593
2024-11-15T00:00:00Z,43.58,47.96,43.34,45.87,1925462
2024-11-18T00:00:00Z,45.54,45.96,43.52,44.2,856136
2024-11-19T00:00:00Z,46.8124,46.92,44.592,45.8,1343459
2024-11-20T00:00:00Z,45.84,49.1,45.61,47.32,1314375
2024-11-21T00:00:00Z,45.92,48.55,45.74,46.97,898487
2024-11-22T00:00:00Z,46.69,46.86,45.03,45.04,796528
2024-11-25T00:00:00Z,43.74,45.5,43.34,43.46,596140
2024-11-26T00:00:00Z,43.46,43.46,42.59,43.01,615218
2024-11-27T00:00:00Z,43.03,44.16,42.66,42.82,582874
2024-11-29T00:00:00Z,42.4,42.4,41.79,41.99,476885
2024-12-02T00:00:00Z,41.99,42.09,41.52,41.95,666415
2024-12-03T00:00:00Z,42,42.6,41.11,41.46,898083
2024-12-04T00:00:00Z,41.01,41.74,40.67,41.71,947342
2024-12-05T00:00:00Z,41.99,42.05,41.5,41.79,1064046
2024-12-06T00:00:00Z,41.03,41.54,40.82,41.09,1023237
2024-12-09T00:00:00Z,41.11,42.4,40.94,41.98,1505682
2024-12-10T00:00:00Z,41.7,42.17,41.34,41.92,951120
2024-12-11T00:00:00Z,40.92,41.63,40.7,41.44,575023
2024-12-12T00:00:00Z,41.58,42.2351,41.1838,41.92,1180287
2024-12-13T00:00:00Z,41.33,42.32,41.08,41.76,802297
2024-12-16T00:00:00Z,41.68,42.76,41.645,42.61,792138
2024-12-17T00:00:00Z,43.13,43.7977,42.56,43.58,1268217
2024-12-18T00:00:00Z,43.25,51,42.7,50.96,2630309
2024-12-19T00:00:00Z,48.59,55.9,48.13,55.31,2689866
2024-12-20T00:00:00Z,54.82,55.09,46.84,47.03,2233065
2024-12-23T00:00:00Z,46.37,48,43.98,44.06,1248461
2024-12-24T00:00:00Z,43.26,43.35,41.5,41.56,807639
2024-12-26T00:00:00Z,42.22,43.26,41.595,41.81,1334564
2024-12-27T00:00:00Z,42.62,46.09,42.3801,43.81,1971813
2024-12-30T00:00:00Z,46.13,47.69,43.46,44.73,1547584
2024-12-31T00:00:00Z,44.06,45.53,43.645,45.02,1029946
2025-01-02T00:00:00Z,44.21,48.22,44.13,45.96,1310784
2025-01-03T00:00:00Z,45.25,45.5,43.36,43.49,1301392
2025-01-06T00:00:00Z,43.06,44.09,42.53,43.16,1380679
2025-01-07T00:00:00Z,42.67,46.56,42.67,45.82,1622850
2025-01-08T00:00:00Z,46.29,47.82,45.21,45.52,2413331
2025-01-10T00:00:00Z,47.34,49.64,46.8,48.65,2436944
2025-01-13T00:00:00Z,50.24,50.58,47.29,47.67,1368385
2025-01-14T00:00:00Z,46.83,48.24,45.6101,46.73,1167944
2025-01-15T00:00:00Z,44.5,44.5,42.7,42.82,2008847
2025-01-16T00:00:00Z,42.77,43.14,42.37,42.9,1304823
2025-01-17T00:00:00Z,42.17,43.16,42.1018,43.14,1276563
2025-01-21T00:00:00Z,42.28,42.5933,41.23,41.38,2032562
2025-01-22T00:00:00Z,41.31,42.105,41.25,41.96,1646408
2025-01-23T00:00:00Z,41.78,41.88,40.98,41.18,1991355
2025-01-24T00:00:00Z,40.92,41.42,40.75,41.06,2277918
2025-01-27T00:00:00Z,46,46.09,43.2,43.69,6696905
2025-01-28T00:00:00Z,43.29,44.41,42,42.31,3142232
2025-01-29T00:00:00Z,42.22,43.72,41.9195,42.03,2117281
2025-01-30T00:00:00Z,41.58,42.47,41.41,41.87,2444348
2025-01-31T00:00:00Z,41.49,43.9,41.21,43.37,2674382
2025-02-03T00:00:00Z,46.45,47.33,42.7,44.21,2960255
2025-02-04T00:00:00Z,43.65,44.27,42.7,42.99,1643336
2025-02-05T00:00:00Z,43.08,43.55,41.96,42.03,2081786
2025-02-06T00:00:00Z,41.74,42.55,41.57,41.79,1440569
2025-02-07T00:00:00Z,41.5,43.29,41.38,43.21,1678306
2025-02-10T00:00:00Z,42.35,42.7924,42.03,42.11,842610
2025-02-11T00:00:00Z,42.44,42.5,41.77,42.27,1067909
2025-02-12T00:00:00Z,43.14,43.4,41.85,42.03,2054025
2025-02-13T00:00:00Z,41.89,42.45,41.25,41.33,1866955
2025-02-14T00:00:00Z,41.29,41.65,41.02,41.18,2076403
2025-02-18T00:00:00Z,40.95,41.37,40.64,41,1560394
2025-02-19T00:00:00Z,41.27,41.37,40.49,40.5,2835263
2025-02-20T00:00:00Z,40.48,41.46,40.22,40.73,3656073
2025-02-21T00:00:00Z,40.77,43.91,40.77,43.56,4104629
2025-02-24T00:00:00Z,42.86,44.84,42.22,43.84,1579065
2025-02-25T00:00:00Z,44.11,46.13,43.2,44.16,2854162
2025-02-26T00:00:00Z,43.68,44.54,42.22,43.2,1419094
2025-02-27T00:00:00Z,42.7,45.87,42.415,45.67,1893938
2025-02-28T00:00:00Z,46.07,47.2072,44.46,44.77,2018598
2025-03-03T00:00:00Z,43.99,49.75,43.9,48.45,1462789
2025-03-04T00:00:00Z,50.625,53.43,47.4,49.7,2806407
2025-03-05T00:00:00Z,49.36,50.67,47.3001,47.42,1949966
2025-03-06T00:00:00Z,50.4812,52.82,49.2,52.68,2315829
2025-03-07T00:00:00Z,52.52,54.16,50.01,50.29,1960949
2025-03-10T00:00:00Z,53.11,56.75,52.49,55.77,2171089
2025-03-11T00:00:00Z,56.06,59.07,54.9,55.76,1840115
2025-03-12T00:00:00Z,53.63,56.25,52.47,52.9,1275358
2025-03-13T00:00:00Z,53.26,56.41,52.21,55.21,1165735
2025-03-14T00:00:00Z,53.4,53.65,50.26,50.38,1086249
2025-03-17T00:00:00Z,49.93,49.93,48.23,48.49,1453852
2025-03-18T00:00:00Z,48.22,50.565,48.22,49.83,899065
2025-03-19T00:00:00Z,49.36,49.78,47.01,48.13,791956
2025-03-20T00:00:00Z,49.09,49.27,46.9001,47.33,767368
2025-03-21T00:00:00Z,48.28,48.96,47.14,47.36,1474904
2025-03-24T00:00:00Z,45.68,45.76,44.21,44.31,1002232
2025-03-25T00:00:00Z,44.01,44.84,43.955,44.67,655444
2025-03-26T00:00:00Z,44.13,46.99,44.0631,46.03,978280
2025-03-27T00:00:00Z,46.43,47.45,45.63,46.33,657484
2025-03-28T00:00:00Z,47,50.634,46.4706,50.48,1393417
2025-03-31T00:00:00Z,53.33,54.1499,49.74,50.26,1935397
2025-04-01T00:00:00Z,51.07,52.84,49.6205,50.33,819138
2025-04-02T00:00:00Z,52.42,52.5,48.18,48.95,1547218
2025-04-03T00:00:00Z,56.394,61.26,54.79,60.95,3158381
2025-04-04T00:00:00Z,68.45,74.81,65.3607,73.12,4946703
2025-04-07T00:00:00Z,80.05,83.02,66,73.52,3177851
2025-04-08T00:00:00Z,66.21,89.1449,65.94,82.83,3406854
2025-04-09T00:00:00Z,85.35,87.263,61.915,65.5,2596312
2025-04-10T00:00:00Z,70.34,85.11,68.18,77.91,3292258
2025-04-11T00:00:00Z,80,83.91,75.28,75.69,2267517
2025-04-14T00:00:00Z,68.84,74.25,66.69,67,1529775
2025-04-15T00:00:00Z,67.16,67.87,64.3,66.5,910928
2025-04-16T00:00:00Z,69.22,73.66,67,72.05,1118038
2025-04-17T00:00:00Z,70.35,71.43,69.5,69.96,793344
2025-04-21T00:00:00Z,70.86,76,70.65,74.1,1304409
2025-04-22T00:00:00Z,71.56,71.86,69.08,69.58,594851
2025-04-23T00:00:00Z,65.98,69.17,64.7962,67.11,826938
2025-04-24T00:00:00Z,66.43,66.49,64.2536,64.84,623095
2025-04-25T00:00:00Z,64.42,65.8,61.8601,61.91,432554
2025-04-28T00:00:00Z,61.24,64.65,61.13,62.34,524252
2025-04-29T00:00:00Z,62.93,63.28,61.45,61.72,765431
2025-04-30T00:00:00Z,63.87,66.93,62.61,63.14,1174192
2025-05-01T00:00:00Z,61.37,63.08,61.26,62.2,419718
2025-05-02T00:00:00Z,60.8,61.29,59.46,59.57,436217
2025-05-05T00:00:00Z,60.77,61.22,59.65,60.79,601839
2025-05-06T00:00:00Z,62.51,63.35,61.3501,63.15,939623
2025-05-07T00:00:00Z,62.48,63.5601,61.1,61.55,823150
2025-05-08T00:00:00Z,60.39,60.88,58.55,59.15,1015102
2025-05-09T00:00:00Z,58.83,59.235,57.95,58.72,543998
2025-05-12T00:00:00Z,54.03,54.23,50.93,51.1,1190155
2025-05-13T00:00:00Z,50.18,50.83,49.13,50.5,1346333
2025-05-14T00:00:00Z,50.66,51.9604,50.63,51.73,880996
2025-05-15T00:00:00Z,52.27,52.74,50.83,50.86,663113
2025-05-16T00:00:00Z,50.44,51.29,50.07,51.29,881812
2025-05-19T00:00:00Z,53,53,50.89,51.29,1335025
2025-05-20T00:00:00Z,51.2,52.14,50.68,50.83,1492212
2025-05-21T00:00:00Z,52.06,55.08,50.97,54.35,1766630
2025-05-22T00:00:00Z,54.64,55.0599,52.96,53.93,1062872
2025-05-23T00:00:00Z,57.69,57.99,55.63,57.47,1191174
2025-05-27T00:00:00Z,53.86,54.47,51.6153,51.72,916702
2025-05-28T00:00:00Z,51.62,52.63,51.59,52.24,537770
2025-05-29T00:00:00Z,50.99,53.0865,50.89,52.31,655874
2025-05-30T00:00:00Z,53.04,54.68,52.05,52.77,953708
2025-06-02T00:00:00Z,53.15,53.55,51.97,52,680044
2025-06-03T00:00:00Z,51.81,51.93,50.74,50.91,647793
2025-06-04T00:00:00Z,50.81,51.223,50.57,51.06,720976
2025-06-05T00:00:00Z,50.31,52.27,49.37,52,1136210
2025-06-06T00:00:00Z,50.51,50.53,49.5,49.78,1014322
2025-06-09T00:00:00Z,49.3,49.515,48.69,49.11,743443
2025-06-10T00:00:00Z,49.07,49.36,48.42,48.94,1112254
2025-06-11T00:00:00Z,48.08,50.06,47.54,49.16,2710472
2025-06-12T00:00:00Z,49.94,50.29,49.07,49.96,1705812
2025-06-13T00:00:00Z,52.37,54.6799,50.94,53.81,3352410
2025-06-16T00:00:00Z,51.75,51.75,49.62,49.81,1683181
2025-06-17T00:00:00Z,51.04,53.86,50.67,52.83,1826162
2025-06-18T00:00:00Z,53.01,53.52,50.61,51.58,1395041
2025-06-20T00:00:00Z,51.1,52.9,50.8011,52.16,1116755
2025-06-23T00:00:00Z,52.16,54.17,51.33,51.41,1745904
2025-06-24T00:00:00Z,48.87,48.87,47.75,47.75,1646304
2025-06-25T00:00:00Z,47.45,48.17,47.31,47.39,663880
2025-06-26T00:00:00Z,47.3,47.3399,46.5,47.19,647949
2025-06-27T00:00:00Z,46.76,48.07,46.682,47.13,1036186
2025-06-30T00:00:00Z,46.5,47.25,46.4,46.88,880841
2025-07-01T00:00:00Z,47.25,47.5,46.35,46.81,1076769
2025-07-02T00:00:00Z,46.89,47.08,46.2838,46.67,1334021
2025-07-03T00:00:00Z,45.89,46.52,45.66,46.29,1457212
2025-07-07T00:00:00Z,46.94,47.78,46.67,46.86,1915138
2025-07-08T00:00:00Z,45.93,46.09,45.42,45.8,858110
2025-07-09T00:00:00Z,44.62,45.06,44,44.2,1092536
2025-07-10T00:00:00Z,43.99,44.2897,43.7,43.86,922134
2025-07-11T00:00:00Z,44.81,44.87,43.615,44.07,1036459
2025-07-14T00:00:00Z,44.54,45.05,44.22,44.74,889184
2025-07-15T00:00:00Z,43.79,44.74,43.7498,44.41,1305298
2025-07-16T00:00:00Z,44.35,46.89,44.1,44.82,1691136
2025-07-17T00:00:00Z,44.61,44.8353,44.3,44.62,762824
2025-07-18T00:00:00Z,44.15,44.5,43.94,43.96,830677
2025-07-21T00:00:00Z,43.5,43.76,42.81,43.7,1135837
2025-07-22T00:00:00Z,43.53,44.64,43.38,43.55,1348337
2025-07-23T00:00:00Z,42.88,43.25,41.5,41.77,1812772
2025-07-24T00:00:00Z,41.46,41.76,41.11,41.61,1777753
2025-07-25T00:00:00Z,41.67,41.78,41.1,41.23,1278648
2025-07-28T00:00:00Z,40.4,40.79,40.1,40.1,2014066
2025-07-29T00:00:00Z,39.69,41.3,39.44,41.04,1746338
2025-07-30T00:00:00Z,40.92,41.93,40.53,41.24,1406201
2025-07-31T00:00:00Z,40.39,41.69,40.07,41.49,1566151
2025-08-01T00:00:00Z,43.4,45.77,43.32,44.76,3662251
2025-08-04T00:00:00Z,43.59,43.6,41.66,41.73,1934279
2025-08-05T00:00:00Z,41.63,43.3841,41.5,42.16,1453801
2025-08-06T00:00:00Z,42.06,42.35,40.82,40.86,1303620
2025-08-07T00:00:00Z,40.28,41.8,40.14,41.18,1347859
2025-08-08T00:00:00Z,40.5,40.605,39.61,39.76,2053264
2025-08-11T00:00:00Z,39.64,40.18,39.34,39.95,1489179
2025-08-12T00:00:00Z,39.2,39.23,38.04,38.25,1831884
2025-08-13T00:00:00Z,37.75,38.28,37.67,38.03,1639151
2025-08-14T00:00:00Z,38.74,38.79,37.94,38.14,1748754
2025-08-15T00:00:00Z,37.93,38.36,37.7886,37.97,2245576
2025-08-18T00:00:00Z,37.96,37.97,36.9,37.11,1594243
2025-08-19T00:00:00Z,36.7,38.14,36.6504,37.85,2411134
2025-08-20T00:00:00Z,37.95,39.03,37.505,37.61,1982252
2025-08-21T00:00:00Z,38.19,38.765,37.82,38.185,1212099
2025-08-22T00:00:00Z,37.97,38.07,35.01,35.19,3142646
2025-08-25T00:00:00Z,35.43,35.635,34.9,35.13,1364814
2025-08-26T00:00:00Z,35.46,35.46,34.8925,34.94,1185431
2025-08-27T00:00:00Z,35.02,35.5,34.88,35.09,1501634
2025-08-28T00:00:00Z,34.6,35.09,34.46,34.55,1263011
2025-08-29T00:00:00Z,34.51,35.61,34.34,35.26,2273342
2025-09-02T00:00:00Z,37.14,37.9199,36.35,36.35,2960142
2025-09-03T00:00:00Z,36.19,36.23,35.46,35.5,1509085
2025-09-04T00:00:00Z,35.26,35.32,34.34,34.46,1333817
2025-09-05T00:00:00Z,33.66,35.49,33.55,34.495,2699859
2025-09-08T00:00:00Z,34.16,34.26,33.7913,33.88,1931764
2025-09-09T00:00:00Z,34.09,34.47,33.67,33.71,1622333
2025-09-10T00:00:00Z,33.34,33.83,33.155,33.58,2365213
2025-09-11T00:00:00Z,33.01,33.18,32.71,32.73,1799264
2025-09-12T00:00:00Z,32.76,32.83,32.33,32.68,1621671
2025-09-15T00:00:00Z,32.38,33.11,32.32,33.08,2364661
2025-09-16T00:00:00Z,33.14,33.67,33.05,33.58,1939382
2025-09-17T00:00:00Z,33.31,33.35,31.88,32.365,3695015
2025-09-18T00:00:00Z,31.82,32.4,31.755,32.25,1836649
2025-09-19T00:00:00Z,32.03,32.77,32.02,32.34,1391338
2025-09-22T00:00:00Z,32.53,32.92,32.3,32.88,2452762
2025-09-23T00:00:00Z,32.77,33.8074,32.755,33.25,3131355
2025-09-24T00:00:00Z,33.05,33.85,32.825,32.83,1682440
2025-09-25T00:00:00Z,33.59,33.9,32.575,33.27,2606883
2025-09-26T00:00:00Z,32.97,33.49,31.92,31.99,1845234
2025-09-29T00:00:00Z,31.82,32.6,31.76,32.4,2107808
2025-09-30T00:00:00Z,32.57,32.7,32.11,32.3,1848725
2025-10-01T00:00:00Z,32.48,32.57,31.96,32.1,1767501
2025-10-02T00:00:00Z,31.93,32.68,31.87,32.47,2142788
2025-10-03T00:00:00Z,32.33,32.75,32.15,32.24,2093764
2025-10-06T00:00:00Z,32.1,32.55,32.03,32.16,1738191
2025-10-07T00:00:00Z,32.01,33.07,31.93,32.79,2304915
2025-10-08T00:00:00Z,32.63,32.86,32.175,32.29,1381766
2025-10-09T00:00:00Z,32.14,32.8652,32.04,32.37,1808162
2025-10-10T00:00:00Z,32.37,36.8198,32.085,36.38,9224523
2025-10-13T00:00:00Z,34.5,34.7,33.44,33.72,4343827
2025-10-14T00:00:00Z,35.59,36.78,34.02,35.14,4876895
2025-10-15T00:00:00Z,34.22,36.42,34.03,35.52,2895838
2025-10-16T00:00:00Z,35.2,39.13,35.09,38.95,6175746
2025-10-17T00:00:00Z,38.22,39.7,35.73,35.73,5938490
2025-10-20T00:00:00Z,34.78,34.82,32.93,33.01,3404199
2025-10-21T00:00:00Z,33.37,33.91,32.53,32.84,2996944
2025-10-22T00:00:00Z,33.01,35.03,32.8,33.23,4831604
2025-10-23T00:00:00Z,33.46,33.6,32.51,32.6,2045895
2025-10-24T00:00:00Z,31.76,32.33,31.67,32.22,2165831
2025-10-27T00:00:00Z,31.1,31.49,30.96,31.16,2137871
2025-10-28T00:00:00Z,31.13,32.65,31.1,32.04,2727431
2025-10-29T00:00:00Z,31.75,32.65,31.41,32.65,4018085
2025-10-30T00:00:00Z,32.38,32.96,31.84,32.91,4141566
2025-10-31T00:00:00Z,32.14,33.71,32.1,33.03,3662839
2025-11-03T00:00:00Z,32.63,33.7312,32.4999,32.67,2956802
2025-11-04T00:00:00Z,34,34.32,33.0988,33.9,2870639
2025-11-05T00:00:00Z,33.94,34.055,32.26,32.6,2806071
2025-11-06T00:00:00Z,32.91,34.49,32.74,34.01,4468826
2025-11-07T00:00:00Z,34.91,36.02,33.69,33.69,4125021
2025-11-10T00:00:00Z,32.41,32.61,31.82,31.93,3594268
2025-11-11T00:00:00Z,31.98,32.04,31.66,31.84,1229558
2025-11-12T00:00:00Z,31.62,32.37,31.58,32.03,2259008
2025-11-13T00:00:00Z,32.35,34.745,32.09,34.16,4577246
2025-11-14T00:00:00Z,35.17,35.73,32.99,33.59,4531223
2025-11-17T00:00:00Z,34.16,35.83,33.29,35.3,5070833
2025-11-18T00:00:00Z,36.38,37.5,35.31,36.75,5849627
2025-11-19T00:00:00Z,36.5,36.92,34.8301,35.82,5084046
2025-11-20T00:00:00Z,33.35,38.55,33.1201,38.2,8787029
2025-11-21T00:00:00Z,37.24,39.33,35.86,36.25,9486196
2025-11-24T00:00:00Z,35.71,35.7537,33.58,33.66,2949506
2025-11-25T00:00:00Z,33.665,34.9466,32.63,32.76,2705000
2025-11-26T00:00:00Z,32.32,32.45,31.64,31.84,3223688
2025-11-28T00:00:00Z,31.68,31.72,31.05,31.13,1221583
2025-12-01T00:00:00Z,31.82,31.82,30.67,31.15,2831369
2025-12-02T00:00:00Z,30.82,31.1,30.56,30.6,2610596
2025-12-03T00:00:00Z,30.98,31.06,30.355,30.43,2964252
2025-12-04T00:00:00Z,30.22,30.675,29.9,30.16,1461582
2025-12-05T00:00:00Z,30.02,30.25,29.75,29.79,2212683
2025-12-08T00:00:00Z,29.77,30.57,29.735,30.1,2264284
2025-12-09T00:00:00Z,30.36,30.36,29.81,30.28,2347087
2025-12-10T00:00:00Z,30.42,30.61,28.97,29.06,3403200
2025-12-11T00:00:00Z,29.4,29.93,28.6,28.65,2473134
2025-12-12T00:00:00Z,28.47,29.98,28.24,28.72,4741917
2025-12-15T00:00:00Z,28.38,29.34,28.27,28.69,2748227
2025-12-16T00:00:00Z,28.77,29.29,28.4,28.57,2994617
2025-12-17T00:00:00Z,28.48,29.18,28.15,29.06,2698102
2025-12-18T00:00:00Z,28.35,28.79,27.9144,28.11,2495767
2025-12-19T00:00:00Z,27.86,27.86,26.85,27.05,2572752
2025-12-22T00:00:00Z,26.47,26.61,25.97,26.12,2567491
2025-12-23T00:00:00Z,26.35,26.35,26.08,26.22,1528598
2025-12-24T00:00:00Z,26.16,26.305,26.04,26.19,882759
2025-12-26T00:00:00Z,26.05,26.475,26.04,26.14,1456372
2025-12-29T00:00:00Z,26.41,26.41,25.63,25.86,1921590
2025-12-30T00:00:00Z,25.75,25.75,25.365,25.47,1363173
2025-12-31T00:00:00Z,25.49,26.2,25.27,25.64,2132689
2026-01-02T00:00:00Z,25.23,25.715,25.14,25.21,2317579
2026-01-05T00:00:00Z,25.1,25.57,24.95,25.57,1918018
2026-01-06T00:00:00Z,25.53,25.555,25.15,25.26,1514750
2026-01-07T00:00:00Z,25.31,25.799,25.31,25.68,3168572
2026-01-08T00:00:00Z,25.78,25.8196,25.21,25.34,3371805
2026-01-09T00:00:00Z,25.32,25.605,24.81,24.98,2694934
2026-01-12T00:00:00Z,25.48,25.4899,24.97,25.03,1563901
2026-01-13T00:00:00Z,24.92,25.92,24.88,25.63,3057054
2026-01-14T00:00:00Z,26.29,26.98,26.04,26.26,5313826
2026-01-15T00:00:00Z,25.46,25.67,25.22,25.48,2505866
2026-01-16T00:00:00Z,25.35,25.84,25.25,25.6,2168477
2026-01-20T00:00:00Z,27.86,28.95,26.84,28.46,8552321
2026-01-21T00:00:00Z,27.29,27.675,25.5846,25.84,6293390
2026-01-22T00:00:00Z,25.48,25.86,25.2,25.22,1963851
2026-01-23T00:00:00Z,25.53,25.77,25.05,25.68,2458546
2026-01-26T00:00:00Z,25.66,25.77,25.315,25.63,2248848
2026-01-27T00:00:00Z,25.61,26.1,25.42,26.09,1693945
2026-01-28T00:00:00Z,25.95,26.46,25.7354,26.09,2679269
2026-01-29T00:00:00Z,26.44,27.8691,26.26,26.27,3858616
2026-01-30T00:00:00Z,26.6,26.99,25.94,26.71,4067080
2026-02-02T00:00:00Z,26.45,26.45,25.205,25.28,3333498
2026-02-03T00:00:00Z,25.51,27.54,25.375,26.37,5654877
2026-02-04T00:00:00Z,26.22,27.92,26.05,26.75,6133407
2026-02-05T00:00:00Z,27.82,28.8245,27.19,28.42,5986242
2026-02-06T00:00:00Z,27.59,27.67,26.4621,26.71,4245797
2026-02-09T00:00:00Z,26.57,26.72,25.6988,25.81,3118517
2026-02-10T00:00:00Z,25.86,26.345,25.71,26.34,1978984
2026-02-11T00:00:00Z,25.73,26.87,25.65,26.24,3051677
2026-02-12T00:00:00Z,26.01,27.98,25.83,27.9,6230014
2026-02-13T00:00:00Z,27.86,28.79,26.89,28.31,7736458
2026-02-17T00:00:00Z,28.52,29.25,27.12,27.3,6811668
2026-02-18T00:00:00Z,27.41,27.75,26.72,27.37,3680765
2026-02-19T00:00:00Z,28.05,28.64,27.845,28.05,3777579
2026-02-20T00:00:00Z,28.5,28.74,27.11,27.4,4706143
2026-02-23T00:00:00Z,27.51,28.685,27.14,28.47,3630288
2026-02-24T00:00:00Z,28.435,28.77,27.42,27.58,2232509
2026-02-25T00:00:00Z,27.04,27.14,26.485,26.54,1926371
2026-02-26T00:00:00Z,26.33,27.915,26.33,26.81,3963760
2026-02-27T00:00:00Z,28.22,28.55,27.4,27.86,4433459
2026-03-02T00:00:00Z,29.61,29.665,27.76,28.22,5620466
2026-03-03T00:00:00Z,30.505,32.585,28.78,29.53,10414816
2026-03-04T00:00:00Z,29.23,29.5199,28.03,28.53,4356918
2026-03-05T00:00:00Z,29.365,31.68,28.905,30.35,7283979
2026-03-06T00:00:00Z,32.72,34.59,31.82,34.45,10391321
2026-03-09T00:00:00Z,34.91,36.195,30.63,31.17,12874532
2026-03-10T00:00:00Z,31.305,32.765,29.74,32.68,6100286
2026-03-11T00:00:00Z,32.13,32.705,31.14,31.19,5803169
2026-03-12T00:00:00Z,32.7,33.47,32.21,33.32,6178535
2026-03-13T00:00:00Z,32.49,34,31.92,33.88,5918183
2026-03-16T00:00:00Z,32.71,32.72,31.3,31.33,5278531
2026-03-17T00:00:00Z,30.85,31.21,30.38,30.88,3602800
2026-03-18T00:00:00Z,31.85,33.67,31.71,33.59,7002208
2026-03-19T00:00:00Z,35.13,35.5,31.9,32.65,8040403
2026-03-20T00:00:00Z,32.805,35.375,32.66,34.97,7614942
2026-03-23T00:00:00Z,32.44,33.97,31.64,33.14,9568517
2026-03-24T00:00:00Z,34.15,34.37,32.59,33.84,8398771
2026-03-25T00:00:00Z,32.95,34.02,32.65,33.21,4540081
2026-03-26T00:00:00Z,33.87,35.56,33.39,35.49,4702725
2026-03-27T00:00:00Z,36.07,38.47,35.93,38.23,5698523
2026-03-30T00:00:00Z,36.61,38.59,36.61,37.88,5061730
2026-03-31T00:00:00Z,36.17,36.81,34.1531,34.35,6980305
2026-04-01T00:00:00Z,33.86,34.55,33.09,33.57,3002429
2026-04-02T00:00:00Z,35.67,35.98,33.32,33.53,4282178
2026-04-06T00:00:00Z,33.63,33.63,32.53,32.71,2276989
2026-04-07T00:00:00Z,33.51,35.1,33.37,33.86,5558796
2026-04-08T00:00:00Z,30.49,31.74,30.021,30.51,3546532
2026-04-09T00:00:00Z,30.81,30.9,28.98,29.4,2268925
2026-04-10T00:00:00Z,29.25,30.27,29.08,29.75,2739740
2026-04-13T00:00:00Z,30.16,30.24,28.58,28.62,2842858
2026-04-14T00:00:00Z,27.89,28.405,27.81,28.11,2773147
2026-04-15T00:00:00Z,28.02,28.61,27.92,28.33,2139520
2026-04-16T00:00:00Z,28.34,28.96,28.06,28.29,3246990
2026-04-17T00:00:00Z,27.62,27.99,27.4,27.93,4015662
2026-04-20T00:00:00Z,28.33,28.85,28.19,28.39,3561725
2026-04-21T00:00:00Z,28.3,29.37,28.235,28.91,3821199
2026-04-22T00:00:00Z,28.16,28.83,28.08,28.54,2557838
2026-04-23T00:00:00Z,28.66,29.865,28.4,28.51,5596620
2026-04-24T00:00:00Z,28.37,28.835,28.09,28.77,3355301
2026-04-27T00:00:00Z,28.59,28.6,27.765,27.81,2541874
2026-04-28T00:00:00Z,28.29,28.4125,27.335,27.39,2833141
2026-04-29T00:00:00Z,27.46,28.285,27.295,28.01,3138582
2026-04-30T00:00:00Z,27.69,28.06,27.05,27.22,2418220
2026-05-01T00:00:00Z,26.96,27.43,26.8,27.43,2387961
2026-05-04T00:00:00Z,27.35,28.23,26.705,27.72,2413569
2026-05-05T00:00:00Z,27.22,27.78,27.05,27.7,2354742
2026-05-06T00:00:00Z,26.99,27.27,26.8,27.09,2974171
2026-05-07T00:00:00Z,26.87,27.3,26.78,26.85,2563999
2026-05-08T00:00:00Z,26.82,27.15,26.5918,27.05,2303019
2026-05-11T00:00:00Z,27.08,27.5399,26.8712,27.41,2431065
2026-05-12T00:00:00Z,27.69,27.87,26.6601,26.77,3643335
2026-05-13T00:00:00Z,26.93,27.46,26.77,27.33,3531802
2026-05-14T00:00:00Z,27.17,27.47,26.51,26.68,3659286
2026-05-15T00:00:00Z,27.52,27.59,26.655,26.93,4486629
2026-05-18T00:00:00Z,26.55,26.89,26.02,26.3,4564467
2026-05-19T00:00:00Z,26.59,26.77,26.265,26.62,3215032
2026-05-20T00:00:00Z,26.44,26.585,26,26.02,3660308
2026-05-21T00:00:00Z,26.28,26.36,25.145,25.29,3378348
2026-05-22T00:00:00Z,25.44,25.64,25.16,25.43,2857980
2026-05-26T00:00:00Z,24.85,25.35,24.48,24.64,4052239
2026-05-27T00:00:00Z,24.59,24.785,24.105,24.13,2539452
2026-05-28T00:00:00Z,24.3,24.3,23.575,23.7,2364877
2026-05-29T00:00:00Z,23.44,23.565,23.0099,23.29,4710992
2026-06-01T00:00:00Z,23.59,23.895,23.225,23.85,4344583
2026-06-02T00:00:00Z,23.57,23.81,23.4151,23.46,2388758
2026-06-03T00:00:00Z,23.64,23.8,23.39,23.52,2897974
2026-06-04T00:00:00Z,23.68,23.68,22.45,22.67,3840685
2026-06-05T00:00:00Z,22.93,24.7551,22.87,24.31,7402065
2026-06-08T00:00:00Z,23.66,24.11,23.4607,23.91,2561929
2026-06-09T00:00:00Z,23.58,25.82,23.32,24.27,5560766
2026-06-10T00:00:00Z,24.81,25.94,24.59,25.68,4332159
2026-06-11T00:00:00Z,25.46,26.16,24.245,24.41,4580882
2026-06-12T00:00:00Z,24.05,24.41,23.29,23.29,3132217
2026-06-15T00:00:00Z,22.2,22.31,21.675,21.7,2977222
2026-06-16T00:00:00Z,21.74,21.905,21.55,21.82,2135788
2026-06-17T00:00:00Z,21.58,22.98,21.535,22.7,4317170
2026-06-18T00:00:00Z,21.93,22.285,21.81,21.9,2255951
2026-06-22T00:00:00Z,21.47,21.935,21.17,21.85,1853592
2026-06-23T00:00:00Z,23,23.26,22.535,22.98,3340978
2026-06-24T00:00:00Z,22.81,23.2677,22.33,22.91,2867556
2026-06-25T00:00:00Z,22.02,22.88,22,22.48,2577426
2026-06-26T00:00:00Z,23.18,23.46,22.3827,22.62,2274139
2026-06-29T00:00:00Z,22.03,22.63,21.7,21.7,3005110
2026-06-30T00:00:00Z,21.78,21.87,20.28,21.29,1649475
2026-07-01T00:00:00Z,21.51,21.72,21.215,21.52,1982319
2026-07-02T00:00:00Z,21.26,21.755,20.96,21.23,2538182
2026-07-06T00:00:00Z,20.94,20.94,20.605,20.65,2114709
2026-07-07T00:00:00Z,20.69,21.15,20.55,20.87,2515834
2026-07-08T00:00:00Z,21.33,21.95,20.935,21.23,3686029
2026-07-09T00:00:00Z,21.08,21.3,20.78,20.81,1582278
2026-07-10T00:00:00Z,20.75,21.22,20.3,20.34,2608862
2026-07-13T00:00:00Z,20.59,21.145,20.35,21.02,2771003
2026-07-14T00:00:00Z,20.66,20.805,20.44,20.66,1373339
2026-07-15T00:00:00Z,20.43,20.67,20.05,20.06,1917413
2026-07-16T00:00:00Z,20.29,20.87,20.165,20.56,1960848
2026-07-17T00:00:00Z,21.89,21.99,21.24,21.65,4660566
2026-07-20T00:00:00Z,20.89,21.42,20.2,21.23,2427865
2026-07-21T00:00:00Z,20.77,21.1,20.49,20.66,2404357
2026-07-22T00:00:00Z,20.77,20.98,20.31,20.72,1831861
2026-07-23T00:00:00Z,21.95,22.31,21.605,21.78,4269173
2026-07-24T00:00:00Z,21.61,21.76,20.99,21.44,2725597
2026-07-27T00:00:00Z,20.97,21.78,20.92,21.38,2302755
2026-07-28T00:00:00Z,21.32,21.71,20.99,21.24,1873624
2026-07-29T00:00:00Z,21.53,23.27,20.96,22.53,5098483
2026-07-30T00:00:00Z,21.62,21.92,21.06,21.07,2414510
2026-07-31T00:00:00Z,20.81,21.665,20.375,20.51,3218205
2026-08-03T00:00:00Z,20.21,20.95,20.095,20.35,1698422
2026-08-04T00:00:00Z,19.975,20.45,19.97,20.45,2373435
2026-08-05T00:00:00Z,20.53,20.62,19.63,19.77,2835907
2026-08-06T00:00:00Z,19.91,20,19.44,19.53,2052231
2026-08-07T00:00:00Z,19.58,19.65,19.4322,19.56,1990474
2026-08-10T00:00:00Z,19.49,19.55,19.28,19.55,1691086
2026-08-11T00:00:00Z,19.49,19.55,19.29,19.3,1441415
2026-08-12T00:00:00Z,19.15,19.15,18.5,18.77,2327817
2026-08-13T19:38:49Z,18.665,18.945,18.625,18.835,25038
