$ C:/Ruby31-x64/bin/ruby.exe "C:/Users/Maxim/My Drive/Trading/Trading_Bot_Officiel/Job_Trading_Or_Software/github_trading_backtester/trading_bot.rb" --symbols NVDA_GoogleFinance_AutoUpToDate --from 2020-01-01 --to 2026-12-29 --start-equity 50000 --one-trade

🔍 DEBUG BOOT CHECK: running from C:/Users/Maxim/My Drive/Trading/Trading_Bot_Officiel/Job_Trading_Or_Software/github_trading_backtester/lib/trading_bot/bootstrap.rb
🔍 Current working directory: C:/Users/Maxim/My Drive/Trading/Trading_Bot_Officiel/Job_Trading_Or_Software/github_trading_backtester
🔍 Ruby version: 3.1.4
🔍 Timestamp: 2026-08-13 21:54:50 UTC
[BOOT] FCXVolPolicy loaded? YES
[FCX_VOL] loaded=yes
[EARLY ENV] SMA=, OS=, OB=, STOP=, PROF=, BE=, BX=
[DEBUG PARAMS] SMA=, OS=, OB=, STOP=, PROF=, BE=, BX=
C:/Users/Maxim/My Drive/Trading/Trading_Bot_Officiel/Job_Trading_Or_Software/github_trading_backtester/lib/trading_bot/bootstrap.rb:203: warning: already initialized constant BASE_DIR
C:/Users/Maxim/My Drive/Trading/Trading_Bot_Officiel/Job_Trading_Or_Software/github_trading_backtester/lib/trading_bot/bootstrap.rb:118: warning: previous definition of BASE_DIR was here
[CONFIG] Start equity = $50000.0
C:/Users/Maxim/My Drive/Trading/Trading_Bot_Officiel/Job_Trading_Or_Software/github_trading_backtester/lib/trading_bot/runner.rb:35: warning: already initialized constant RESULTS_DIR
C:/Users/Maxim/My Drive/Trading/Trading_Bot_Officiel/Job_Trading_Or_Software/github_trading_backtester/lib/trading_bot/bootstrap.rb:240: warning: previous definition of RESULTS_DIR was here
C:/Users/Maxim/My Drive/Trading/Trading_Bot_Officiel/Job_Trading_Or_Software/github_trading_backtester/lib/trading_bot/runner.rb:39: warning: already initialized constant SWEEP_LIVE
C:/Users/Maxim/My Drive/Trading/Trading_Bot_Officiel/Job_Trading_Or_Software/github_trading_backtester/lib/trading_bot/bootstrap.rb:246: warning: previous definition of SWEEP_LIVE was here
C:/Users/Maxim/My Drive/Trading/Trading_Bot_Officiel/Job_Trading_Or_Software/github_trading_backtester/lib/trading_bot/runner.rb:40: warning: already initialized constant SWEEP_BEST
C:/Users/Maxim/My Drive/Trading/Trading_Bot_Officiel/Job_Trading_Or_Software/github_trading_backtester/lib/trading_bot/bootstrap.rb:247: warning: previous definition of SWEEP_BEST was here
[STORAGE] profile=default bot=vanilla
[STORAGE] RESULTS_DIR → C:/Users/Maxim/My Drive/Trading/Trading_Bot_Officiel/Job_Trading_Or_Software/github_trading_backtester/storage/default/vanilla
[STORAGE] METRICS_CSV → C:/Users/Maxim/My Drive/Trading/Trading_Bot_Officiel/Job_Trading_Or_Software/github_trading_backtester/storage/default/vanilla/metrics/latest.csv
=== ACTIVE CONFIGURATION ===
ATR Stop Multiplier   = 6.0
ATR Profit Multiplier = 3.0
SMA Filter Length     = 200
RSI2 Period           = 2, Oversold=20, Overbought=88
RSI3 Period           = 3, Oversold=20, Overbought=88
Breakout Entry Window = 36, Exit Window=40
============================

🟢 MODE: ONE-TRADE (Strict Sequential)
-------------------------------------------------------------
[RUNNING] NVDA_GoogleFinance_AutoUpToDate with Hybrid v3 Strategy...
[REGIME] Benchmark VXX_GoogleFinance_AutoUpToDate missing; regime filter will be OFF
[VIXY FAST PANIC] 2000-01-20T00:00:00Z | Blocked for 12 days
[VIXY FAST PANIC] 2000-01-28T00:00:00Z | Blocked for 12 days
[VIXY FAST PANIC] 2000-02-16T00:00:00Z | Blocked for 12 days
[VIXY PANIC] 2000-02-17T00:00:00Z | Blocked for 15 days
[VIXY FAST PANIC] 2000-02-17T00:00:00Z | Blocked for 12 days
[VIXY PANIC] 2000-02-18T00:00:00Z | Blocked for 15 days
[VIXY FAST PANIC] 2000-02-18T00:00:00Z | Blocked for 12 days
[VIXY PANIC] 2000-02-22T00:00:00Z | Blocked for 15 days
[VIXY FAST PANIC] 2000-02-22T00:00:00Z | Blocked for 12 days
[VIXY PANIC] 2000-02-23T00:00:00Z | Blocked for 15 days
[VIXY FAST PANIC] 2000-02-23T00:00:00Z | Blocked for 12 days
[VIXY PANIC] 2000-02-24T00:00:00Z | Blocked for 15 days
[VIXY PANIC] 2000-02-25T00:00:00Z | Blocked for 15 days
[VIXY FAST PANIC] 2000-02-29T00:00:00Z | Blocked for 12 days
[VIXY PANIC] 2000-03-03T00:00:00Z | Blocked for 15 days
[VIXY FAST PANIC] 2000-03-06T00:00:00Z | Blocked for 12 days
[VIXY PANIC] 2000-03-08T00:00:00Z | Blocked for 15 days
[VIXY FAST PANIC] 2000-03-08T00:00:00Z | Blocked for 12 days
[VIXY PANIC] 2000-03-09T00:00:00Z | Blocked for 15 days
[VIXY FAST PANIC] 2000-03-09T00:00:00Z | Blocked for 12 days
[VIXY PANIC] 2000-03-10T00:00:00Z | Blocked for 15 days
[VIXY FAST PANIC] 2000-03-10T00:00:00Z | Blocked for 12 days
[VIXY PANIC] 2000-03-13T00:00:00Z | Blocked for 15 days
[VIXY PANIC] 2000-03-14T00:00:00Z | Blocked for 15 days
[VIXY FAST PANIC] 2000-03-14T00:00:00Z | Blocked for 12 days
[VIXY PANIC] 2000-03-15T00:00:00Z | Blocked for 15 days
[VIXY FAST PANIC] 2000-03-15T00:00:00Z | Blocked for 12 days
[VIXY PANIC] 2000-03-16T00:00:00Z | Blocked for 15 days
[VIXY FAST PANIC] 2000-05-01T00:00:00Z | Blocked for 12 days
[VIXY PANIC] 2000-05-02T00:00:00Z | Blocked for 15 days
[VIXY FAST PANIC] 2000-05-02T00:00:00Z | Blocked for 12 days
[VIXY PANIC] 2000-05-03T00:00:00Z | Blocked for 15 days
[VIXY FAST PANIC] 2000-05-03T00:00:00Z | Blocked for 12 days
[VIXY PANIC] 2000-05-04T00:00:00Z | Blocked for 15 days
[VIXY FAST PANIC] 2000-05-22T00:00:00Z | Blocked for 12 days
[VIXY FAST PANIC] 2000-06-01T00:00:00Z | Blocked for 12 days
[VIXY PANIC] 2000-06-02T00:00:00Z | Blocked for 15 days
[VIXY PANIC] 2000-06-05T00:00:00Z | Blocked for 15 days
[VIXY PANIC] 2000-06-13T00:00:00Z | Blocked for 15 days
[VIXY FAST PANIC] 2000-06-13T00:00:00Z | Blocked for 12 days
[VIXY PANIC] 2000-06-14T00:00:00Z | Blocked for 15 days
[VIXY FAST PANIC] 2000-06-14T00:00:00Z | Blocked for 12 days
[VIXY PANIC] 2000-06-15T00:00:00Z | Blocked for 15 days
[VIXY FAST PANIC] 2000-06-15T00:00:00Z | Blocked for 12 days
[VIXY PANIC] 2000-06-16T00:00:00Z | Blocked for 15 days
[VIXY PANIC] 2000-06-19T00:00:00Z | Blocked for 15 days
[VIXY FAST PANIC] 2000-06-22T00:00:00Z | Blocked for 12 days
[VIXY PANIC] 2000-07-07T00:00:00Z | Blocked for 15 days
[VIXY FAST PANIC] 2000-07-07T00:00:00Z | Blocked for 12 days
[VIXY PANIC] 2000-07-10T00:00:00Z | Blocked for 15 days
[VIXY FAST PANIC] 2000-07-10T00:00:00Z | Blocked for 12 days
[VIXY PANIC] 2000-07-11T00:00:00Z | Blocked for 15 days
[VIXY FAST PANIC] 2000-07-11T00:00:00Z | Blocked for 12 days
[VIXY PANIC] 2000-07-12T00:00:00Z | Blocked for 15 days
[VIXY FAST PANIC] 2000-07-12T00:00:00Z | Blocked for 12 days
[VIXY PANIC] 2000-07-13T00:00:00Z | Blocked for 15 days
[VIXY PANIC] 2000-07-14T00:00:00Z | Blocked for 15 days
[VIXY FAST PANIC] 2000-07-14T00:00:00Z | Blocked for 12 days
[VIXY FAST PANIC] 2000-07-24T00:00:00Z | Blocked for 12 days
[VIXY PANIC] 2000-07-25T00:00:00Z | Blocked for 15 days
[VIXY FAST PANIC] 2000-07-25T00:00:00Z | Blocked for 12 days
[VIXY PANIC] 2000-07-26T00:00:00Z | Blocked for 15 days
[VIXY FAST PANIC] 2000-07-26T00:00:00Z | Blocked for 12 days
[VIXY PANIC] 2000-07-27T00:00:00Z | Blocked for 15 days
[VIXY FAST PANIC] 2000-07-27T00:00:00Z | Blocked for 12 days
[VIXY PANIC] 2000-07-28T00:00:00Z | Blocked for 15 days
[VIXY PANIC] 2000-07-31T00:00:00Z | Blocked for 15 days
[VIXY PANIC] 2000-08-01T00:00:00Z | Blocked for 15 days
[VIXY FAST PANIC] 2000-08-01T00:00:00Z | Blocked for 12 days
[VIXY PANIC] 2000-08-02T00:00:00Z | Blocked for 15 days
[VIXY FAST PANIC] 2000-08-02T00:00:00Z | Blocked for 12 days
[VIXY PANIC] 2000-08-03T00:00:00Z | Blocked for 15 days
[VIXY FAST PANIC] 2000-08-03T00:00:00Z | Blocked for 12 days
[VIXY PANIC] 2000-08-04T00:00:00Z | Blocked for 15 days
[VIXY FAST PANIC] 2000-08-04T00:00:00Z | Blocked for 12 days
[VIXY PANIC] 2000-08-07T00:00:00Z | Blocked for 15 days
[VIXY FAST PANIC] 2000-08-07T00:00:00Z | Blocked for 12 days
[VIXY PANIC] 2000-08-08T00:00:00Z | Blocked for 15 days
[VIXY FAST PANIC] 2000-08-08T00:00:00Z | Blocked for 12 days
[VIXY PANIC] 2000-08-09T00:00:00Z | Blocked for 15 days
[VIXY PANIC] 2000-08-10T00:00:00Z | Blocked for 15 days
[VIXY FAST PANIC] 2000-08-10T00:00:00Z | Blocked for 12 days
[VIXY PANIC] 2000-08-14T00:00:00Z | Blocked for 15 days
[VIXY PANIC] 2000-08-16T00:00:00Z | Blocked for 15 days
[VIXY FAST PANIC] 2000-08-16T00:00:00Z | Blocked for 12 days
[VIXY PANIC] 2000-08-17T00:00:00Z | Blocked for 15 days
[VIXY FAST PANIC] 2000-08-17T00:00:00Z | Blocked for 12 days
[VIXY PANIC] 2000-08-18T00:00:00Z | Blocked for 15 days
[VIXY FAST PANIC] 2000-08-18T00:00:00Z | Blocked for 12 days
[VIXY PANIC] 2000-08-21T00:00:00Z | Blocked for 15 days
[VIXY FAST PANIC] 2000-08-21T00:00:00Z | Blocked for 12 days
[VIXY PANIC] 2000-08-22T00:00:00Z | Blocked for 15 days
[VIXY PANIC] 2000-08-23T00:00:00Z | Blocked for 15 days
[VIXY FAST PANIC] 2000-08-31T00:00:00Z | Blocked for 12 days
[VIXY PANIC] 2000-09-01T00:00:00Z | Blocked for 15 days
[VIXY FAST PANIC] 2000-09-01T00:00:00Z | Blocked for 12 days
[VIXY PANIC] 2000-09-05T00:00:00Z | Blocked for 15 days
[VIXY FAST PANIC] 2000-09-05T00:00:00Z | Blocked for 12 days
[VIXY PANIC] 2000-09-06T00:00:00Z | Blocked for 15 days
[VIXY PANIC] 2000-09-07T00:00:00Z | Blocked for 15 days
[VIXY FAST PANIC] 2000-09-07T00:00:00Z | Blocked for 12 days
[VIXY PANIC] 2000-09-08T00:00:00Z | Blocked for 15 days
[VIXY FAST PANIC] 2000-09-08T00:00:00Z | Blocked for 12 days
[VIXY PANIC] 2000-09-11T00:00:00Z | Blocked for 15 days
[VIXY FAST PANIC] 2000-09-11T00:00:00Z | Blocked for 12 days
[VIXY PANIC] 2000-09-12T00:00:00Z | Blocked for 15 days
[VIXY FAST PANIC] 2000-09-19T00:00:00Z | Blocked for 12 days
[VIXY PANIC] 2000-09-20T00:00:00Z | Blocked for 15 days
[VIXY FAST PANIC] 2000-09-20T00:00:00Z | Blocked for 12 days
[VIXY PANIC] 2000-09-21T00:00:00Z | Blocked for 15 days
[VIXY FAST PANIC] 2000-09-21T00:00:00Z | Blocked for 12 days
[VIXY PANIC] 2000-09-22T00:00:00Z | Blocked for 15 days
[VIXY FAST PANIC] 2000-09-22T00:00:00Z | Blocked for 12 days
[VIXY PANIC] 2000-09-25T00:00:00Z | Blocked for 15 days
[VIXY PANIC] 2000-09-26T00:00:00Z | Blocked for 15 days
[VIXY PANIC] 2000-09-28T00:00:00Z | Blocked for 15 days
[VIXY FAST PANIC] 2000-09-28T00:00:00Z | Blocked for 12 days
[VIXY PANIC] 2000-09-29T00:00:00Z | Blocked for 15 days
[VIXY FAST PANIC] 2000-09-29T00:00:00Z | Blocked for 12 days
[VIXY PANIC] 2000-10-02T00:00:00Z | Blocked for 15 days
[VIXY FAST PANIC] 2000-10-02T00:00:00Z | Blocked for 12 days
[VIXY FAST PANIC] 2000-10-13T00:00:00Z | Blocked for 12 days
[VIXY PANIC] 2000-10-17T00:00:00Z | Blocked for 15 days
[VIXY FAST PANIC] 2000-10-17T00:00:00Z | Blocked for 12 days
[VIXY PANIC] 2000-10-18T00:00:00Z | Blocked for 15 days
[VIXY FAST PANIC] 2000-10-18T00:00:00Z | Blocked for 12 days
[VIXY PANIC] 2000-10-19T00:00:00Z | Blocked for 15 days
[VIXY PANIC] 2000-10-30T00:00:00Z | Blocked for 15 days
[VIXY FAST PANIC] 2000-10-30T00:00:00Z | Blocked for 12 days
[VIXY PANIC] 2000-10-31T00:00:00Z | Blocked for 15 days
[VIXY FAST PANIC] 2000-10-31T00:00:00Z | Blocked for 12 days
[VIXY PANIC] 2000-11-01T00:00:00Z | Blocked for 15 days
[VIXY FAST PANIC] 2000-11-01T00:00:00Z | Blocked for 12 days
[VIXY PANIC] 2000-11-02T00:00:00Z | Blocked for 15 days
[VIXY PANIC] 2000-11-03T00:00:00Z | Blocked for 15 days
[VIXY PANIC] 2000-11-07T00:00:00Z | Blocked for 15 days
[VIXY FAST PANIC] 2000-11-07T00:00:00Z | Blocked for 12 days
[VIXY PANIC] 2000-11-08T00:00:00Z | Blocked for 15 days
[VIXY FAST PANIC] 2000-11-08T00:00:00Z | Blocked for 12 days
[VIXY FAST PANIC] 2000-11-09T00:00:00Z | Blocked for 12 days
[VIXY PANIC] 2000-11-10T00:00:00Z | Blocked for 15 days
[VIXY PANIC] 2000-11-13T00:00:00Z | Blocked for 15 days
[VIXY FAST PANIC] 2000-11-14T00:00:00Z | Blocked for 12 days
[VIXY PANIC] 2000-11-15T00:00:00Z | Blocked for 15 days
[VIXY FAST PANIC] 2000-11-15T00:00:00Z | Blocked for 12 days
[VIXY PANIC] 2000-11-16T00:00:00Z | Blocked for 15 days
[VIXY FAST PANIC] 2000-11-16T00:00:00Z | Blocked for 12 days
[VIXY PANIC] 2000-11-17T00:00:00Z | Blocked for 15 days
[VIXY PANIC] 2000-11-20T00:00:00Z | Blocked for 15 days
[VIXY PANIC] 2000-11-21T00:00:00Z | Blocked for 15 days
[VIXY FAST PANIC] 2000-11-21T00:00:00Z | Blocked for 12 days
[VIXY FAST PANIC] 2000-11-22T00:00:00Z | Blocked for 12 days
[VIXY PANIC] 2000-12-06T00:00:00Z | Blocked for 15 days
[VIXY FAST PANIC] 2000-12-06T00:00:00Z | Blocked for 12 days
[VIXY FAST PANIC] 2000-12-26T00:00:00Z | Blocked for 12 days
[VIXY PANIC] 2000-12-27T00:00:00Z | Blocked for 15 days
[VIXY PANIC] 2000-12-28T00:00:00Z | Blocked for 15 days
[VIXY FAST PANIC] 2000-12-28T00:00:00Z | Blocked for 12 days
[VIXY FAST PANIC] 2001-02-07T00:00:00Z | Blocked for 12 days
[VIXY PANIC] 2001-02-08T00:00:00Z | Blocked for 15 days
[VIXY FAST PANIC] 2001-02-08T00:00:00Z | Blocked for 12 days
[VIXY PANIC] 2001-02-09T00:00:00Z | Blocked for 15 days
[VIXY FAST PANIC] 2001-02-09T00:00:00Z | Blocked for 12 days
[VIXY PANIC] 2001-02-12T00:00:00Z | Blocked for 15 days
[VIXY FAST PANIC] 2001-02-12T00:00:00Z | Blocked for 12 days
[VIXY PANIC] 2001-02-13T00:00:00Z | Blocked for 15 days
[VIXY PANIC] 2001-02-14T00:00:00Z | Blocked for 15 days
[VIXY FAST PANIC] 2001-02-14T00:00:00Z | Blocked for 12 days
[VIXY PANIC] 2001-02-16T00:00:00Z | Blocked for 15 days
[VIXY FAST PANIC] 2001-02-26T00:00:00Z | Blocked for 12 days
[VIXY PANIC] 2001-03-05T00:00:00Z | Blocked for 15 days
[VIXY FAST PANIC] 2001-03-05T00:00:00Z | Blocked for 12 days
[VIXY FAST PANIC] 2001-03-28T00:00:00Z | Blocked for 12 days
[VIXY PANIC] 2001-03-30T00:00:00Z | Blocked for 15 days
[VIXY FAST PANIC] 2001-04-03T00:00:00Z | Blocked for 12 days
[VIXY PANIC] 2001-04-04T00:00:00Z | Blocked for 15 days
[VIXY FAST PANIC] 2001-04-04T00:00:00Z | Blocked for 12 days
[VIXY PANIC] 2001-04-05T00:00:00Z | Blocked for 15 days
[VIXY FAST PANIC] 2001-04-05T00:00:00Z | Blocked for 12 days
[VIXY PANIC] 2001-04-06T00:00:00Z | Blocked for 15 days
[VIXY FAST PANIC] 2001-04-06T00:00:00Z | Blocked for 12 days
[VIXY PANIC] 2001-04-09T00:00:00Z | Blocked for 15 days
[VIXY FAST PANIC] 2001-04-09T00:00:00Z | Blocked for 12 days
[VIXY PANIC] 2001-04-10T00:00:00Z | Blocked for 15 days
[VIXY PANIC] 2001-04-11T00:00:00Z | Blocked for 15 days
[VIXY PANIC] 2001-05-03T00:00:00Z | Blocked for 15 days
[VIXY FAST PANIC] 2001-05-03T00:00:00Z | Blocked for 12 days
[VIXY PANIC] 2001-05-04T00:00:00Z | Blocked for 15 days
[VIXY FAST PANIC] 2001-05-04T00:00:00Z | Blocked for 12 days
[VIXY PANIC] 2001-05-07T00:00:00Z | Blocked for 15 days
[VIXY FAST PANIC] 2001-05-07T00:00:00Z | Blocked for 12 days
[VIXY PANIC] 2001-05-08T00:00:00Z | Blocked for 15 days
[VIXY FAST PANIC] 2001-05-08T00:00:00Z | Blocked for 12 days
[VIXY PANIC] 2001-05-09T00:00:00Z | Blocked for 15 days
[VIXY PANIC] 2001-05-11T00:00:00Z | Blocked for 15 days
[VIXY FAST PANIC] 2001-05-11T00:00:00Z | Blocked for 12 days
[VIXY PANIC] 2001-05-14T00:00:00Z | Blocked for 15 days
[VIXY FAST PANIC] 2001-05-14T00:00:00Z | Blocked for 12 days
[VIXY PANIC] 2001-05-15T00:00:00Z | Blocked for 15 days
[VIXY FAST PANIC] 2001-05-15T00:00:00Z | Blocked for 12 days
[VIXY PANIC] 2001-05-16T00:00:00Z | Blocked for 15 days
[VIXY FAST PANIC] 2001-05-16T00:00:00Z | Blocked for 12 days
[VIXY PANIC] 2001-05-17T00:00:00Z | Blocked for 15 days
[VIXY FAST PANIC] 2001-05-17T00:00:00Z | Blocked for 12 days
[VIXY PANIC] 2001-05-18T00:00:00Z | Blocked for 15 days
[VIXY PANIC] 2001-05-21T00:00:00Z | Blocked for 15 days
[VIXY PANIC] 2001-05-30T00:00:00Z | Blocked for 15 days
[VIXY FAST PANIC] 2001-05-30T00:00:00Z | Blocked for 12 days
[VIXY PANIC] 2001-05-31T00:00:00Z | Blocked for 15 days
[VIXY FAST PANIC] 2001-05-31T00:00:00Z | Blocked for 12 days
[VIXY PANIC] 2001-06-01T00:00:00Z | Blocked for 15 days
[VIXY FAST PANIC] 2001-06-01T00:00:00Z | Blocked for 12 days
[VIXY PANIC] 2001-06-04T00:00:00Z | Blocked for 15 days
[VIXY PANIC] 2001-06-12T00:00:00Z | Blocked for 15 days
[VIXY FAST PANIC] 2001-06-12T00:00:00Z | Blocked for 12 days
[VIXY FAST PANIC] 2001-06-20T00:00:00Z | Blocked for 12 days
[VIXY FAST PANIC] 2001-06-22T00:00:00Z | Blocked for 12 days
[VIXY PANIC] 2001-06-26T00:00:00Z | Blocked for 15 days
[VIXY FAST PANIC] 2001-06-26T00:00:00Z | Blocked for 12 days
[VIXY FAST PANIC] 2001-07-19T00:00:00Z | Blocked for 12 days
[VIXY PANIC] 2001-07-20T00:00:00Z | Blocked for 15 days
[VIXY FAST PANIC] 2001-07-20T00:00:00Z | Blocked for 12 days
[VIXY PANIC] 2001-07-23T00:00:00Z | Blocked for 15 days
[VIXY FAST PANIC] 2001-07-23T00:00:00Z | Blocked for 12 days
[VIXY PANIC] 2001-07-24T00:00:00Z | Blocked for 15 days
[VIXY FAST PANIC] 2001-07-24T00:00:00Z | Blocked for 12 days
[VIXY PANIC] 2001-07-25T00:00:00Z | Blocked for 15 days
[VIXY FAST PANIC] 2001-08-15T00:00:00Z | Blocked for 12 days
[VIXY FAST PANIC] 2001-08-21T00:00:00Z | Blocked for 12 days
[VIXY PANIC] 2001-08-22T00:00:00Z | Blocked for 15 days
[VIXY FAST PANIC] 2001-08-22T00:00:00Z | Blocked for 12 days
[VIXY FAST PANIC] 2001-08-29T00:00:00Z | Blocked for 12 days
[VIXY PANIC] 2001-09-28T00:00:00Z | Blocked for 15 days
[VIXY FAST PANIC] 2001-09-28T00:00:00Z | Blocked for 12 days
[VIXY PANIC] 2001-10-01T00:00:00Z | Blocked for 15 days
[VIXY FAST PANIC] 2001-10-01T00:00:00Z | Blocked for 12 days
[VIXY PANIC] 2001-10-03T00:00:00Z | Blocked for 15 days
[VIXY PANIC] 2001-10-04T00:00:00Z | Blocked for 15 days
[VIXY FAST PANIC] 2001-10-12T00:00:00Z | Blocked for 12 days
[VIXY FAST PANIC] 2001-10-15T00:00:00Z | Blocked for 12 days
[VIXY PANIC] 2001-10-17T00:00:00Z | Blocked for 15 days
[VIXY FAST PANIC] 2001-10-24T00:00:00Z | Blocked for 12 days
[VIXY FAST PANIC] 2001-10-25T00:00:00Z | Blocked for 12 days
[VIXY PANIC] 2001-10-26T00:00:00Z | Blocked for 15 days
[VIXY FAST PANIC] 2001-10-26T00:00:00Z | Blocked for 12 days
[VIXY PANIC] 2001-10-29T00:00:00Z | Blocked for 15 days
[VIXY FAST PANIC] 2001-10-29T00:00:00Z | Blocked for 12 days
[VIXY PANIC] 2001-10-30T00:00:00Z | Blocked for 15 days
[VIXY FAST PANIC] 2001-10-30T00:00:00Z | Blocked for 12 days
[VIXY PANIC] 2001-10-31T00:00:00Z | Blocked for 15 days
[VIXY PANIC] 2001-11-01T00:00:00Z | Blocked for 15 days
[VIXY FAST PANIC] 2001-11-08T00:00:00Z | Blocked for 12 days
[VIXY PANIC] 2001-11-09T00:00:00Z | Blocked for 15 days
[VIXY FAST PANIC] 2001-11-09T00:00:00Z | Blocked for 12 days
[VIXY PANIC] 2001-11-12T00:00:00Z | Blocked for 15 days
[VIXY FAST PANIC] 2001-11-12T00:00:00Z | Blocked for 12 days
[VIXY FAST PANIC] 2001-11-16T00:00:00Z | Blocked for 12 days
[VIXY FAST PANIC] 2001-12-05T00:00:00Z | Blocked for 12 days
[VIXY PANIC] 2001-12-06T00:00:00Z | Blocked for 15 days
[VIXY PANIC] 2001-12-07T00:00:00Z | Blocked for 15 days
[VIXY PANIC] 2001-12-17T00:00:00Z | Blocked for 15 days
[VIXY FAST PANIC] 2001-12-17T00:00:00Z | Blocked for 12 days
[VIXY FAST PANIC] 2001-12-21T00:00:00Z | Blocked for 12 days
[VIXY PANIC] 2001-12-24T00:00:00Z | Blocked for 15 days
[VIXY FAST PANIC] 2001-12-24T00:00:00Z | Blocked for 12 days
[VIXY PANIC] 2001-12-26T00:00:00Z | Blocked for 15 days
[VIXY FAST PANIC] 2001-12-26T00:00:00Z | Blocked for 12 days
[VIXY PANIC] 2001-12-27T00:00:00Z | Blocked for 15 days
[VIXY FAST PANIC] 2001-12-27T00:00:00Z | Blocked for 12 days
[VIXY PANIC] 2001-12-28T00:00:00Z | Blocked for 15 days
[VIXY FAST PANIC] 2001-12-28T00:00:00Z | Blocked for 12 days
[VIXY PANIC] 2001-12-31T00:00:00Z | Blocked for 15 days
[VIXY FAST PANIC] 2001-12-31T00:00:00Z | Blocked for 12 days
[VIXY FAST PANIC] 2002-01-29T00:00:00Z | Blocked for 12 days
[VIXY PANIC] 2002-01-31T00:00:00Z | Blocked for 15 days
[VIXY FAST PANIC] 2002-01-31T00:00:00Z | Blocked for 12 days
[VIXY PANIC] 2002-02-01T00:00:00Z | Blocked for 15 days
[VIXY FAST PANIC] 2002-02-01T00:00:00Z | Blocked for 12 days
[VIXY PANIC] 2002-02-05T00:00:00Z | Blocked for 15 days
[VIXY PANIC] 2002-02-06T00:00:00Z | Blocked for 15 days
[VIXY FAST PANIC] 2002-02-21T00:00:00Z | Blocked for 12 days
[VIXY PANIC] 2002-02-22T00:00:00Z | Blocked for 15 days
[VIXY FAST PANIC] 2002-02-22T00:00:00Z | Blocked for 12 days
[VIXY FAST PANIC] 2002-02-25T00:00:00Z | Blocked for 12 days
[VIXY PANIC] 2002-02-26T00:00:00Z | Blocked for 15 days
[VIXY FAST PANIC] 2002-02-26T00:00:00Z | Blocked for 12 days
[VIXY PANIC] 2002-02-27T00:00:00Z | Blocked for 15 days
[VIXY FAST PANIC] 2002-02-27T00:00:00Z | Blocked for 12 days
[VIXY FAST PANIC] 2002-02-28T00:00:00Z | Blocked for 12 days
[VIXY PANIC] 2002-03-01T00:00:00Z | Blocked for 15 days
[VIXY PANIC] 2002-03-04T00:00:00Z | Blocked for 15 days
[VIXY PANIC] 2002-03-19T00:00:00Z | Blocked for 15 days
[VIXY FAST PANIC] 2002-03-19T00:00:00Z | Blocked for 12 days
[VIXY PANIC] 2002-03-20T00:00:00Z | Blocked for 15 days
[VIXY FAST PANIC] 2002-03-20T00:00:00Z | Blocked for 12 days
[VIXY PANIC] 2002-03-22T00:00:00Z | Blocked for 15 days
[VIXY PANIC] 2002-04-16T00:00:00Z | Blocked for 15 days
[VIXY FAST PANIC] 2002-04-16T00:00:00Z | Blocked for 12 days
[VIXY PANIC] 2002-04-18T00:00:00Z | Blocked for 15 days
[VIXY FAST PANIC] 2002-04-18T00:00:00Z | Blocked for 12 days
[VIXY PANIC] 2002-04-19T00:00:00Z | Blocked for 15 days
[VIXY FAST PANIC] 2002-04-19T00:00:00Z | Blocked for 12 days
[VIXY PANIC] 2002-04-22T00:00:00Z | Blocked for 15 days
[VIXY FAST PANIC] 2002-04-22T00:00:00Z | Blocked for 12 days
[VIXY PANIC] 2002-05-02T00:00:00Z | Blocked for 15 days
[VIXY FAST PANIC] 2002-05-23T00:00:00Z | Blocked for 12 days
[VIXY PANIC] 2002-05-28T00:00:00Z | Blocked for 15 days
[VIXY FAST PANIC] 2002-06-03T00:00:00Z | Blocked for 12 days
[VIXY PANIC] 2002-06-05T00:00:00Z | Blocked for 15 days
[VIXY FAST PANIC] 2002-06-05T00:00:00Z | Blocked for 12 days
[VIXY PANIC] 2002-06-06T00:00:00Z | Blocked for 15 days
[VIXY FAST PANIC] 2002-06-06T00:00:00Z | Blocked for 12 days
[VIXY PANIC] 2002-06-07T00:00:00Z | Blocked for 15 days
[VIXY FAST PANIC] 2002-06-07T00:00:00Z | Blocked for 12 days
[VIXY PANIC] 2002-06-12T00:00:00Z | Blocked for 15 days
[VIXY PANIC] 2002-06-13T00:00:00Z | Blocked for 15 days
[VIXY FAST PANIC] 2002-06-13T00:00:00Z | Blocked for 12 days
[VIXY FAST PANIC] 2002-06-14T00:00:00Z | Blocked for 12 days
[VIXY PANIC] 2002-06-17T00:00:00Z | Blocked for 15 days
[VIXY FAST PANIC] 2002-06-17T00:00:00Z | Blocked for 12 days
[VIXY PANIC] 2002-06-18T00:00:00Z | Blocked for 15 days
[VIXY PANIC] 2002-06-21T00:00:00Z | Blocked for 15 days
[VIXY FAST PANIC] 2002-06-21T00:00:00Z | Blocked for 12 days
[VIXY PANIC] 2002-06-24T00:00:00Z | Blocked for 15 days
[VIXY FAST PANIC] 2002-06-24T00:00:00Z | Blocked for 12 days
[VIXY PANIC] 2002-06-25T00:00:00Z | Blocked for 15 days
[VIXY FAST PANIC] 2002-06-25T00:00:00Z | Blocked for 12 days
[VIXY PANIC] 2002-06-26T00:00:00Z | Blocked for 15 days
[VIXY PANIC] 2002-06-27T00:00:00Z | Blocked for 15 days
[VIXY PANIC] 2002-08-12T00:00:00Z | Blocked for 15 days
[VIXY PANIC] 2002-08-13T00:00:00Z | Blocked for 15 days
[VIXY PANIC] 2002-08-16T00:00:00Z | Blocked for 15 days
[VIXY FAST PANIC] 2002-08-16T00:00:00Z | Blocked for 12 days
[VIXY PANIC] 2002-08-19T00:00:00Z | Blocked for 15 days
[VIXY FAST PANIC] 2002-08-19T00:00:00Z | Blocked for 12 days
[VIXY PANIC] 2002-08-20T00:00:00Z | Blocked for 15 days
[VIXY FAST PANIC] 2002-08-20T00:00:00Z | Blocked for 12 days
[VIXY PANIC] 2002-08-21T00:00:00Z | Blocked for 15 days
[VIXY PANIC] 2002-08-22T00:00:00Z | Blocked for 15 days
[VIXY FAST PANIC] 2002-08-22T00:00:00Z | Blocked for 12 days
[VIXY PANIC] 2002-08-28T00:00:00Z | Blocked for 15 days
[VIXY FAST PANIC] 2002-08-28T00:00:00Z | Blocked for 12 days
[VIXY PANIC] 2002-08-29T00:00:00Z | Blocked for 15 days
[VIXY FAST PANIC] 2002-08-29T00:00:00Z | Blocked for 12 days
[VIXY PANIC] 2002-08-30T00:00:00Z | Blocked for 15 days
[VIXY FAST PANIC] 2002-08-30T00:00:00Z | Blocked for 12 days
[VIXY PANIC] 2002-09-03T00:00:00Z | Blocked for 15 days
[VIXY FAST PANIC] 2002-09-03T00:00:00Z | Blocked for 12 days
[VIXY PANIC] 2002-09-04T00:00:00Z | Blocked for 15 days
[VIXY PANIC] 2002-09-30T00:00:00Z | Blocked for 15 days
[VIXY PANIC] 2002-10-01T00:00:00Z | Blocked for 15 days
[VIXY FAST PANIC] 2002-10-01T00:00:00Z | Blocked for 12 days
[VIXY FAST PANIC] 2002-10-02T00:00:00Z | Blocked for 12 days
[VIXY PANIC] 2002-10-03T00:00:00Z | Blocked for 15 days
[VIXY FAST PANIC] 2002-10-03T00:00:00Z | Blocked for 12 days
[VIXY PANIC] 2002-10-04T00:00:00Z | Blocked for 15 days
[VIXY FAST PANIC] 2002-10-04T00:00:00Z | Blocked for 12 days
[VIXY PANIC] 2002-10-07T00:00:00Z | Blocked for 15 days
[VIXY FAST PANIC] 2002-10-07T00:00:00Z | Blocked for 12 days
[VIXY PANIC] 2002-10-08T00:00:00Z | Blocked for 15 days
[VIXY FAST PANIC] 2002-10-08T00:00:00Z | Blocked for 12 days
[VIXY PANIC] 2002-10-09T00:00:00Z | Blocked for 15 days
[VIXY FAST PANIC] 2002-10-09T00:00:00Z | Blocked for 12 days
[VIXY PANIC] 2002-10-10T00:00:00Z | Blocked for 15 days
[VIXY FAST PANIC] 2002-10-10T00:00:00Z | Blocked for 12 days
[VIXY FAST PANIC] 2002-10-16T00:00:00Z | Blocked for 12 days
[VIXY PANIC] 2002-12-03T00:00:00Z | Blocked for 15 days
[VIXY PANIC] 2002-12-04T00:00:00Z | Blocked for 15 days
[VIXY FAST PANIC] 2002-12-04T00:00:00Z | Blocked for 12 days
[VIXY PANIC] 2002-12-05T00:00:00Z | Blocked for 15 days
[VIXY PANIC] 2002-12-06T00:00:00Z | Blocked for 15 days
[VIXY FAST PANIC] 2002-12-12T00:00:00Z | Blocked for 12 days
[VIXY FAST PANIC] 2002-12-13T00:00:00Z | Blocked for 12 days
[VIXY PANIC] 2002-12-16T00:00:00Z | Blocked for 15 days
[VIXY FAST PANIC] 2002-12-16T00:00:00Z | Blocked for 12 days
[VIXY PANIC] 2002-12-17T00:00:00Z | Blocked for 15 days
[VIXY PANIC] 2002-12-18T00:00:00Z | Blocked for 15 days
[VIXY PANIC] 2003-01-03T00:00:00Z | Blocked for 15 days
[VIXY FAST PANIC] 2003-01-03T00:00:00Z | Blocked for 12 days
[VIXY PANIC] 2003-01-06T00:00:00Z | Blocked for 15 days
[VIXY PANIC] 2003-01-27T00:00:00Z | Blocked for 15 days
[VIXY FAST PANIC] 2003-01-27T00:00:00Z | Blocked for 12 days
[VIXY PANIC] 2003-01-28T00:00:00Z | Blocked for 15 days
[VIXY FAST PANIC] 2003-01-28T00:00:00Z | Blocked for 12 days
[VIXY PANIC] 2003-01-29T00:00:00Z | Blocked for 15 days
[VIXY FAST PANIC] 2003-01-29T00:00:00Z | Blocked for 12 days
[VIXY PANIC] 2003-01-30T00:00:00Z | Blocked for 15 days
[VIXY FAST PANIC] 2003-01-30T00:00:00Z | Blocked for 12 days
[VIXY PANIC] 2003-01-31T00:00:00Z | Blocked for 15 days
[VIXY PANIC] 2003-02-03T00:00:00Z | Blocked for 15 days
[VIXY FAST PANIC] 2003-02-03T00:00:00Z | Blocked for 12 days
[VIXY PANIC] 2003-02-04T00:00:00Z | Blocked for 15 days
[VIXY FAST PANIC] 2003-02-04T00:00:00Z | Blocked for 12 days
[VIXY PANIC] 2003-02-05T00:00:00Z | Blocked for 15 days
[VIXY FAST PANIC] 2003-02-05T00:00:00Z | Blocked for 12 days
[VIXY PANIC] 2003-02-06T00:00:00Z | Blocked for 15 days
[VIXY FAST PANIC] 2003-02-06T00:00:00Z | Blocked for 12 days
[VIXY PANIC] 2003-02-07T00:00:00Z | Blocked for 15 days
[VIXY FAST PANIC] 2003-02-20T00:00:00Z | Blocked for 12 days
[VIXY FAST PANIC] 2003-02-24T00:00:00Z | Blocked for 12 days
[VIXY PANIC] 2003-02-26T00:00:00Z | Blocked for 15 days
[VIXY PANIC] 2003-03-04T00:00:00Z | Blocked for 15 days
[VIXY FAST PANIC] 2003-03-04T00:00:00Z | Blocked for 12 days
[VIXY PANIC] 2003-03-14T00:00:00Z | Blocked for 15 days
[VIXY FAST PANIC] 2003-03-14T00:00:00Z | Blocked for 12 days
[VIXY PANIC] 2003-03-17T00:00:00Z | Blocked for 15 days
[VIXY FAST PANIC] 2003-03-17T00:00:00Z | Blocked for 12 days
[VIXY PANIC] 2003-03-18T00:00:00Z | Blocked for 15 days
[VIXY FAST PANIC] 2003-04-08T00:00:00Z | Blocked for 12 days
[VIXY PANIC] 2003-04-09T00:00:00Z | Blocked for 15 days
[VIXY PANIC] 2003-04-11T00:00:00Z | Blocked for 15 days
[VIXY PANIC] 2003-04-14T00:00:00Z | Blocked for 15 days
[VIXY FAST PANIC] 2003-04-14T00:00:00Z | Blocked for 12 days
[VIXY PANIC] 2003-04-15T00:00:00Z | Blocked for 15 days
[VIXY FAST PANIC] 2003-04-15T00:00:00Z | Blocked for 12 days
[VIXY PANIC] 2003-04-16T00:00:00Z | Blocked for 15 days
[VIXY PANIC] 2003-04-17T00:00:00Z | Blocked for 15 days
[VIXY FAST PANIC] 2003-06-13T00:00:00Z | Blocked for 12 days
[VIXY PANIC] 2003-06-16T00:00:00Z | Blocked for 15 days
[VIXY FAST PANIC] 2003-06-16T00:00:00Z | Blocked for 12 days
[VIXY PANIC] 2003-06-17T00:00:00Z | Blocked for 15 days
[VIXY PANIC] 2003-07-11T00:00:00Z | Blocked for 15 days
[VIXY FAST PANIC] 2003-07-11T00:00:00Z | Blocked for 12 days
[VIXY PANIC] 2003-07-14T00:00:00Z | Blocked for 15 days
[VIXY PANIC] 2003-07-18T00:00:00Z | Blocked for 15 days
[VIXY FAST PANIC] 2003-07-18T00:00:00Z | Blocked for 12 days
[VIXY PANIC] 2003-07-22T00:00:00Z | Blocked for 15 days
[VIXY FAST PANIC] 2003-07-22T00:00:00Z | Blocked for 12 days
[VIXY PANIC] 2003-07-24T00:00:00Z | Blocked for 15 days
[VIXY PANIC] 2003-07-28T00:00:00Z | Blocked for 15 days
[VIXY FAST PANIC] 2003-07-28T00:00:00Z | Blocked for 12 days
[VIXY PANIC] 2003-07-31T00:00:00Z | Blocked for 15 days
[VIXY PANIC] 2003-08-01T00:00:00Z | Blocked for 15 days
[VIXY FAST PANIC] 2003-08-01T00:00:00Z | Blocked for 12 days
[VIXY PANIC] 2003-08-04T00:00:00Z | Blocked for 15 days
[VIXY FAST PANIC] 2003-08-04T00:00:00Z | Blocked for 12 days
[VIXY PANIC] 2003-08-05T00:00:00Z | Blocked for 15 days
[VIXY FAST PANIC] 2003-08-05T00:00:00Z | Blocked for 12 days
[VIXY PANIC] 2003-08-06T00:00:00Z | Blocked for 15 days
[VIXY FAST PANIC] 2003-08-06T00:00:00Z | Blocked for 12 days
[VIXY PANIC] 2003-08-07T00:00:00Z | Blocked for 15 days
[VIXY PANIC] 2003-08-08T00:00:00Z | Blocked for 15 days
[VIXY FAST PANIC] 2003-08-08T00:00:00Z | Blocked for 12 days
[VIXY FAST PANIC] 2003-08-29T00:00:00Z | Blocked for 12 days
[VIXY PANIC] 2003-09-03T00:00:00Z | Blocked for 15 days
[VIXY PANIC] 2003-09-15T00:00:00Z | Blocked for 15 days
[VIXY PANIC] 2003-09-16T00:00:00Z | Blocked for 15 days
[VIXY FAST PANIC] 2003-09-16T00:00:00Z | Blocked for 12 days
[VIXY PANIC] 2003-09-24T00:00:00Z | Blocked for 15 days
[VIXY FAST PANIC] 2003-09-24T00:00:00Z | Blocked for 12 days
[VIXY FAST PANIC] 2003-09-25T00:00:00Z | Blocked for 12 days
[VIXY PANIC] 2003-09-26T00:00:00Z | Blocked for 15 days
[VIXY FAST PANIC] 2003-09-26T00:00:00Z | Blocked for 12 days
[VIXY PANIC] 2003-09-29T00:00:00Z | Blocked for 15 days
[VIXY PANIC] 2003-09-30T00:00:00Z | Blocked for 15 days
[VIXY FAST PANIC] 2003-09-30T00:00:00Z | Blocked for 12 days
[VIXY PANIC] 2003-10-01T00:00:00Z | Blocked for 15 days
[VIXY PANIC] 2003-10-02T00:00:00Z | Blocked for 15 days
[VIXY FAST PANIC] 2003-10-02T00:00:00Z | Blocked for 12 days
[VIXY PANIC] 2003-10-03T00:00:00Z | Blocked for 15 days
[VIXY PANIC] 2003-10-08T00:00:00Z | Blocked for 15 days
[VIXY FAST PANIC] 2003-10-10T00:00:00Z | Blocked for 12 days
[VIXY PANIC] 2003-10-13T00:00:00Z | Blocked for 15 days
[VIXY FAST PANIC] 2003-10-13T00:00:00Z | Blocked for 12 days
[VIXY PANIC] 2003-10-14T00:00:00Z | Blocked for 15 days
[VIXY FAST PANIC] 2003-10-14T00:00:00Z | Blocked for 12 days
[VIXY PANIC] 2003-10-15T00:00:00Z | Blocked for 15 days
[VIXY FAST PANIC] 2003-10-15T00:00:00Z | Blocked for 12 days
[VIXY PANIC] 2003-10-16T00:00:00Z | Blocked for 15 days
[VIXY FAST PANIC] 2003-10-16T00:00:00Z | Blocked for 12 days
[VIXY PANIC] 2003-10-17T00:00:00Z | Blocked for 15 days
[VIXY PANIC] 2003-10-20T00:00:00Z | Blocked for 15 days
[VIXY FAST PANIC] 2003-12-02T00:00:00Z | Blocked for 12 days
[VIXY PANIC] 2003-12-11T00:00:00Z | Blocked for 15 days
[VIXY FAST PANIC] 2003-12-11T00:00:00Z | Blocked for 12 days
[VIXY PANIC] 2003-12-12T00:00:00Z | Blocked for 15 days
[VIXY FAST PANIC] 2003-12-12T00:00:00Z | Blocked for 12 days
[VIXY PANIC] 2003-12-15T00:00:00Z | Blocked for 15 days
[VIXY FAST PANIC] 2003-12-15T00:00:00Z | Blocked for 12 days
[VIXY PANIC] 2003-12-16T00:00:00Z | Blocked for 15 days
[VIXY FAST PANIC] 2003-12-16T00:00:00Z | Blocked for 12 days
[VIXY PANIC] 2003-12-17T00:00:00Z | Blocked for 15 days
[VIXY FAST PANIC] 2003-12-17T00:00:00Z | Blocked for 12 days
[VIXY PANIC] 2003-12-18T00:00:00Z | Blocked for 15 days
[VIXY FAST PANIC] 2003-12-31T00:00:00Z | Blocked for 12 days
[VIXY PANIC] 2004-01-02T00:00:00Z | Blocked for 15 days
[VIXY FAST PANIC] 2004-01-02T00:00:00Z | Blocked for 12 days
[VIXY PANIC] 2004-01-05T00:00:00Z | Blocked for 15 days
[VIXY FAST PANIC] 2004-01-05T00:00:00Z | Blocked for 12 days
[VIXY PANIC] 2004-01-06T00:00:00Z | Blocked for 15 days
[VIXY FAST PANIC] 2004-01-06T00:00:00Z | Blocked for 12 days
[VIXY PANIC] 2004-01-07T00:00:00Z | Blocked for 15 days
[VIXY FAST PANIC] 2004-01-07T00:00:00Z | Blocked for 12 days
[VIXY PANIC] 2004-01-08T00:00:00Z | Blocked for 15 days
[VIXY FAST PANIC] 2004-01-08T00:00:00Z | Blocked for 12 days
[VIXY PANIC] 2004-01-12T00:00:00Z | Blocked for 15 days
[VIXY FAST PANIC] 2004-01-14T00:00:00Z | Blocked for 12 days
[VIXY PANIC] 2004-01-15T00:00:00Z | Blocked for 15 days
[VIXY FAST PANIC] 2004-01-15T00:00:00Z | Blocked for 12 days
[VIXY PANIC] 2004-01-16T00:00:00Z | Blocked for 15 days
[VIXY FAST PANIC] 2004-01-16T00:00:00Z | Blocked for 12 days
[VIXY PANIC] 2004-01-20T00:00:00Z | Blocked for 15 days
[VIXY PANIC] 2004-01-21T00:00:00Z | Blocked for 15 days
[VIXY PANIC] 2004-01-29T00:00:00Z | Blocked for 15 days
[VIXY FAST PANIC] 2004-01-29T00:00:00Z | Blocked for 12 days
[VIXY PANIC] 2004-01-30T00:00:00Z | Blocked for 15 days
[VIXY FAST PANIC] 2004-01-30T00:00:00Z | Blocked for 12 days
[VIXY PANIC] 2004-02-02T00:00:00Z | Blocked for 15 days
[VIXY FAST PANIC] 2004-02-02T00:00:00Z | Blocked for 12 days
[VIXY PANIC] 2004-02-03T00:00:00Z | Blocked for 15 days
[VIXY PANIC] 2004-02-04T00:00:00Z | Blocked for 15 days
[VIXY FAST PANIC] 2004-02-09T00:00:00Z | Blocked for 12 days
[VIXY PANIC] 2004-03-09T00:00:00Z | Blocked for 15 days
[VIXY PANIC] 2004-03-10T00:00:00Z | Blocked for 15 days
[VIXY FAST PANIC] 2004-03-10T00:00:00Z | Blocked for 12 days
[VIXY PANIC] 2004-03-11T00:00:00Z | Blocked for 15 days
[VIXY FAST PANIC] 2004-03-11T00:00:00Z | Blocked for 12 days
[VIXY FAST PANIC] 2004-03-26T00:00:00Z | Blocked for 12 days
[VIXY PANIC] 2004-04-30T00:00:00Z | Blocked for 15 days
[VIXY PANIC] 2004-05-05T00:00:00Z | Blocked for 15 days
[VIXY PANIC] 2004-05-06T00:00:00Z | Blocked for 15 days
[VIXY FAST PANIC] 2004-05-06T00:00:00Z | Blocked for 12 days
[VIXY FAST PANIC] 2004-05-07T00:00:00Z | Blocked for 12 days
[VIXY PANIC] 2004-06-04T00:00:00Z | Blocked for 15 days
[VIXY FAST PANIC] 2004-06-04T00:00:00Z | Blocked for 12 days
[VIXY PANIC] 2004-06-08T00:00:00Z | Blocked for 15 days
[VIXY FAST PANIC] 2004-06-08T00:00:00Z | Blocked for 12 days
[VIXY FAST PANIC] 2004-06-16T00:00:00Z | Blocked for 12 days
[VIXY FAST PANIC] 2004-06-17T00:00:00Z | Blocked for 12 days
[VIXY PANIC] 2004-06-30T00:00:00Z | Blocked for 15 days
[VIXY FAST PANIC] 2004-06-30T00:00:00Z | Blocked for 12 days
[VIXY PANIC] 2004-07-01T00:00:00Z | Blocked for 15 days
[VIXY FAST PANIC] 2004-07-01T00:00:00Z | Blocked for 12 days
[VIXY PANIC] 2004-07-02T00:00:00Z | Blocked for 15 days
[VIXY FAST PANIC] 2004-07-02T00:00:00Z | Blocked for 12 days
[VIXY PANIC] 2004-07-06T00:00:00Z | Blocked for 15 days
[VIXY PANIC] 2004-07-07T00:00:00Z | Blocked for 15 days
[VIXY FAST PANIC] 2004-07-08T00:00:00Z | Blocked for 12 days
[VIXY PANIC] 2004-07-09T00:00:00Z | Blocked for 15 days
[VIXY FAST PANIC] 2004-07-09T00:00:00Z | Blocked for 12 days
[VIXY PANIC] 2004-07-12T00:00:00Z | Blocked for 15 days
[VIXY FAST PANIC] 2004-07-12T00:00:00Z | Blocked for 12 days
[VIXY PANIC] 2004-07-27T00:00:00Z | Blocked for 15 days
[VIXY FAST PANIC] 2004-07-27T00:00:00Z | Blocked for 12 days
[VIXY PANIC] 2004-07-28T00:00:00Z | Blocked for 15 days
[VIXY FAST PANIC] 2004-07-28T00:00:00Z | Blocked for 12 days
[VIXY FAST PANIC] 2004-08-09T00:00:00Z | Blocked for 12 days
[VIXY PANIC] 2004-08-12T00:00:00Z | Blocked for 15 days
[VIXY PANIC] 2004-08-13T00:00:00Z | Blocked for 15 days
[VIXY FAST PANIC] 2004-08-16T00:00:00Z | Blocked for 12 days
[VIXY PANIC] 2004-08-23T00:00:00Z | Blocked for 15 days
[VIXY FAST PANIC] 2004-08-23T00:00:00Z | Blocked for 12 days
[VIXY PANIC] 2004-08-24T00:00:00Z | Blocked for 15 days
[VIXY FAST PANIC] 2004-08-24T00:00:00Z | Blocked for 12 days
[VIXY PANIC] 2004-08-25T00:00:00Z | Blocked for 15 days
[VIXY FAST PANIC] 2004-08-25T00:00:00Z | Blocked for 12 days
[VIXY PANIC] 2004-08-26T00:00:00Z | Blocked for 15 days
[VIXY FAST PANIC] 2004-08-26T00:00:00Z | Blocked for 12 days
[VIXY PANIC] 2004-08-27T00:00:00Z | Blocked for 15 days
[VIXY FAST PANIC] 2004-08-27T00:00:00Z | Blocked for 12 days
[VIXY PANIC] 2004-08-30T00:00:00Z | Blocked for 15 days
[VIXY PANIC] 2004-08-31T00:00:00Z | Blocked for 15 days
[VIXY PANIC] 2004-09-01T00:00:00Z | Blocked for 15 days
[VIXY FAST PANIC] 2004-09-01T00:00:00Z | Blocked for 12 days
[VIXY PANIC] 2004-09-02T00:00:00Z | Blocked for 15 days
[VIXY FAST PANIC] 2004-09-02T00:00:00Z | Blocked for 12 days
[VIXY PANIC] 2004-09-03T00:00:00Z | Blocked for 15 days
[VIXY FAST PANIC] 2004-09-03T00:00:00Z | Blocked for 12 days
[VIXY PANIC] 2004-09-07T00:00:00Z | Blocked for 15 days
[VIXY PANIC] 2004-09-08T00:00:00Z | Blocked for 15 days
[VIXY FAST PANIC] 2004-09-21T00:00:00Z | Blocked for 12 days
[VIXY FAST PANIC] 2004-09-22T00:00:00Z | Blocked for 12 days
[VIXY PANIC] 2004-09-23T00:00:00Z | Blocked for 15 days
[VIXY FAST PANIC] 2004-09-23T00:00:00Z | Blocked for 12 days
[VIXY PANIC] 2004-09-24T00:00:00Z | Blocked for 15 days
[VIXY PANIC] 2004-09-27T00:00:00Z | Blocked for 15 days
[VIXY FAST PANIC] 2004-09-27T00:00:00Z | Blocked for 12 days
[VIXY FAST PANIC] 2004-09-28T00:00:00Z | Blocked for 12 days
[VIXY PANIC] 2004-09-29T00:00:00Z | Blocked for 15 days
[VIXY FAST PANIC] 2004-09-29T00:00:00Z | Blocked for 12 days
[VIXY PANIC] 2004-09-30T00:00:00Z | Blocked for 15 days
[VIXY FAST PANIC] 2004-09-30T00:00:00Z | Blocked for 12 days
[VIXY PANIC] 2004-10-01T00:00:00Z | Blocked for 15 days
[VIXY PANIC] 2004-10-04T00:00:00Z | Blocked for 15 days
[VIXY FAST PANIC] 2004-10-22T00:00:00Z | Blocked for 12 days
[VIXY PANIC] 2004-10-27T00:00:00Z | Blocked for 15 days
[VIXY PANIC] 2004-11-05T00:00:00Z | Blocked for 15 days
[VIXY FAST PANIC] 2004-11-08T00:00:00Z | Blocked for 12 days
[VIXY PANIC] 2004-11-10T00:00:00Z | Blocked for 15 days
[VIXY FAST PANIC] 2004-11-12T00:00:00Z | Blocked for 12 days
[VIXY PANIC] 2004-11-15T00:00:00Z | Blocked for 15 days
[VIXY FAST PANIC] 2004-11-15T00:00:00Z | Blocked for 12 days
[VIXY PANIC] 2004-11-16T00:00:00Z | Blocked for 15 days
[VIXY FAST PANIC] 2004-11-16T00:00:00Z | Blocked for 12 days
[VIXY PANIC] 2004-11-17T00:00:00Z | Blocked for 15 days
[VIXY FAST PANIC] 2004-11-17T00:00:00Z | Blocked for 12 days
[VIXY PANIC] 2004-11-18T00:00:00Z | Blocked for 15 days
[VIXY PANIC] 2004-11-19T00:00:00Z | Blocked for 15 days
[VIXY PANIC] 2004-12-06T00:00:00Z | Blocked for 15 days
[VIXY FAST PANIC] 2004-12-06T00:00:00Z | Blocked for 12 days
[VIXY PANIC] 2004-12-09T00:00:00Z | Blocked for 15 days
[VIXY PANIC] 2004-12-10T00:00:00Z | Blocked for 15 days
[VIXY FAST PANIC] 2004-12-10T00:00:00Z | Blocked for 12 days
[VIXY FAST PANIC] 2004-12-13T00:00:00Z | Blocked for 12 days
[VIXY PANIC] 2004-12-14T00:00:00Z | Blocked for 15 days
[VIXY FAST PANIC] 2004-12-14T00:00:00Z | Blocked for 12 days
[VIXY PANIC] 2004-12-15T00:00:00Z | Blocked for 15 days
[VIXY FAST PANIC] 2004-12-15T00:00:00Z | Blocked for 12 days
[VIXY PANIC] 2004-12-16T00:00:00Z | Blocked for 15 days
[VIXY FAST PANIC] 2004-12-21T00:00:00Z | Blocked for 12 days
[VIXY FAST PANIC] 2004-12-22T00:00:00Z | Blocked for 12 days
[VIXY PANIC] 2005-01-03T00:00:00Z | Blocked for 15 days
[VIXY FAST PANIC] 2005-01-03T00:00:00Z | Blocked for 12 days
[VIXY PANIC] 2005-01-04T00:00:00Z | Blocked for 15 days
[VIXY FAST PANIC] 2005-01-04T00:00:00Z | Blocked for 12 days
[VIXY PANIC] 2005-01-05T00:00:00Z | Blocked for 15 days
[VIXY FAST PANIC] 2005-01-05T00:00:00Z | Blocked for 12 days
[VIXY PANIC] 2005-01-06T00:00:00Z | Blocked for 15 days
[VIXY FAST PANIC] 2005-01-06T00:00:00Z | Blocked for 12 days
[VIXY PANIC] 2005-01-07T00:00:00Z | Blocked for 15 days
[VIXY FAST PANIC] 2005-01-07T00:00:00Z | Blocked for 12 days
[VIXY PANIC] 2005-01-10T00:00:00Z | Blocked for 15 days
[VIXY FAST PANIC] 2005-01-10T00:00:00Z | Blocked for 12 days
[VIXY PANIC] 2005-01-11T00:00:00Z | Blocked for 15 days
[VIXY FAST PANIC] 2005-01-11T00:00:00Z | Blocked for 12 days
[VIXY PANIC] 2005-01-12T00:00:00Z | Blocked for 15 days
[VIXY PANIC] 2005-01-13T00:00:00Z | Blocked for 15 days
[VIXY PANIC] 2005-01-14T00:00:00Z | Blocked for 15 days
[VIXY PANIC] 2005-01-18T00:00:00Z | Blocked for 15 days
[VIXY FAST PANIC] 2005-01-18T00:00:00Z | Blocked for 12 days
[VIXY PANIC] 2005-01-19T00:00:00Z | Blocked for 15 days
[VIXY FAST PANIC] 2005-01-19T00:00:00Z | Blocked for 12 days
[VIXY PANIC] 2005-01-20T00:00:00Z | Blocked for 15 days
[VIXY FAST PANIC] 2005-01-20T00:00:00Z | Blocked for 12 days
[VIXY PANIC] 2005-01-21T00:00:00Z | Blocked for 15 days
[VIXY PANIC] 2005-01-24T00:00:00Z | Blocked for 15 days
[VIXY FAST PANIC] 2005-01-27T00:00:00Z | Blocked for 12 days
[VIXY FAST PANIC] 2005-02-03T00:00:00Z | Blocked for 12 days
[VIXY FAST PANIC] 2005-02-04T00:00:00Z | Blocked for 12 days
[VIXY PANIC] 2005-02-07T00:00:00Z | Blocked for 15 days
[VIXY FAST PANIC] 2005-02-07T00:00:00Z | Blocked for 12 days
[VIXY PANIC] 2005-02-08T00:00:00Z | Blocked for 15 days
[VIXY FAST PANIC] 2005-02-08T00:00:00Z | Blocked for 12 days
[VIXY PANIC] 2005-02-09T00:00:00Z | Blocked for 15 days
[VIXY FAST PANIC] 2005-02-09T00:00:00Z | Blocked for 12 days
[VIXY PANIC] 2005-02-10T00:00:00Z | Blocked for 15 days
[VIXY FAST PANIC] 2005-02-10T00:00:00Z | Blocked for 12 days
[VIXY PANIC] 2005-02-11T00:00:00Z | Blocked for 15 days
[VIXY FAST PANIC] 2005-02-11T00:00:00Z | Blocked for 12 days
[VIXY PANIC] 2005-02-14T00:00:00Z | Blocked for 15 days
[VIXY PANIC] 2005-03-01T00:00:00Z | Blocked for 15 days
[VIXY FAST PANIC] 2005-03-09T00:00:00Z | Blocked for 12 days
[VIXY PANIC] 2005-04-06T00:00:00Z | Blocked for 15 days
[VIXY FAST PANIC] 2005-04-06T00:00:00Z | Blocked for 12 days
[VIXY PANIC] 2005-04-08T00:00:00Z | Blocked for 15 days
[VIXY FAST PANIC] 2005-04-08T00:00:00Z | Blocked for 12 days
[VIXY PANIC] 2005-04-11T00:00:00Z | Blocked for 15 days
[VIXY PANIC] 2005-04-12T00:00:00Z | Blocked for 15 days
[VIXY FAST PANIC] 2005-04-12T00:00:00Z | Blocked for 12 days
[VIXY FAST PANIC] 2005-04-22T00:00:00Z | Blocked for 12 days
[VIXY PANIC] 2005-05-02T00:00:00Z | Blocked for 15 days
[VIXY FAST PANIC] 2005-05-02T00:00:00Z | Blocked for 12 days
[VIXY PANIC] 2005-05-04T00:00:00Z | Blocked for 15 days
[VIXY PANIC] 2005-05-05T00:00:00Z | Blocked for 15 days
[VIXY PANIC] 2005-05-06T00:00:00Z | Blocked for 15 days
[VIXY FAST PANIC] 2005-05-06T00:00:00Z | Blocked for 12 days
[VIXY FAST PANIC] 2005-05-16T00:00:00Z | Blocked for 12 days
[VIXY PANIC] 2005-05-18T00:00:00Z | Blocked for 15 days
[VIXY FAST PANIC] 2005-05-18T00:00:00Z | Blocked for 12 days
[VIXY PANIC] 2005-05-20T00:00:00Z | Blocked for 15 days
[VIXY FAST PANIC] 2005-05-20T00:00:00Z | Blocked for 12 days
[VIXY PANIC] 2005-06-13T00:00:00Z | Blocked for 15 days
[VIXY FAST PANIC] 2005-06-13T00:00:00Z | Blocked for 12 days
[VIXY PANIC] 2005-06-14T00:00:00Z | Blocked for 15 days
[VIXY FAST PANIC] 2005-06-14T00:00:00Z | Blocked for 12 days
[VIXY PANIC] 2005-06-15T00:00:00Z | Blocked for 15 days
[VIXY FAST PANIC] 2005-06-15T00:00:00Z | Blocked for 12 days
[VIXY PANIC] 2005-06-16T00:00:00Z | Blocked for 15 days
[VIXY FAST PANIC] 2005-06-16T00:00:00Z | Blocked for 12 days
[VIXY PANIC] 2005-06-17T00:00:00Z | Blocked for 15 days
[VIXY PANIC] 2005-06-20T00:00:00Z | Blocked for 15 days
[VIXY PANIC] 2005-06-27T00:00:00Z | Blocked for 15 days
[VIXY FAST PANIC] 2005-06-27T00:00:00Z | Blocked for 12 days
[VIXY PANIC] 2005-06-28T00:00:00Z | Blocked for 15 days
[VIXY FAST PANIC] 2005-06-28T00:00:00Z | Blocked for 12 days
[VIXY PANIC] 2005-06-29T00:00:00Z | Blocked for 15 days
[VIXY FAST PANIC] 2005-06-29T00:00:00Z | Blocked for 12 days
[VIXY PANIC] 2005-08-17T00:00:00Z | Blocked for 15 days
[VIXY PANIC] 2005-08-26T00:00:00Z | Blocked for 15 days
[VIXY PANIC] 2005-08-29T00:00:00Z | Blocked for 15 days
[VIXY PANIC] 2005-09-12T00:00:00Z | Blocked for 15 days
[VIXY FAST PANIC] 2005-09-12T00:00:00Z | Blocked for 12 days
[VIXY PANIC] 2005-09-13T00:00:00Z | Blocked for 15 days
[VIXY FAST PANIC] 2005-09-13T00:00:00Z | Blocked for 12 days
[VIXY PANIC] 2005-09-14T00:00:00Z | Blocked for 15 days
[VIXY FAST PANIC] 2005-09-14T00:00:00Z | Blocked for 12 days
[VIXY PANIC] 2005-09-15T00:00:00Z | Blocked for 15 days
[VIXY FAST PANIC] 2005-09-15T00:00:00Z | Blocked for 12 days
[VIXY PANIC] 2005-09-16T00:00:00Z | Blocked for 15 days
[VIXY FAST PANIC] 2005-09-16T00:00:00Z | Blocked for 12 days
[VIXY PANIC] 2005-09-20T00:00:00Z | Blocked for 15 days
[VIXY PANIC] 2005-09-30T00:00:00Z | Blocked for 15 days
[VIXY FAST PANIC] 2005-10-12T00:00:00Z | Blocked for 12 days
[VIXY PANIC] 2005-10-13T00:00:00Z | Blocked for 15 days
[VIXY FAST PANIC] 2005-10-13T00:00:00Z | Blocked for 12 days
[VIXY PANIC] 2005-10-14T00:00:00Z | Blocked for 15 days
[VIXY FAST PANIC] 2005-10-14T00:00:00Z | Blocked for 12 days
[VIXY PANIC] 2005-10-17T00:00:00Z | Blocked for 15 days
[VIXY PANIC] 2005-10-18T00:00:00Z | Blocked for 15 days
[VIXY FAST PANIC] 2005-10-28T00:00:00Z | Blocked for 12 days
[VIXY PANIC] 2005-10-31T00:00:00Z | Blocked for 15 days
[VIXY FAST PANIC] 2005-10-31T00:00:00Z | Blocked for 12 days
[VIXY PANIC] 2005-11-01T00:00:00Z | Blocked for 15 days
[VIXY FAST PANIC] 2005-11-01T00:00:00Z | Blocked for 12 days
[VIXY PANIC] 2005-11-02T00:00:00Z | Blocked for 15 days
[VIXY FAST PANIC] 2005-11-02T00:00:00Z | Blocked for 12 days
[VIXY PANIC] 2005-11-03T00:00:00Z | Blocked for 15 days
[VIXY FAST PANIC] 2005-11-03T00:00:00Z | Blocked for 12 days
[VIXY PANIC] 2005-11-04T00:00:00Z | Blocked for 15 days
[VIXY FAST PANIC] 2005-11-04T00:00:00Z | Blocked for 12 days
[VIXY PANIC] 2005-11-07T00:00:00Z | Blocked for 15 days
[VIXY FAST PANIC] 2005-11-07T00:00:00Z | Blocked for 12 days
[VIXY PANIC] 2005-12-02T00:00:00Z | Blocked for 15 days
[VIXY FAST PANIC] 2005-12-02T00:00:00Z | Blocked for 12 days
[VIXY PANIC] 2005-12-05T00:00:00Z | Blocked for 15 days
[VIXY FAST PANIC] 2005-12-05T00:00:00Z | Blocked for 12 days
[VIXY PANIC] 2005-12-30T00:00:00Z | Blocked for 15 days
[VIXY FAST PANIC] 2005-12-30T00:00:00Z | Blocked for 12 days
[VIXY PANIC] 2006-01-03T00:00:00Z | Blocked for 15 days
[VIXY FAST PANIC] 2006-01-03T00:00:00Z | Blocked for 12 days
[VIXY FAST PANIC] 2006-02-21T00:00:00Z | Blocked for 12 days
[VIXY PANIC] 2006-02-23T00:00:00Z | Blocked for 15 days
[VIXY PANIC] 2006-02-24T00:00:00Z | Blocked for 15 days
[VIXY FAST PANIC] 2006-02-24T00:00:00Z | Blocked for 12 days
[VIXY PANIC] 2006-02-27T00:00:00Z | Blocked for 15 days
[VIXY PANIC] 2006-03-01T00:00:00Z | Blocked for 15 days
[VIXY FAST PANIC] 2006-03-23T00:00:00Z | Blocked for 12 days
[VIXY PANIC] 2006-03-24T00:00:00Z | Blocked for 15 days
[VIXY FAST PANIC] 2006-03-24T00:00:00Z | Blocked for 12 days
[VIXY PANIC] 2006-03-27T00:00:00Z | Blocked for 15 days
[VIXY PANIC] 2006-03-28T00:00:00Z | Blocked for 15 days
[VIXY PANIC] 2006-04-06T00:00:00Z | Blocked for 15 days
[VIXY PANIC] 2006-04-10T00:00:00Z | Blocked for 15 days
[VIXY FAST PANIC] 2006-04-10T00:00:00Z | Blocked for 12 days
[VIXY PANIC] 2006-04-11T00:00:00Z | Blocked for 15 days
[VIXY FAST PANIC] 2006-04-11T00:00:00Z | Blocked for 12 days
[VIXY PANIC] 2006-04-12T00:00:00Z | Blocked for 15 days
[VIXY FAST PANIC] 2006-04-12T00:00:00Z | Blocked for 12 days
[VIXY PANIC] 2006-04-13T00:00:00Z | Blocked for 15 days
[VIXY FAST PANIC] 2006-04-13T00:00:00Z | Blocked for 12 days
[VIXY PANIC] 2006-04-17T00:00:00Z | Blocked for 15 days
[VIXY FAST PANIC] 2006-04-17T00:00:00Z | Blocked for 12 days
[VIXY PANIC] 2006-04-18T00:00:00Z | Blocked for 15 days
[VIXY PANIC] 2006-05-18T00:00:00Z | Blocked for 15 days
[VIXY FAST PANIC] 2006-05-18T00:00:00Z | Blocked for 12 days
[VIXY PANIC] 2006-05-19T00:00:00Z | Blocked for 15 days
[VIXY FAST PANIC] 2006-05-19T00:00:00Z | Blocked for 12 days
[VIXY PANIC] 2006-05-22T00:00:00Z | Blocked for 15 days
[VIXY FAST PANIC] 2006-05-22T00:00:00Z | Blocked for 12 days
[VIXY FAST PANIC] 2006-06-30T00:00:00Z | Blocked for 12 days
[VIXY PANIC] 2006-07-05T00:00:00Z | Blocked for 15 days
[VIXY FAST PANIC] 2006-07-05T00:00:00Z | Blocked for 12 days
[VIXY PANIC] 2006-07-07T00:00:00Z | Blocked for 15 days
[VIXY FAST PANIC] 2006-07-07T00:00:00Z | Blocked for 12 days
[VIXY PANIC] 2006-08-09T00:00:00Z | Blocked for 15 days
[VIXY PANIC] 2006-08-10T00:00:00Z | Blocked for 15 days
[VIXY FAST PANIC] 2006-08-10T00:00:00Z | Blocked for 12 days
[VIXY PANIC] 2006-08-11T00:00:00Z | Blocked for 15 days
[VIXY FAST PANIC] 2006-08-11T00:00:00Z | Blocked for 12 days
[VIXY PANIC] 2006-08-14T00:00:00Z | Blocked for 15 days
[VIXY FAST PANIC] 2006-08-14T00:00:00Z | Blocked for 12 days
[VIXY PANIC] 2006-08-15T00:00:00Z | Blocked for 15 days
[VIXY PANIC] 2006-08-16T00:00:00Z | Blocked for 15 days
[VIXY PANIC] 2006-08-18T00:00:00Z | Blocked for 15 days
[VIXY FAST PANIC] 2006-08-18T00:00:00Z | Blocked for 12 days
[VIXY FAST PANIC] 2006-08-21T00:00:00Z | Blocked for 12 days
[VIXY PANIC] 2006-08-22T00:00:00Z | Blocked for 15 days
[VIXY FAST PANIC] 2006-08-22T00:00:00Z | Blocked for 12 days
[VIXY PANIC] 2006-09-06T00:00:00Z | Blocked for 15 days
[VIXY PANIC] 2006-09-11T00:00:00Z | Blocked for 15 days
[VIXY PANIC] 2006-10-26T00:00:00Z | Blocked for 15 days
[VIXY FAST PANIC] 2006-10-26T00:00:00Z | Blocked for 12 days
[VIXY PANIC] 2006-10-27T00:00:00Z | Blocked for 15 days
[VIXY FAST PANIC] 2006-10-27T00:00:00Z | Blocked for 12 days
[VIXY PANIC] 2006-11-13T00:00:00Z | Blocked for 15 days
[VIXY FAST PANIC] 2006-11-13T00:00:00Z | Blocked for 12 days
[VIXY PANIC] 2006-11-14T00:00:00Z | Blocked for 15 days
[VIXY FAST PANIC] 2006-11-14T00:00:00Z | Blocked for 12 days
[VIXY PANIC] 2006-11-15T00:00:00Z | Blocked for 15 days
[VIXY FAST PANIC] 2006-11-15T00:00:00Z | Blocked for 12 days
[VIXY PANIC] 2006-11-16T00:00:00Z | Blocked for 15 days
[VIXY FAST PANIC] 2006-11-16T00:00:00Z | Blocked for 12 days
[VIXY PANIC] 2006-11-17T00:00:00Z | Blocked for 15 days
[VIXY PANIC] 2006-12-04T00:00:00Z | Blocked for 15 days
[VIXY FAST PANIC] 2006-12-04T00:00:00Z | Blocked for 12 days
[VIXY PANIC] 2006-12-05T00:00:00Z | Blocked for 15 days
[VIXY PANIC] 2006-12-06T00:00:00Z | Blocked for 15 days
[VIXY PANIC] 2007-01-18T00:00:00Z | Blocked for 15 days
[VIXY FAST PANIC] 2007-01-18T00:00:00Z | Blocked for 12 days
[VIXY FAST PANIC] 2007-01-19T00:00:00Z | Blocked for 12 days
[VIXY PANIC] 2007-01-22T00:00:00Z | Blocked for 15 days
[VIXY FAST PANIC] 2007-01-22T00:00:00Z | Blocked for 12 days
[VIXY PANIC] 2007-01-23T00:00:00Z | Blocked for 15 days
[VIXY PANIC] 2007-01-29T00:00:00Z | Blocked for 15 days
[VIXY FAST PANIC] 2007-01-29T00:00:00Z | Blocked for 12 days
[VIXY PANIC] 2007-01-30T00:00:00Z | Blocked for 15 days
[VIXY FAST PANIC] 2007-01-30T00:00:00Z | Blocked for 12 days
[VIXY PANIC] 2007-01-31T00:00:00Z | Blocked for 15 days
[VIXY FAST PANIC] 2007-01-31T00:00:00Z | Blocked for 12 days
[VIXY PANIC] 2007-02-01T00:00:00Z | Blocked for 15 days
[VIXY FAST PANIC] 2007-02-01T00:00:00Z | Blocked for 12 days
[VIXY PANIC] 2007-02-02T00:00:00Z | Blocked for 15 days
[VIXY FAST PANIC] 2007-02-02T00:00:00Z | Blocked for 12 days
[VIXY PANIC] 2007-02-05T00:00:00Z | Blocked for 15 days
[VIXY PANIC] 2007-02-06T00:00:00Z | Blocked for 15 days
[VIXY FAST PANIC] 2007-02-06T00:00:00Z | Blocked for 12 days
[VIXY PANIC] 2007-02-07T00:00:00Z | Blocked for 15 days
[VIXY FAST PANIC] 2007-02-07T00:00:00Z | Blocked for 12 days
[VIXY PANIC] 2007-02-08T00:00:00Z | Blocked for 15 days
[VIXY FAST PANIC] 2007-02-08T00:00:00Z | Blocked for 12 days
[VIXY PANIC] 2007-02-09T00:00:00Z | Blocked for 15 days
[VIXY FAST PANIC] 2007-02-09T00:00:00Z | Blocked for 12 days
[VIXY PANIC] 2007-02-12T00:00:00Z | Blocked for 15 days
[VIXY FAST PANIC] 2007-02-12T00:00:00Z | Blocked for 12 days
[VIXY PANIC] 2007-02-13T00:00:00Z | Blocked for 15 days
[VIXY FAST PANIC] 2007-02-13T00:00:00Z | Blocked for 12 days
[VIXY PANIC] 2007-02-14T00:00:00Z | Blocked for 15 days
[VIXY FAST PANIC] 2007-02-14T00:00:00Z | Blocked for 12 days
[VIXY PANIC] 2007-02-15T00:00:00Z | Blocked for 15 days
[VIXY FAST PANIC] 2007-02-22T00:00:00Z | Blocked for 12 days
[VIXY FAST PANIC] 2007-02-23T00:00:00Z | Blocked for 12 days
[VIXY PANIC] 2007-02-26T00:00:00Z | Blocked for 15 days
[VIXY FAST PANIC] 2007-02-26T00:00:00Z | Blocked for 12 days
[VIXY FAST PANIC] 2007-03-02T00:00:00Z | Blocked for 12 days
[VIXY PANIC] 2007-03-05T00:00:00Z | Blocked for 15 days
[VIXY FAST PANIC] 2007-03-05T00:00:00Z | Blocked for 12 days
[VIXY PANIC] 2007-03-06T00:00:00Z | Blocked for 15 days
[VIXY FAST PANIC] 2007-03-06T00:00:00Z | Blocked for 12 days
[VIXY PANIC] 2007-03-07T00:00:00Z | Blocked for 15 days
[VIXY PANIC] 2007-03-08T00:00:00Z | Blocked for 15 days
[VIXY FAST PANIC] 2007-03-16T00:00:00Z | Blocked for 12 days
[VIXY PANIC] 2007-03-20T00:00:00Z | Blocked for 15 days
[VIXY PANIC] 2007-03-21T00:00:00Z | Blocked for 15 days
[VIXY FAST PANIC] 2007-03-21T00:00:00Z | Blocked for 12 days
[VIXY PANIC] 2007-03-22T00:00:00Z | Blocked for 15 days
[VIXY FAST PANIC] 2007-03-22T00:00:00Z | Blocked for 12 days
[VIXY FAST PANIC] 2007-03-23T00:00:00Z | Blocked for 12 days
[VIXY PANIC] 2007-03-26T00:00:00Z | Blocked for 15 days
[VIXY FAST PANIC] 2007-03-26T00:00:00Z | Blocked for 12 days
[VIXY PANIC] 2007-03-27T00:00:00Z | Blocked for 15 days
[VIXY FAST PANIC] 2007-03-27T00:00:00Z | Blocked for 12 days
[VIXY PANIC] 2007-03-28T00:00:00Z | Blocked for 15 days
[VIXY FAST PANIC] 2007-03-28T00:00:00Z | Blocked for 12 days
[VIXY PANIC] 2007-03-29T00:00:00Z | Blocked for 15 days
[VIXY FAST PANIC] 2007-03-29T00:00:00Z | Blocked for 12 days
[VIXY PANIC] 2007-03-30T00:00:00Z | Blocked for 15 days
[VIXY PANIC] 2007-04-03T00:00:00Z | Blocked for 15 days
[VIXY FAST PANIC] 2007-04-03T00:00:00Z | Blocked for 12 days
[VIXY PANIC] 2007-04-04T00:00:00Z | Blocked for 15 days
[VIXY PANIC] 2007-04-10T00:00:00Z | Blocked for 15 days
[VIXY FAST PANIC] 2007-04-12T00:00:00Z | Blocked for 12 days
[VIXY FAST PANIC] 2007-04-24T00:00:00Z | Blocked for 12 days
[VIXY FAST PANIC] 2007-04-25T00:00:00Z | Blocked for 12 days
[VIXY PANIC] 2007-04-26T00:00:00Z | Blocked for 15 days
[VIXY FAST PANIC] 2007-04-26T00:00:00Z | Blocked for 12 days
[VIXY PANIC] 2007-04-27T00:00:00Z | Blocked for 15 days
[VIXY FAST PANIC] 2007-04-27T00:00:00Z | Blocked for 12 days
[VIXY PANIC] 2007-04-30T00:00:00Z | Blocked for 15 days
[VIXY PANIC] 2007-05-31T00:00:00Z | Blocked for 15 days
[VIXY FAST PANIC] 2007-05-31T00:00:00Z | Blocked for 12 days
[VIXY PANIC] 2007-06-01T00:00:00Z | Blocked for 15 days
[VIXY FAST PANIC] 2007-06-01T00:00:00Z | Blocked for 12 days
[VIXY PANIC] 2007-06-04T00:00:00Z | Blocked for 15 days
[VIXY FAST PANIC] 2007-06-04T00:00:00Z | Blocked for 12 days
[VIXY PANIC] 2007-06-05T00:00:00Z | Blocked for 15 days
[VIXY FAST PANIC] 2007-06-21T00:00:00Z | Blocked for 12 days
[VIXY PANIC] 2007-06-25T00:00:00Z | Blocked for 15 days
[VIXY FAST PANIC] 2007-06-25T00:00:00Z | Blocked for 12 days
[VIXY PANIC] 2007-06-26T00:00:00Z | Blocked for 15 days
[VIXY PANIC] 2007-06-27T00:00:00Z | Blocked for 15 days
[VIXY FAST PANIC] 2007-06-27T00:00:00Z | Blocked for 12 days
[VIXY PANIC] 2007-06-28T00:00:00Z | Blocked for 15 days
[VIXY FAST PANIC] 2007-06-28T00:00:00Z | Blocked for 12 days
[VIXY PANIC] 2007-06-29T00:00:00Z | Blocked for 15 days
[VIXY FAST PANIC] 2007-06-29T00:00:00Z | Blocked for 12 days
[VIXY PANIC] 2007-07-02T00:00:00Z | Blocked for 15 days
[VIXY PANIC] 2007-07-03T00:00:00Z | Blocked for 15 days
[VIXY PANIC] 2007-07-06T00:00:00Z | Blocked for 15 days
[VIXY PANIC] 2007-08-01T00:00:00Z | Blocked for 15 days
[VIXY FAST PANIC] 2007-08-01T00:00:00Z | Blocked for 12 days
[VIXY PANIC] 2007-08-02T00:00:00Z | Blocked for 15 days
[VIXY FAST PANIC] 2007-08-14T00:00:00Z | Blocked for 12 days
[VIXY PANIC] 2007-08-15T00:00:00Z | Blocked for 15 days
[VIXY FAST PANIC] 2007-08-15T00:00:00Z | Blocked for 12 days
[VIXY PANIC] 2007-08-16T00:00:00Z | Blocked for 15 days
[VIXY FAST PANIC] 2007-08-16T00:00:00Z | Blocked for 12 days
[VIXY PANIC] 2007-08-17T00:00:00Z | Blocked for 15 days
[VIXY FAST PANIC] 2007-08-17T00:00:00Z | Blocked for 12 days
[VIXY PANIC] 2007-08-20T00:00:00Z | Blocked for 15 days
[VIXY PANIC] 2007-09-10T00:00:00Z | Blocked for 15 days
[VIXY FAST PANIC] 2007-09-10T00:00:00Z | Blocked for 12 days
[VIXY PANIC] 2007-09-11T00:00:00Z | Blocked for 15 days
[VIXY FAST PANIC] 2007-09-11T00:00:00Z | Blocked for 12 days
[VIXY PANIC] 2007-09-12T00:00:00Z | Blocked for 15 days
[VIXY PANIC] 2007-10-08T00:00:00Z | Blocked for 15 days
[VIXY FAST PANIC] 2007-10-08T00:00:00Z | Blocked for 12 days
[VIXY PANIC] 2007-10-09T00:00:00Z | Blocked for 15 days
[VIXY FAST PANIC] 2007-10-09T00:00:00Z | Blocked for 12 days
[VIXY PANIC] 2007-10-10T00:00:00Z | Blocked for 15 days
[VIXY FAST PANIC] 2007-10-10T00:00:00Z | Blocked for 12 days
[VIXY PANIC] 2007-10-11T00:00:00Z | Blocked for 15 days
[VIXY FAST PANIC] 2007-10-11T00:00:00Z | Blocked for 12 days
[VIXY PANIC] 2007-10-12T00:00:00Z | Blocked for 15 days
[VIXY FAST PANIC] 2007-10-12T00:00:00Z | Blocked for 12 days
[VIXY PANIC] 2007-10-15T00:00:00Z | Blocked for 15 days
[VIXY FAST PANIC] 2007-10-15T00:00:00Z | Blocked for 12 days
[VIXY PANIC] 2007-10-16T00:00:00Z | Blocked for 15 days
[VIXY FAST PANIC] 2007-10-16T00:00:00Z | Blocked for 12 days
[VIXY PANIC] 2007-10-17T00:00:00Z | Blocked for 15 days
[VIXY PANIC] 2007-10-18T00:00:00Z | Blocked for 15 days
[VIXY FAST PANIC] 2007-10-23T00:00:00Z | Blocked for 12 days
[VIXY FAST PANIC] 2007-10-24T00:00:00Z | Blocked for 12 days
[VIXY PANIC] 2007-10-25T00:00:00Z | Blocked for 15 days
[VIXY FAST PANIC] 2007-10-25T00:00:00Z | Blocked for 12 days
[VIXY PANIC] 2007-10-26T00:00:00Z | Blocked for 15 days
[VIXY FAST PANIC] 2007-10-26T00:00:00Z | Blocked for 12 days
[VIXY PANIC] 2007-10-29T00:00:00Z | Blocked for 15 days
[VIXY FAST PANIC] 2007-10-29T00:00:00Z | Blocked for 12 days
[VIXY PANIC] 2007-10-30T00:00:00Z | Blocked for 15 days
[VIXY FAST PANIC] 2007-10-30T00:00:00Z | Blocked for 12 days
[VIXY PANIC] 2007-10-31T00:00:00Z | Blocked for 15 days
[VIXY PANIC] 2007-11-01T00:00:00Z | Blocked for 15 days
[VIXY FAST PANIC] 2007-11-14T00:00:00Z | Blocked for 12 days
[VIXY PANIC] 2007-11-15T00:00:00Z | Blocked for 15 days
[VIXY FAST PANIC] 2007-11-15T00:00:00Z | Blocked for 12 days
[VIXY PANIC] 2007-11-16T00:00:00Z | Blocked for 15 days
[VIXY FAST PANIC] 2007-11-16T00:00:00Z | Blocked for 12 days
[VIXY PANIC] 2007-11-19T00:00:00Z | Blocked for 15 days
[VIXY PANIC] 2007-11-20T00:00:00Z | Blocked for 15 days
[VIXY PANIC] 2007-11-21T00:00:00Z | Blocked for 15 days
[VIXY PANIC] 2007-11-23T00:00:00Z | Blocked for 15 days
[VIXY FAST PANIC] 2007-11-23T00:00:00Z | Blocked for 12 days
[VIXY PANIC] 2007-11-26T00:00:00Z | Blocked for 15 days
[VIXY FAST PANIC] 2007-11-26T00:00:00Z | Blocked for 12 days
[VIXY PANIC] 2007-11-27T00:00:00Z | Blocked for 15 days
[VIXY FAST PANIC] 2007-11-27T00:00:00Z | Blocked for 12 days
[VIXY PANIC] 2007-11-28T00:00:00Z | Blocked for 15 days
[VIXY PANIC] 2007-12-06T00:00:00Z | Blocked for 15 days
[VIXY FAST PANIC] 2007-12-06T00:00:00Z | Blocked for 12 days
[VIXY PANIC] 2007-12-07T00:00:00Z | Blocked for 15 days
[VIXY FAST PANIC] 2007-12-07T00:00:00Z | Blocked for 12 days
[VIXY PANIC] 2007-12-10T00:00:00Z | Blocked for 15 days
[VIXY FAST PANIC] 2007-12-10T00:00:00Z | Blocked for 12 days
[VIXY PANIC] 2007-12-11T00:00:00Z | Blocked for 15 days
[VIXY FAST PANIC] 2007-12-11T00:00:00Z | Blocked for 12 days
[VIXY PANIC] 2007-12-12T00:00:00Z | Blocked for 15 days
[VIXY FAST PANIC] 2007-12-12T00:00:00Z | Blocked for 12 days
[VIXY PANIC] 2007-12-13T00:00:00Z | Blocked for 15 days
[VIXY PANIC] 2007-12-14T00:00:00Z | Blocked for 15 days
[VIXY PANIC] 2007-12-18T00:00:00Z | Blocked for 15 days
[VIXY FAST PANIC] 2007-12-18T00:00:00Z | Blocked for 12 days
[VIXY PANIC] 2007-12-19T00:00:00Z | Blocked for 15 days
[VIXY FAST PANIC] 2007-12-19T00:00:00Z | Blocked for 12 days
[VIXY PANIC] 2007-12-20T00:00:00Z | Blocked for 15 days
[VIXY FAST PANIC] 2007-12-20T00:00:00Z | Blocked for 12 days
[VIXY PANIC] 2007-12-21T00:00:00Z | Blocked for 15 days
[VIXY FAST PANIC] 2007-12-21T00:00:00Z | Blocked for 12 days
[VIXY PANIC] 2007-12-24T00:00:00Z | Blocked for 15 days
[VIXY FAST PANIC] 2007-12-24T00:00:00Z | Blocked for 12 days
[VIXY PANIC] 2007-12-26T00:00:00Z | Blocked for 15 days
[VIXY FAST PANIC] 2007-12-26T00:00:00Z | Blocked for 12 days
[VIXY PANIC] 2007-12-27T00:00:00Z | Blocked for 15 days
[VIXY FAST PANIC] 2007-12-27T00:00:00Z | Blocked for 12 days
[VIXY PANIC] 2007-12-28T00:00:00Z | Blocked for 15 days
[VIXY FAST PANIC] 2007-12-28T00:00:00Z | Blocked for 12 days
[VIXY PANIC] 2007-12-31T00:00:00Z | Blocked for 15 days
[VIXY FAST PANIC] 2008-01-23T00:00:00Z | Blocked for 12 days
[VIXY PANIC] 2008-01-24T00:00:00Z | Blocked for 15 days
[VIXY FAST PANIC] 2008-01-24T00:00:00Z | Blocked for 12 days
[VIXY FAST PANIC] 2008-01-25T00:00:00Z | Blocked for 12 days
[VIXY PANIC] 2008-01-29T00:00:00Z | Blocked for 15 days
[VIXY FAST PANIC] 2008-03-06T00:00:00Z | Blocked for 12 days
[VIXY PANIC] 2008-03-07T00:00:00Z | Blocked for 15 days
[VIXY FAST PANIC] 2008-03-07T00:00:00Z | Blocked for 12 days
[VIXY PANIC] 2008-03-10T00:00:00Z | Blocked for 15 days
[VIXY FAST PANIC] 2008-03-10T00:00:00Z | Blocked for 12 days
[VIXY PANIC] 2008-03-25T00:00:00Z | Blocked for 15 days
[VIXY FAST PANIC] 2008-03-25T00:00:00Z | Blocked for 12 days
[VIXY PANIC] 2008-03-26T00:00:00Z | Blocked for 15 days
[VIXY FAST PANIC] 2008-03-26T00:00:00Z | Blocked for 12 days
[VIXY PANIC] 2008-03-27T00:00:00Z | Blocked for 15 days
[VIXY FAST PANIC] 2008-03-27T00:00:00Z | Blocked for 12 days
[VIXY PANIC] 2008-03-28T00:00:00Z | Blocked for 15 days
[VIXY PANIC] 2008-03-31T00:00:00Z | Blocked for 15 days
[VIXY FAST PANIC] 2008-04-25T00:00:00Z | Blocked for 12 days
[VIXY PANIC] 2008-04-30T00:00:00Z | Blocked for 15 days
[VIXY PANIC] 2008-05-01T00:00:00Z | Blocked for 15 days
[VIXY FAST PANIC] 2008-05-01T00:00:00Z | Blocked for 12 days
[VIXY FAST PANIC] 2008-05-02T00:00:00Z | Blocked for 12 days
[VIXY PANIC] 2008-05-06T00:00:00Z | Blocked for 15 days
[VIXY PANIC] 2008-05-07T00:00:00Z | Blocked for 15 days
[VIXY FAST PANIC] 2008-05-07T00:00:00Z | Blocked for 12 days
[VIXY PANIC] 2008-05-08T00:00:00Z | Blocked for 15 days
[VIXY FAST PANIC] 2008-05-08T00:00:00Z | Blocked for 12 days
[VIXY PANIC] 2008-05-09T00:00:00Z | Blocked for 15 days
[VIXY FAST PANIC] 2008-05-09T00:00:00Z | Blocked for 12 days
[VIXY PANIC] 2008-05-12T00:00:00Z | Blocked for 15 days
[VIXY PANIC] 2008-05-13T00:00:00Z | Blocked for 15 days
[VIXY FAST PANIC] 2008-05-13T00:00:00Z | Blocked for 12 days
[VIXY FAST PANIC] 2008-05-15T00:00:00Z | Blocked for 12 days
[VIXY PANIC] 2008-05-23T00:00:00Z | Blocked for 15 days
[VIXY FAST PANIC] 2008-05-27T00:00:00Z | Blocked for 12 days
[VIXY FAST PANIC] 2008-05-28T00:00:00Z | Blocked for 12 days
[VIXY PANIC] 2008-05-29T00:00:00Z | Blocked for 15 days
[VIXY PANIC] 2008-05-30T00:00:00Z | Blocked for 15 days
[VIXY PANIC] 2008-06-02T00:00:00Z | Blocked for 15 days
[VIXY FAST PANIC] 2008-06-02T00:00:00Z | Blocked for 12 days
[VIXY PANIC] 2008-06-03T00:00:00Z | Blocked for 15 days
[VIXY FAST PANIC] 2008-06-25T00:00:00Z | Blocked for 12 days
[VIXY PANIC] 2008-06-26T00:00:00Z | Blocked for 15 days
[VIXY FAST PANIC] 2008-07-09T00:00:00Z | Blocked for 12 days
[VIXY PANIC] 2008-07-21T00:00:00Z | Blocked for 15 days
[VIXY PANIC] 2008-07-31T00:00:00Z | Blocked for 15 days
[VIXY FAST PANIC] 2008-07-31T00:00:00Z | Blocked for 12 days
[VIXY PANIC] 2008-08-01T00:00:00Z | Blocked for 15 days
[VIXY FAST PANIC] 2008-08-01T00:00:00Z | Blocked for 12 days
[VIXY PANIC] 2008-08-04T00:00:00Z | Blocked for 15 days
[VIXY FAST PANIC] 2008-08-04T00:00:00Z | Blocked for 12 days
[VIXY PANIC] 2008-08-05T00:00:00Z | Blocked for 15 days
[VIXY FAST PANIC] 2008-08-05T00:00:00Z | Blocked for 12 days
[VIXY PANIC] 2008-08-06T00:00:00Z | Blocked for 15 days
[VIXY FAST PANIC] 2008-08-06T00:00:00Z | Blocked for 12 days
[VIXY PANIC] 2008-08-07T00:00:00Z | Blocked for 15 days
[VIXY FAST PANIC] 2008-08-07T00:00:00Z | Blocked for 12 days
[VIXY PANIC] 2008-08-11T00:00:00Z | Blocked for 15 days
[VIXY FAST PANIC] 2008-08-12T00:00:00Z | Blocked for 12 days
[VIXY PANIC] 2008-08-14T00:00:00Z | Blocked for 15 days
[VIXY FAST PANIC] 2008-08-14T00:00:00Z | Blocked for 12 days
[VIXY PANIC] 2008-08-15T00:00:00Z | Blocked for 15 days
[VIXY PANIC] 2008-08-18T00:00:00Z | Blocked for 15 days
[VIXY FAST PANIC] 2008-08-18T00:00:00Z | Blocked for 12 days
[VIXY PANIC] 2008-08-25T00:00:00Z | Blocked for 15 days
[VIXY FAST PANIC] 2008-08-25T00:00:00Z | Blocked for 12 days
[VIXY PANIC] 2008-08-26T00:00:00Z | Blocked for 15 days
[VIXY FAST PANIC] 2008-08-26T00:00:00Z | Blocked for 12 days
[VIXY PANIC] 2008-08-27T00:00:00Z | Blocked for 15 days
[VIXY FAST PANIC] 2008-08-27T00:00:00Z | Blocked for 12 days
[VIXY PANIC] 2008-08-28T00:00:00Z | Blocked for 15 days
[VIXY PANIC] 2008-08-29T00:00:00Z | Blocked for 15 days
[VIXY PANIC] 2008-09-24T00:00:00Z | Blocked for 15 days
[VIXY FAST PANIC] 2008-09-24T00:00:00Z | Blocked for 12 days
[VIXY PANIC] 2008-09-25T00:00:00Z | Blocked for 15 days
[VIXY PANIC] 2008-09-26T00:00:00Z | Blocked for 15 days
[VIXY FAST PANIC] 2008-09-26T00:00:00Z | Blocked for 12 days
[VIXY PANIC] 2008-09-29T00:00:00Z | Blocked for 15 days
[VIXY PANIC] 2008-09-30T00:00:00Z | Blocked for 15 days
[VIXY PANIC] 2008-10-01T00:00:00Z | Blocked for 15 days
[VIXY FAST PANIC] 2008-10-01T00:00:00Z | Blocked for 12 days
[VIXY PANIC] 2008-10-02T00:00:00Z | Blocked for 15 days
[VIXY FAST PANIC] 2008-10-02T00:00:00Z | Blocked for 12 days
[VIXY PANIC] 2008-10-03T00:00:00Z | Blocked for 15 days
[VIXY FAST PANIC] 2008-10-03T00:00:00Z | Blocked for 12 days
[VIXY PANIC] 2008-10-08T00:00:00Z | Blocked for 15 days
[VIXY FAST PANIC] 2008-10-08T00:00:00Z | Blocked for 12 days
[VIXY FAST PANIC] 2008-10-09T00:00:00Z | Blocked for 12 days
[VIXY FAST PANIC] 2008-12-02T00:00:00Z | Blocked for 12 days
[VIXY PANIC] 2008-12-03T00:00:00Z | Blocked for 15 days
[VIXY FAST PANIC] 2008-12-03T00:00:00Z | Blocked for 12 days
[VIXY PANIC] 2008-12-04T00:00:00Z | Blocked for 15 days
[VIXY FAST PANIC] 2008-12-04T00:00:00Z | Blocked for 12 days
[VIXY PANIC] 2008-12-05T00:00:00Z | Blocked for 15 days
[VIXY FAST PANIC] 2008-12-11T00:00:00Z | Blocked for 12 days
[VIXY PANIC] 2008-12-30T00:00:00Z | Blocked for 15 days
[VIXY FAST PANIC] 2008-12-30T00:00:00Z | Blocked for 12 days
[VIXY FAST PANIC] 2009-01-07T00:00:00Z | Blocked for 12 days
[VIXY PANIC] 2009-01-26T00:00:00Z | Blocked for 15 days
[VIXY FAST PANIC] 2009-01-26T00:00:00Z | Blocked for 12 days
[VIXY PANIC] 2009-01-27T00:00:00Z | Blocked for 15 days
[VIXY FAST PANIC] 2009-01-27T00:00:00Z | Blocked for 12 days
[VIXY PANIC] 2009-01-28T00:00:00Z | Blocked for 15 days
[VIXY FAST PANIC] 2009-01-28T00:00:00Z | Blocked for 12 days
[VIXY PANIC] 2009-01-29T00:00:00Z | Blocked for 15 days
[VIXY FAST PANIC] 2009-01-29T00:00:00Z | Blocked for 12 days
[VIXY PANIC] 2009-01-30T00:00:00Z | Blocked for 15 days
[VIXY PANIC] 2009-02-02T00:00:00Z | Blocked for 15 days
[VIXY FAST PANIC] 2009-02-02T00:00:00Z | Blocked for 12 days
[VIXY FAST PANIC] 2009-02-03T00:00:00Z | Blocked for 12 days
[VIXY PANIC] 2009-02-20T00:00:00Z | Blocked for 15 days
[VIXY FAST PANIC] 2009-02-20T00:00:00Z | Blocked for 12 days
[VIXY PANIC] 2009-02-23T00:00:00Z | Blocked for 15 days
[VIXY FAST PANIC] 2009-02-23T00:00:00Z | Blocked for 12 days
[VIXY PANIC] 2009-02-24T00:00:00Z | Blocked for 15 days
[VIXY FAST PANIC] 2009-02-24T00:00:00Z | Blocked for 12 days
[VIXY PANIC] 2009-02-25T00:00:00Z | Blocked for 15 days
[VIXY FAST PANIC] 2009-02-25T00:00:00Z | Blocked for 12 days
[VIXY PANIC] 2009-02-26T00:00:00Z | Blocked for 15 days
[VIXY FAST PANIC] 2009-02-26T00:00:00Z | Blocked for 12 days
[VIXY PANIC] 2009-02-27T00:00:00Z | Blocked for 15 days
[VIXY FAST PANIC] 2009-02-27T00:00:00Z | Blocked for 12 days
[VIXY PANIC] 2009-03-02T00:00:00Z | Blocked for 15 days
[VIXY FAST PANIC] 2009-03-02T00:00:00Z | Blocked for 12 days
[VIXY PANIC] 2009-03-03T00:00:00Z | Blocked for 15 days
[VIXY FAST PANIC] 2009-03-03T00:00:00Z | Blocked for 12 days
[VIXY PANIC] 2009-03-04T00:00:00Z | Blocked for 15 days
[VIXY FAST PANIC] 2009-03-04T00:00:00Z | Blocked for 12 days
[VIXY PANIC] 2009-03-05T00:00:00Z | Blocked for 15 days
[VIXY PANIC] 2009-03-06T00:00:00Z | Blocked for 15 days
[VIXY FAST PANIC] 2009-03-06T00:00:00Z | Blocked for 12 days
[VIXY PANIC] 2009-03-09T00:00:00Z | Blocked for 15 days
[VIXY FAST PANIC] 2009-03-09T00:00:00Z | Blocked for 12 days
[VIXY PANIC] 2009-03-10T00:00:00Z | Blocked for 15 days
[VIXY FAST PANIC] 2009-03-10T00:00:00Z | Blocked for 12 days
[VIXY PANIC] 2009-03-11T00:00:00Z | Blocked for 15 days
[VIXY FAST PANIC] 2009-03-11T00:00:00Z | Blocked for 12 days
[VIXY PANIC] 2009-03-12T00:00:00Z | Blocked for 15 days
[VIXY FAST PANIC] 2009-03-12T00:00:00Z | Blocked for 12 days
[VIXY PANIC] 2009-03-13T00:00:00Z | Blocked for 15 days
[VIXY FAST PANIC] 2009-03-13T00:00:00Z | Blocked for 12 days
[VIXY PANIC] 2009-03-16T00:00:00Z | Blocked for 15 days
[VIXY FAST PANIC] 2009-03-16T00:00:00Z | Blocked for 12 days
[VIXY PANIC] 2009-03-17T00:00:00Z | Blocked for 15 days
[VIXY FAST PANIC] 2009-03-17T00:00:00Z | Blocked for 12 days
[VIXY PANIC] 2009-03-18T00:00:00Z | Blocked for 15 days
[VIXY FAST PANIC] 2009-03-18T00:00:00Z | Blocked for 12 days
[VIXY PANIC] 2009-03-19T00:00:00Z | Blocked for 15 days
[VIXY FAST PANIC] 2009-03-19T00:00:00Z | Blocked for 12 days
[VIXY PANIC] 2009-03-20T00:00:00Z | Blocked for 15 days
[VIXY FAST PANIC] 2009-03-20T00:00:00Z | Blocked for 12 days
[VIXY PANIC] 2009-03-23T00:00:00Z | Blocked for 15 days
[VIXY FAST PANIC] 2009-03-23T00:00:00Z | Blocked for 12 days
[VIXY FAST PANIC] 2009-03-30T00:00:00Z | Blocked for 12 days
[VIXY PANIC] 2009-04-03T00:00:00Z | Blocked for 15 days
[VIXY FAST PANIC] 2009-04-20T00:00:00Z | Blocked for 12 days
[VIXY PANIC] 2009-04-21T00:00:00Z | Blocked for 15 days
[VIXY FAST PANIC] 2009-04-21T00:00:00Z | Blocked for 12 days
[VIXY PANIC] 2009-04-22T00:00:00Z | Blocked for 15 days
[VIXY FAST PANIC] 2009-04-22T00:00:00Z | Blocked for 12 days
[VIXY PANIC] 2009-04-23T00:00:00Z | Blocked for 15 days
[VIXY FAST PANIC] 2009-04-23T00:00:00Z | Blocked for 12 days
[VIXY PANIC] 2009-04-24T00:00:00Z | Blocked for 15 days
[VIXY PANIC] 2009-04-27T00:00:00Z | Blocked for 15 days
[VIXY FAST PANIC] 2009-05-04T00:00:00Z | Blocked for 12 days
[VIXY PANIC] 2009-05-05T00:00:00Z | Blocked for 15 days
[VIXY FAST PANIC] 2009-05-05T00:00:00Z | Blocked for 12 days
[VIXY PANIC] 2009-05-07T00:00:00Z | Blocked for 15 days
[VIXY FAST PANIC] 2009-05-14T00:00:00Z | Blocked for 12 days
[VIXY FAST PANIC] 2009-05-15T00:00:00Z | Blocked for 12 days
[VIXY PANIC] 2009-05-18T00:00:00Z | Blocked for 15 days
[VIXY PANIC] 2009-05-19T00:00:00Z | Blocked for 15 days
[VIXY FAST PANIC] 2009-06-11T00:00:00Z | Blocked for 12 days
[VIXY PANIC] 2009-06-12T00:00:00Z | Blocked for 15 days
[VIXY FAST PANIC] 2009-06-12T00:00:00Z | Blocked for 12 days
[VIXY PANIC] 2009-06-15T00:00:00Z | Blocked for 15 days
[VIXY FAST PANIC] 2009-06-15T00:00:00Z | Blocked for 12 days
[VIXY PANIC] 2009-06-16T00:00:00Z | Blocked for 15 days
[VIXY FAST PANIC] 2009-06-16T00:00:00Z | Blocked for 12 days
[VIXY PANIC] 2009-06-17T00:00:00Z | Blocked for 15 days
[VIXY PANIC] 2009-06-18T00:00:00Z | Blocked for 15 days
[VIXY FAST PANIC] 2009-06-29T00:00:00Z | Blocked for 12 days
[VIXY PANIC] 2009-07-14T00:00:00Z | Blocked for 15 days
[VIXY FAST PANIC] 2009-07-14T00:00:00Z | Blocked for 12 days
[VIXY PANIC] 2009-08-28T00:00:00Z | Blocked for 15 days
[VIXY FAST PANIC] 2009-08-28T00:00:00Z | Blocked for 12 days
[VIXY PANIC] 2009-08-31T00:00:00Z | Blocked for 15 days
[VIXY FAST PANIC] 2009-08-31T00:00:00Z | Blocked for 12 days
[VIXY PANIC] 2009-09-01T00:00:00Z | Blocked for 15 days
[VIXY FAST PANIC] 2009-09-01T00:00:00Z | Blocked for 12 days
[VIXY PANIC] 2009-09-02T00:00:00Z | Blocked for 15 days
[VIXY FAST PANIC] 2009-09-02T00:00:00Z | Blocked for 12 days
[VIXY PANIC] 2009-09-03T00:00:00Z | Blocked for 15 days
[VIXY FAST PANIC] 2009-09-03T00:00:00Z | Blocked for 12 days
[VIXY PANIC] 2009-09-04T00:00:00Z | Blocked for 15 days
[VIXY FAST PANIC] 2009-09-04T00:00:00Z | Blocked for 12 days
[VIXY PANIC] 2009-09-08T00:00:00Z | Blocked for 15 days
[VIXY FAST PANIC] 2009-09-08T00:00:00Z | Blocked for 12 days
[VIXY PANIC] 2009-09-09T00:00:00Z | Blocked for 15 days
[VIXY FAST PANIC] 2009-09-23T00:00:00Z | Blocked for 12 days
[VIXY PANIC] 2009-09-24T00:00:00Z | Blocked for 15 days
[VIXY FAST PANIC] 2009-09-24T00:00:00Z | Blocked for 12 days
[VIXY PANIC] 2009-09-25T00:00:00Z | Blocked for 15 days
[VIXY FAST PANIC] 2009-09-25T00:00:00Z | Blocked for 12 days
[VIXY PANIC] 2009-09-28T00:00:00Z | Blocked for 15 days
[VIXY FAST PANIC] 2009-10-05T00:00:00Z | Blocked for 12 days
[VIXY PANIC] 2009-10-20T00:00:00Z | Blocked for 15 days
[VIXY FAST PANIC] 2009-10-20T00:00:00Z | Blocked for 12 days
[VIXY PANIC] 2009-10-21T00:00:00Z | Blocked for 15 days
[VIXY FAST PANIC] 2009-10-21T00:00:00Z | Blocked for 12 days
[VIXY PANIC] 2009-10-22T00:00:00Z | Blocked for 15 days
[VIXY PANIC] 2009-10-27T00:00:00Z | Blocked for 15 days
[VIXY FAST PANIC] 2009-10-27T00:00:00Z | Blocked for 12 days
[VIXY PANIC] 2009-10-28T00:00:00Z | Blocked for 15 days
[VIXY FAST PANIC] 2009-10-28T00:00:00Z | Blocked for 12 days
[VIXY PANIC] 2009-10-29T00:00:00Z | Blocked for 15 days
[VIXY FAST PANIC] 2009-10-29T00:00:00Z | Blocked for 12 days
[VIXY PANIC] 2009-10-30T00:00:00Z | Blocked for 15 days
[VIXY FAST PANIC] 2009-10-30T00:00:00Z | Blocked for 12 days
[VIXY PANIC] 2009-11-02T00:00:00Z | Blocked for 15 days
[VIXY FAST PANIC] 2009-11-02T00:00:00Z | Blocked for 12 days
[VIXY PANIC] 2009-11-03T00:00:00Z | Blocked for 15 days
[VIXY PANIC] 2009-12-14T00:00:00Z | Blocked for 15 days
[VIXY FAST PANIC] 2009-12-14T00:00:00Z | Blocked for 12 days
[VIXY PANIC] 2009-12-15T00:00:00Z | Blocked for 15 days
[VIXY FAST PANIC] 2009-12-15T00:00:00Z | Blocked for 12 days
[VIXY PANIC] 2009-12-16T00:00:00Z | Blocked for 15 days
[VIXY FAST PANIC] 2009-12-22T00:00:00Z | Blocked for 12 days
[VIXY PANIC] 2009-12-23T00:00:00Z | Blocked for 15 days
[VIXY FAST PANIC] 2009-12-23T00:00:00Z | Blocked for 12 days
[VIXY PANIC] 2010-01-05T00:00:00Z | Blocked for 15 days
[VIXY FAST PANIC] 2010-01-05T00:00:00Z | Blocked for 12 days
[VIXY PANIC] 2010-01-06T00:00:00Z | Blocked for 15 days
[VIXY FAST PANIC] 2010-01-06T00:00:00Z | Blocked for 12 days
[VIXY FAST PANIC] 2010-01-07T00:00:00Z | Blocked for 12 days
[VIXY PANIC] 2010-01-19T00:00:00Z | Blocked for 15 days
[VIXY FAST PANIC] 2010-01-26T00:00:00Z | Blocked for 12 days
[VIXY FAST PANIC] 2010-01-27T00:00:00Z | Blocked for 12 days
[VIXY PANIC] 2010-01-28T00:00:00Z | Blocked for 15 days
[VIXY FAST PANIC] 2010-01-28T00:00:00Z | Blocked for 12 days
[VIXY PANIC] 2010-01-29T00:00:00Z | Blocked for 15 days
[VIXY FAST PANIC] 2010-01-29T00:00:00Z | Blocked for 12 days
[VIXY PANIC] 2010-02-01T00:00:00Z | Blocked for 15 days
[VIXY FAST PANIC] 2010-02-01T00:00:00Z | Blocked for 12 days
[VIXY PANIC] 2010-02-02T00:00:00Z | Blocked for 15 days
[VIXY PANIC] 2010-02-03T00:00:00Z | Blocked for 15 days
[VIXY PANIC] 2010-02-26T00:00:00Z | Blocked for 15 days
[VIXY FAST PANIC] 2010-02-26T00:00:00Z | Blocked for 12 days
[VIXY PANIC] 2010-03-01T00:00:00Z | Blocked for 15 days
[VIXY FAST PANIC] 2010-03-01T00:00:00Z | Blocked for 12 days
[VIXY PANIC] 2010-03-04T00:00:00Z | Blocked for 15 days
[VIXY FAST PANIC] 2010-03-05T00:00:00Z | Blocked for 12 days
[VIXY PANIC] 2010-03-09T00:00:00Z | Blocked for 15 days
[VIXY PANIC] 2010-04-21T00:00:00Z | Blocked for 15 days
[VIXY FAST PANIC] 2010-04-21T00:00:00Z | Blocked for 12 days
[VIXY PANIC] 2010-04-23T00:00:00Z | Blocked for 15 days
[VIXY FAST PANIC] 2010-04-23T00:00:00Z | Blocked for 12 days
[VIXY PANIC] 2010-05-05T00:00:00Z | Blocked for 15 days
[VIXY FAST PANIC] 2010-05-05T00:00:00Z | Blocked for 12 days
[VIXY PANIC] 2010-05-12T00:00:00Z | Blocked for 15 days
[VIXY FAST PANIC] 2010-05-12T00:00:00Z | Blocked for 12 days
[VIXY PANIC] 2010-05-13T00:00:00Z | Blocked for 15 days
[VIXY FAST PANIC] 2010-05-13T00:00:00Z | Blocked for 12 days
[VIXY PANIC] 2010-05-14T00:00:00Z | Blocked for 15 days
[VIXY FAST PANIC] 2010-05-14T00:00:00Z | Blocked for 12 days
[VIXY PANIC] 2010-05-17T00:00:00Z | Blocked for 15 days
[VIXY PANIC] 2010-05-18T00:00:00Z | Blocked for 15 days
[VIXY FAST PANIC] 2010-05-20T00:00:00Z | Blocked for 12 days
[VIXY FAST PANIC] 2010-06-17T00:00:00Z | Blocked for 12 days
[VIXY PANIC] 2010-06-21T00:00:00Z | Blocked for 15 days
[VIXY FAST PANIC] 2010-06-21T00:00:00Z | Blocked for 12 days
[VIXY PANIC] 2010-06-22T00:00:00Z | Blocked for 15 days
[VIXY PANIC] 2010-07-09T00:00:00Z | Blocked for 15 days
[VIXY FAST PANIC] 2010-07-09T00:00:00Z | Blocked for 12 days
[VIXY PANIC] 2010-07-19T00:00:00Z | Blocked for 15 days
[VIXY PANIC] 2010-07-20T00:00:00Z | Blocked for 15 days
[VIXY FAST PANIC] 2010-07-20T00:00:00Z | Blocked for 12 days
[VIXY PANIC] 2010-07-21T00:00:00Z | Blocked for 15 days
[VIXY FAST PANIC] 2010-07-21T00:00:00Z | Blocked for 12 days
[VIXY PANIC] 2010-07-22T00:00:00Z | Blocked for 15 days
[VIXY PANIC] 2010-07-23T00:00:00Z | Blocked for 15 days
[VIXY PANIC] 2010-08-03T00:00:00Z | Blocked for 15 days
[VIXY FAST PANIC] 2010-08-03T00:00:00Z | Blocked for 12 days
[VIXY FAST PANIC] 2010-08-18T00:00:00Z | Blocked for 12 days
[VIXY PANIC] 2010-08-19T00:00:00Z | Blocked for 15 days
[VIXY FAST PANIC] 2010-08-19T00:00:00Z | Blocked for 12 days
[VIXY PANIC] 2010-08-20T00:00:00Z | Blocked for 15 days
[VIXY FAST PANIC] 2010-08-20T00:00:00Z | Blocked for 12 days
[VIXY PANIC] 2010-08-23T00:00:00Z | Blocked for 15 days
[VIXY PANIC] 2010-09-10T00:00:00Z | Blocked for 15 days
[VIXY FAST PANIC] 2010-09-10T00:00:00Z | Blocked for 12 days
[VIXY PANIC] 2010-09-13T00:00:00Z | Blocked for 15 days
[VIXY FAST PANIC] 2010-09-13T00:00:00Z | Blocked for 12 days
[VIXY PANIC] 2010-09-14T00:00:00Z | Blocked for 15 days
[VIXY PANIC] 2010-09-15T00:00:00Z | Blocked for 15 days
[VIXY PANIC] 2010-09-21T00:00:00Z | Blocked for 15 days
[VIXY FAST PANIC] 2010-09-21T00:00:00Z | Blocked for 12 days
[VIXY PANIC] 2010-09-22T00:00:00Z | Blocked for 15 days
[VIXY FAST PANIC] 2010-09-22T00:00:00Z | Blocked for 12 days
[VIXY PANIC] 2010-09-23T00:00:00Z | Blocked for 15 days
[VIXY FAST PANIC] 2010-09-29T00:00:00Z | Blocked for 12 days
[VIXY PANIC] 2010-09-30T00:00:00Z | Blocked for 15 days
[VIXY FAST PANIC] 2010-09-30T00:00:00Z | Blocked for 12 days
[VIXY PANIC] 2010-10-01T00:00:00Z | Blocked for 15 days
[VIXY FAST PANIC] 2010-10-01T00:00:00Z | Blocked for 12 days
[VIXY PANIC] 2010-10-04T00:00:00Z | Blocked for 15 days
[VIXY PANIC] 2010-10-05T00:00:00Z | Blocked for 15 days
[VIXY FAST PANIC] 2010-11-09T00:00:00Z | Blocked for 12 days
[VIXY PANIC] 2010-11-10T00:00:00Z | Blocked for 15 days
[VIXY FAST PANIC] 2010-11-10T00:00:00Z | Blocked for 12 days
[VIXY PANIC] 2010-11-11T00:00:00Z | Blocked for 15 days
[VIXY FAST PANIC] 2010-11-11T00:00:00Z | Blocked for 12 days
[VIXY PANIC] 2010-11-12T00:00:00Z | Blocked for 15 days
[VIXY PANIC] 2010-11-22T00:00:00Z | Blocked for 15 days
[VIXY FAST PANIC] 2010-11-22T00:00:00Z | Blocked for 12 days
[VIXY PANIC] 2010-11-23T00:00:00Z | Blocked for 15 days
[VIXY FAST PANIC] 2010-11-23T00:00:00Z | Blocked for 12 days
[VIXY PANIC] 2010-11-24T00:00:00Z | Blocked for 15 days
[VIXY PANIC] 2010-11-29T00:00:00Z | Blocked for 15 days
[VIXY FAST PANIC] 2010-11-29T00:00:00Z | Blocked for 12 days
[VIXY PANIC] 2010-11-30T00:00:00Z | Blocked for 15 days
[VIXY FAST PANIC] 2010-11-30T00:00:00Z | Blocked for 12 days
[VIXY PANIC] 2010-12-01T00:00:00Z | Blocked for 15 days
[VIXY FAST PANIC] 2010-12-01T00:00:00Z | Blocked for 12 days
[VIXY PANIC] 2010-12-02T00:00:00Z | Blocked for 15 days
[VIXY FAST PANIC] 2010-12-02T00:00:00Z | Blocked for 12 days
[VIXY PANIC] 2010-12-03T00:00:00Z | Blocked for 15 days
[VIXY FAST PANIC] 2010-12-03T00:00:00Z | Blocked for 12 days
[VIXY PANIC] 2010-12-06T00:00:00Z | Blocked for 15 days
[VIXY FAST PANIC] 2010-12-06T00:00:00Z | Blocked for 12 days
[VIXY PANIC] 2010-12-07T00:00:00Z | Blocked for 15 days
[VIXY PANIC] 2010-12-20T00:00:00Z | Blocked for 15 days
[VIXY PANIC] 2010-12-21T00:00:00Z | Blocked for 15 days
[VIXY FAST PANIC] 2010-12-21T00:00:00Z | Blocked for 12 days
[VIXY PANIC] 2011-01-06T00:00:00Z | Blocked for 15 days
[VIXY FAST PANIC] 2011-01-06T00:00:00Z | Blocked for 12 days
[VIXY PANIC] 2011-01-07T00:00:00Z | Blocked for 15 days
[VIXY FAST PANIC] 2011-01-07T00:00:00Z | Blocked for 12 days
[VIXY FAST PANIC] 2011-01-10T00:00:00Z | Blocked for 12 days
[VIXY PANIC] 2011-01-11T00:00:00Z | Blocked for 15 days
[VIXY FAST PANIC] 2011-01-18T00:00:00Z | Blocked for 12 days
[VIXY PANIC] 2011-01-19T00:00:00Z | Blocked for 15 days
[VIXY FAST PANIC] 2011-01-19T00:00:00Z | Blocked for 12 days
[VIXY PANIC] 2011-01-20T00:00:00Z | Blocked for 15 days
[VIXY FAST PANIC] 2011-01-20T00:00:00Z | Blocked for 12 days
[VIXY PANIC] 2011-01-21T00:00:00Z | Blocked for 15 days
[VIXY FAST PANIC] 2011-01-21T00:00:00Z | Blocked for 12 days
[VIXY PANIC] 2011-01-24T00:00:00Z | Blocked for 15 days
[VIXY FAST PANIC] 2011-01-24T00:00:00Z | Blocked for 12 days
[VIXY PANIC] 2011-01-25T00:00:00Z | Blocked for 15 days
[VIXY FAST PANIC] 2011-01-25T00:00:00Z | Blocked for 12 days
[VIXY PANIC] 2011-01-26T00:00:00Z | Blocked for 15 days
[VIXY FAST PANIC] 2011-01-26T00:00:00Z | Blocked for 12 days
[VIXY PANIC] 2011-01-27T00:00:00Z | Blocked for 15 days
[VIXY FAST PANIC] 2011-01-27T00:00:00Z | Blocked for 12 days
[VIXY PANIC] 2011-01-28T00:00:00Z | Blocked for 15 days
[VIXY FAST PANIC] 2011-01-28T00:00:00Z | Blocked for 12 days
[VIXY FAST PANIC] 2011-02-07T00:00:00Z | Blocked for 12 days
[VIXY FAST PANIC] 2011-02-08T00:00:00Z | Blocked for 12 days
[VIXY PANIC] 2011-02-14T00:00:00Z | Blocked for 15 days
[VIXY FAST PANIC] 2011-02-14T00:00:00Z | Blocked for 12 days
[VIXY PANIC] 2011-02-15T00:00:00Z | Blocked for 15 days
[VIXY FAST PANIC] 2011-02-15T00:00:00Z | Blocked for 12 days
[VIXY PANIC] 2011-02-16T00:00:00Z | Blocked for 15 days
[VIXY FAST PANIC] 2011-02-16T00:00:00Z | Blocked for 12 days
[VIXY PANIC] 2011-02-17T00:00:00Z | Blocked for 15 days
[VIXY PANIC] 2011-02-18T00:00:00Z | Blocked for 15 days
[VIXY FAST PANIC] 2011-02-22T00:00:00Z | Blocked for 12 days
[VIXY FAST PANIC] 2011-02-23T00:00:00Z | Blocked for 12 days
[VIXY PANIC] 2011-02-24T00:00:00Z | Blocked for 15 days
[VIXY FAST PANIC] 2011-02-24T00:00:00Z | Blocked for 12 days
[VIXY PANIC] 2011-02-25T00:00:00Z | Blocked for 15 days
[VIXY PANIC] 2011-03-02T00:00:00Z | Blocked for 15 days
[VIXY FAST PANIC] 2011-03-02T00:00:00Z | Blocked for 12 days
[VIXY FAST PANIC] 2011-03-03T00:00:00Z | Blocked for 12 days
[VIXY PANIC] 2011-03-04T00:00:00Z | Blocked for 15 days
[VIXY FAST PANIC] 2011-03-04T00:00:00Z | Blocked for 12 days
[VIXY PANIC] 2011-03-07T00:00:00Z | Blocked for 15 days
[VIXY PANIC] 2011-03-08T00:00:00Z | Blocked for 15 days
[VIXY FAST PANIC] 2011-03-08T00:00:00Z | Blocked for 12 days
[VIXY PANIC] 2011-03-09T00:00:00Z | Blocked for 15 days
[VIXY FAST PANIC] 2011-03-09T00:00:00Z | Blocked for 12 days
[VIXY PANIC] 2011-03-10T00:00:00Z | Blocked for 15 days
[VIXY FAST PANIC] 2011-03-10T00:00:00Z | Blocked for 12 days
[VIXY PANIC] 2011-03-11T00:00:00Z | Blocked for 15 days
[VIXY PANIC] 2011-04-06T00:00:00Z | Blocked for 15 days
[VIXY PANIC] 2011-04-07T00:00:00Z | Blocked for 15 days
[VIXY FAST PANIC] 2011-04-07T00:00:00Z | Blocked for 12 days
[VIXY FAST PANIC] 2011-04-08T00:00:00Z | Blocked for 12 days
[VIXY PANIC] 2011-04-12T00:00:00Z | Blocked for 15 days
[VIXY PANIC] 2011-04-13T00:00:00Z | Blocked for 15 days
[VIXY FAST PANIC] 2011-04-13T00:00:00Z | Blocked for 12 days
[VIXY PANIC] 2011-04-25T00:00:00Z | Blocked for 15 days
[VIXY FAST PANIC] 2011-04-25T00:00:00Z | Blocked for 12 days
[VIXY PANIC] 2011-04-26T00:00:00Z | Blocked for 15 days
[VIXY FAST PANIC] 2011-04-26T00:00:00Z | Blocked for 12 days
[VIXY PANIC] 2011-04-27T00:00:00Z | Blocked for 15 days
[VIXY FAST PANIC] 2011-04-27T00:00:00Z | Blocked for 12 days
[VIXY PANIC] 2011-04-28T00:00:00Z | Blocked for 15 days
[VIXY FAST PANIC] 2011-04-28T00:00:00Z | Blocked for 12 days
[VIXY PANIC] 2011-04-29T00:00:00Z | Blocked for 15 days
[VIXY FAST PANIC] 2011-04-29T00:00:00Z | Blocked for 12 days
[VIXY PANIC] 2011-05-02T00:00:00Z | Blocked for 15 days
[VIXY FAST PANIC] 2011-05-02T00:00:00Z | Blocked for 12 days
[VIXY PANIC] 2011-05-03T00:00:00Z | Blocked for 15 days
[VIXY PANIC] 2011-05-06T00:00:00Z | Blocked for 15 days
[VIXY FAST PANIC] 2011-05-09T00:00:00Z | Blocked for 12 days
[VIXY PANIC] 2011-05-10T00:00:00Z | Blocked for 15 days
[VIXY FAST PANIC] 2011-05-10T00:00:00Z | Blocked for 12 days
[VIXY PANIC] 2011-05-11T00:00:00Z | Blocked for 15 days
[VIXY PANIC] 2011-05-12T00:00:00Z | Blocked for 15 days
[VIXY FAST PANIC] 2011-05-12T00:00:00Z | Blocked for 12 days
[VIXY FAST PANIC] 2011-05-19T00:00:00Z | Blocked for 12 days
[VIXY FAST PANIC] 2011-05-20T00:00:00Z | Blocked for 12 days
[VIXY FAST PANIC] 2011-05-23T00:00:00Z | Blocked for 12 days
[VIXY PANIC] 2011-05-24T00:00:00Z | Blocked for 15 days
[VIXY PANIC] 2011-05-25T00:00:00Z | Blocked for 15 days
[VIXY PANIC] 2011-06-13T00:00:00Z | Blocked for 15 days
[VIXY FAST PANIC] 2011-06-13T00:00:00Z | Blocked for 12 days
[VIXY PANIC] 2011-06-14T00:00:00Z | Blocked for 15 days
[VIXY FAST PANIC] 2011-06-14T00:00:00Z | Blocked for 12 days
[VIXY PANIC] 2011-06-15T00:00:00Z | Blocked for 15 days
[VIXY FAST PANIC] 2011-06-15T00:00:00Z | Blocked for 12 days
[VIXY PANIC] 2011-06-16T00:00:00Z | Blocked for 15 days
[VIXY FAST PANIC] 2011-06-16T00:00:00Z | Blocked for 12 days
[VIXY PANIC] 2011-06-17T00:00:00Z | Blocked for 15 days
[VIXY PANIC] 2011-06-20T00:00:00Z | Blocked for 15 days
[VIXY FAST PANIC] 2011-06-30T00:00:00Z | Blocked for 12 days
[VIXY FAST PANIC] 2011-08-02T00:00:00Z | Blocked for 12 days
[VIXY PANIC] 2011-08-22T00:00:00Z | Blocked for 15 days
[VIXY FAST PANIC] 2011-08-22T00:00:00Z | Blocked for 12 days
[VIXY PANIC] 2011-08-23T00:00:00Z | Blocked for 15 days
[VIXY FAST PANIC] 2011-08-23T00:00:00Z | Blocked for 12 days
[VIXY PANIC] 2011-08-24T00:00:00Z | Blocked for 15 days
[VIXY PANIC] 2011-08-25T00:00:00Z | Blocked for 15 days
[VIXY PANIC] 2011-08-26T00:00:00Z | Blocked for 15 days
[VIXY FAST PANIC] 2011-08-29T00:00:00Z | Blocked for 12 days
[VIXY PANIC] 2011-08-30T00:00:00Z | Blocked for 15 days
[VIXY FAST PANIC] 2011-08-30T00:00:00Z | Blocked for 12 days
[VIXY PANIC] 2011-08-31T00:00:00Z | Blocked for 15 days
[VIXY PANIC] 2011-09-01T00:00:00Z | Blocked for 15 days
[VIXY FAST PANIC] 2011-09-13T00:00:00Z | Blocked for 12 days
[VIXY PANIC] 2011-09-14T00:00:00Z | Blocked for 15 days
[VIXY FAST PANIC] 2011-09-14T00:00:00Z | Blocked for 12 days
[VIXY PANIC] 2011-09-15T00:00:00Z | Blocked for 15 days
[VIXY FAST PANIC] 2011-09-15T00:00:00Z | Blocked for 12 days
[VIXY PANIC] 2011-09-16T00:00:00Z | Blocked for 15 days
[VIXY PANIC] 2011-09-19T00:00:00Z | Blocked for 15 days
[VIXY PANIC] 2011-09-21T00:00:00Z | Blocked for 15 days
[VIXY FAST PANIC] 2011-09-21T00:00:00Z | Blocked for 12 days
[VIXY PANIC] 2011-09-22T00:00:00Z | Blocked for 15 days
[VIXY FAST PANIC] 2011-09-22T00:00:00Z | Blocked for 12 days
[VIXY PANIC] 2011-09-23T00:00:00Z | Blocked for 15 days
[VIXY FAST PANIC] 2011-09-23T00:00:00Z | Blocked for 12 days
[VIXY PANIC] 2011-09-26T00:00:00Z | Blocked for 15 days
[VIXY FAST PANIC] 2011-09-26T00:00:00Z | Blocked for 12 days
[VIXY PANIC] 2011-09-27T00:00:00Z | Blocked for 15 days
[VIXY FAST PANIC] 2011-09-27T00:00:00Z | Blocked for 12 days
[VIXY PANIC] 2011-09-28T00:00:00Z | Blocked for 15 days
[VIXY PANIC] 2011-09-29T00:00:00Z | Blocked for 15 days
[VIXY PANIC] 2011-09-30T00:00:00Z | Blocked for 15 days
[VIXY FAST PANIC] 2011-10-07T00:00:00Z | Blocked for 12 days
[VIXY PANIC] 2011-10-10T00:00:00Z | Blocked for 15 days
[VIXY FAST PANIC] 2011-10-10T00:00:00Z | Blocked for 12 days
[VIXY PANIC] 2011-10-11T00:00:00Z | Blocked for 15 days
[VIXY FAST PANIC] 2011-10-11T00:00:00Z | Blocked for 12 days
[VIXY PANIC] 2011-10-12T00:00:00Z | Blocked for 15 days
[VIXY FAST PANIC] 2011-10-12T00:00:00Z | Blocked for 12 days
[VIXY PANIC] 2011-10-13T00:00:00Z | Blocked for 15 days
[VIXY FAST PANIC] 2011-11-09T00:00:00Z | Blocked for 12 days
[VIXY FAST PANIC] 2011-12-07T00:00:00Z | Blocked for 12 days
[VIXY PANIC] 2011-12-09T00:00:00Z | Blocked for 15 days
[VIXY PANIC] 2011-12-12T00:00:00Z | Blocked for 15 days
[VIXY FAST PANIC] 2011-12-16T00:00:00Z | Blocked for 12 days
[VIXY FAST PANIC] 2011-12-19T00:00:00Z | Blocked for 12 days
[VIXY FAST PANIC] 2012-01-19T00:00:00Z | Blocked for 12 days
[VIXY FAST PANIC] 2012-02-06T00:00:00Z | Blocked for 12 days
[VIXY PANIC] 2012-02-08T00:00:00Z | Blocked for 15 days
[VIXY FAST PANIC] 2012-02-08T00:00:00Z | Blocked for 12 days
[VIXY PANIC] 2012-02-09T00:00:00Z | Blocked for 15 days
[VIXY FAST PANIC] 2012-02-09T00:00:00Z | Blocked for 12 days
[VIXY PANIC] 2012-02-10T00:00:00Z | Blocked for 15 days
[VIXY FAST PANIC] 2012-02-10T00:00:00Z | Blocked for 12 days
[VIXY FAST PANIC] 2012-02-17T00:00:00Z | Blocked for 12 days
[VIXY PANIC] 2012-02-21T00:00:00Z | Blocked for 15 days
[VIXY FAST PANIC] 2012-02-21T00:00:00Z | Blocked for 12 days
[VIXY PANIC] 2012-02-22T00:00:00Z | Blocked for 15 days
[VIXY FAST PANIC] 2012-02-22T00:00:00Z | Blocked for 12 days
[VIXY PANIC] 2012-02-23T00:00:00Z | Blocked for 15 days
[VIXY PANIC] 2012-02-24T00:00:00Z | Blocked for 15 days
[VIXY PANIC] 2012-03-08T00:00:00Z | Blocked for 15 days
[VIXY FAST PANIC] 2012-03-08T00:00:00Z | Blocked for 12 days
[VIXY PANIC] 2012-03-09T00:00:00Z | Blocked for 15 days
[VIXY FAST PANIC] 2012-03-09T00:00:00Z | Blocked for 12 days
[VIXY PANIC] 2012-03-12T00:00:00Z | Blocked for 15 days
[VIXY FAST PANIC] 2012-03-12T00:00:00Z | Blocked for 12 days
[VIXY PANIC] 2012-03-13T00:00:00Z | Blocked for 15 days
[VIXY FAST PANIC] 2012-03-13T00:00:00Z | Blocked for 12 days
[VIXY PANIC] 2012-03-14T00:00:00Z | Blocked for 15 days
[VIXY FAST PANIC] 2012-03-14T00:00:00Z | Blocked for 12 days
[VIXY PANIC] 2012-03-15T00:00:00Z | Blocked for 15 days
[VIXY PANIC] 2012-03-16T00:00:00Z | Blocked for 15 days
[VIXY FAST PANIC] 2012-03-16T00:00:00Z | Blocked for 12 days
[VIXY PANIC] 2012-03-22T00:00:00Z | Blocked for 15 days
[VIXY PANIC] 2012-04-24T00:00:00Z | Blocked for 15 days
[VIXY FAST PANIC] 2012-04-24T00:00:00Z | Blocked for 12 days
[VIXY PANIC] 2012-04-25T00:00:00Z | Blocked for 15 days
[VIXY FAST PANIC] 2012-04-25T00:00:00Z | Blocked for 12 days
[VIXY FAST PANIC] 2012-05-02T00:00:00Z | Blocked for 12 days
[VIXY PANIC] 2012-05-03T00:00:00Z | Blocked for 15 days
[VIXY FAST PANIC] 2012-05-03T00:00:00Z | Blocked for 12 days
[VIXY PANIC] 2012-05-04T00:00:00Z | Blocked for 15 days
[VIXY FAST PANIC] 2012-05-22T00:00:00Z | Blocked for 12 days
[VIXY PANIC] 2012-05-23T00:00:00Z | Blocked for 15 days
[VIXY FAST PANIC] 2012-05-23T00:00:00Z | Blocked for 12 days
[VIXY PANIC] 2012-05-24T00:00:00Z | Blocked for 15 days
[VIXY FAST PANIC] 2012-05-24T00:00:00Z | Blocked for 12 days
[VIXY PANIC] 2012-07-03T00:00:00Z | Blocked for 15 days
[VIXY FAST PANIC] 2012-07-03T00:00:00Z | Blocked for 12 days
[VIXY FAST PANIC] 2012-07-05T00:00:00Z | Blocked for 12 days
[VIXY PANIC] 2012-07-06T00:00:00Z | Blocked for 15 days
[VIXY PANIC] 2012-07-09T00:00:00Z | Blocked for 15 days
[VIXY PANIC] 2012-07-31T00:00:00Z | Blocked for 15 days
[VIXY FAST PANIC] 2012-07-31T00:00:00Z | Blocked for 12 days
[VIXY PANIC] 2012-08-01T00:00:00Z | Blocked for 15 days
[VIXY FAST PANIC] 2012-08-01T00:00:00Z | Blocked for 12 days
[VIXY PANIC] 2012-08-02T00:00:00Z | Blocked for 15 days
[VIXY FAST PANIC] 2012-08-02T00:00:00Z | Blocked for 12 days
[VIXY PANIC] 2012-08-03T00:00:00Z | Blocked for 15 days
[VIXY PANIC] 2012-08-06T00:00:00Z | Blocked for 15 days
[VIXY FAST PANIC] 2012-08-14T00:00:00Z | Blocked for 12 days
[VIXY PANIC] 2012-08-15T00:00:00Z | Blocked for 15 days
[VIXY FAST PANIC] 2012-08-15T00:00:00Z | Blocked for 12 days
[VIXY PANIC] 2012-08-16T00:00:00Z | Blocked for 15 days
[VIXY FAST PANIC] 2012-08-16T00:00:00Z | Blocked for 12 days
[VIXY PANIC] 2012-08-17T00:00:00Z | Blocked for 15 days
[VIXY PANIC] 2012-09-18T00:00:00Z | Blocked for 15 days
[VIXY PANIC] 2012-09-19T00:00:00Z | Blocked for 15 days
[VIXY FAST PANIC] 2012-09-19T00:00:00Z | Blocked for 12 days
[VIXY PANIC] 2012-09-20T00:00:00Z | Blocked for 15 days
[VIXY FAST PANIC] 2012-09-20T00:00:00Z | Blocked for 12 days
[VIXY PANIC] 2012-09-21T00:00:00Z | Blocked for 15 days
[VIXY FAST PANIC] 2012-09-21T00:00:00Z | Blocked for 12 days
[VIXY PANIC] 2012-09-24T00:00:00Z | Blocked for 15 days
[VIXY FAST PANIC] 2012-09-24T00:00:00Z | Blocked for 12 days
[VIXY PANIC] 2012-09-25T00:00:00Z | Blocked for 15 days
[VIXY FAST PANIC] 2012-09-25T00:00:00Z | Blocked for 12 days
[VIXY FAST PANIC] 2012-10-01T00:00:00Z | Blocked for 12 days
[VIXY FAST PANIC] 2012-10-02T00:00:00Z | Blocked for 12 days
[VIXY PANIC] 2012-10-03T00:00:00Z | Blocked for 15 days
[VIXY PANIC] 2012-10-11T00:00:00Z | Blocked for 15 days
[VIXY FAST PANIC] 2012-10-11T00:00:00Z | Blocked for 12 days
[VIXY FAST PANIC] 2012-10-12T00:00:00Z | Blocked for 12 days
[VIXY PANIC] 2012-10-15T00:00:00Z | Blocked for 15 days
[VIXY FAST PANIC] 2012-10-15T00:00:00Z | Blocked for 12 days
[VIXY PANIC] 2012-10-16T00:00:00Z | Blocked for 15 days
[VIXY PANIC] 2012-10-17T00:00:00Z | Blocked for 15 days
[VIXY FAST PANIC] 2012-10-17T00:00:00Z | Blocked for 12 days
[VIXY PANIC] 2012-10-18T00:00:00Z | Blocked for 15 days
[VIXY FAST PANIC] 2012-10-18T00:00:00Z | Blocked for 12 days
[VIXY PANIC] 2012-10-19T00:00:00Z | Blocked for 15 days
[VIXY PANIC] 2012-10-22T00:00:00Z | Blocked for 15 days
[VIXY PANIC] 2012-10-23T00:00:00Z | Blocked for 15 days
[VIXY FAST PANIC] 2012-10-25T00:00:00Z | Blocked for 12 days
[VIXY PANIC] 2012-12-19T00:00:00Z | Blocked for 15 days
[VIXY FAST PANIC] 2012-12-19T00:00:00Z | Blocked for 12 days
[VIXY PANIC] 2012-12-20T00:00:00Z | Blocked for 15 days
[VIXY FAST PANIC] 2012-12-20T00:00:00Z | Blocked for 12 days
[VIXY PANIC] 2012-12-21T00:00:00Z | Blocked for 15 days
[VIXY FAST PANIC] 2012-12-21T00:00:00Z | Blocked for 12 days
[VIXY PANIC] 2012-12-24T00:00:00Z | Blocked for 15 days
[VIXY FAST PANIC] 2013-01-03T00:00:00Z | Blocked for 12 days
[VIXY PANIC] 2013-01-04T00:00:00Z | Blocked for 15 days
[VIXY FAST PANIC] 2013-01-04T00:00:00Z | Blocked for 12 days
[VIXY FAST PANIC] 2013-01-15T00:00:00Z | Blocked for 12 days
[VIXY PANIC] 2013-01-16T00:00:00Z | Blocked for 15 days
[VIXY FAST PANIC] 2013-01-16T00:00:00Z | Blocked for 12 days
[VIXY PANIC] 2013-01-17T00:00:00Z | Blocked for 15 days
[VIXY FAST PANIC] 2013-01-17T00:00:00Z | Blocked for 12 days
[VIXY PANIC] 2013-01-31T00:00:00Z | Blocked for 15 days
[VIXY FAST PANIC] 2013-01-31T00:00:00Z | Blocked for 12 days
[VIXY PANIC] 2013-02-04T00:00:00Z | Blocked for 15 days
[VIXY FAST PANIC] 2013-02-04T00:00:00Z | Blocked for 12 days
[VIXY PANIC] 2013-02-13T00:00:00Z | Blocked for 15 days
[VIXY FAST PANIC] 2013-02-13T00:00:00Z | Blocked for 12 days
[VIXY PANIC] 2013-02-14T00:00:00Z | Blocked for 15 days
[VIXY FAST PANIC] 2013-02-14T00:00:00Z | Blocked for 12 days
[VIXY PANIC] 2013-02-15T00:00:00Z | Blocked for 15 days
[VIXY PANIC] 2013-02-20T00:00:00Z | Blocked for 15 days
[VIXY PANIC] 2013-03-06T00:00:00Z | Blocked for 15 days
[VIXY FAST PANIC] 2013-03-06T00:00:00Z | Blocked for 12 days
[VIXY PANIC] 2013-03-07T00:00:00Z | Blocked for 15 days
[VIXY FAST PANIC] 2013-03-07T00:00:00Z | Blocked for 12 days
[VIXY PANIC] 2013-03-08T00:00:00Z | Blocked for 15 days
[VIXY FAST PANIC] 2013-03-08T00:00:00Z | Blocked for 12 days
[VIXY PANIC] 2013-03-11T00:00:00Z | Blocked for 15 days
[VIXY PANIC] 2013-03-12T00:00:00Z | Blocked for 15 days
[VIXY FAST PANIC] 2013-03-18T00:00:00Z | Blocked for 12 days
[VIXY PANIC] 2013-04-03T00:00:00Z | Blocked for 15 days
[VIXY FAST PANIC] 2013-04-03T00:00:00Z | Blocked for 12 days
[VIXY PANIC] 2013-04-04T00:00:00Z | Blocked for 15 days
[VIXY PANIC] 2013-04-05T00:00:00Z | Blocked for 15 days
[VIXY FAST PANIC] 2013-04-05T00:00:00Z | Blocked for 12 days
[VIXY PANIC] 2013-04-08T00:00:00Z | Blocked for 15 days
[VIXY FAST PANIC] 2013-04-08T00:00:00Z | Blocked for 12 days
[VIXY PANIC] 2013-04-09T00:00:00Z | Blocked for 15 days
[VIXY PANIC] 2013-04-11T00:00:00Z | Blocked for 15 days
[VIXY PANIC] 2013-04-15T00:00:00Z | Blocked for 15 days
[VIXY FAST PANIC] 2013-04-15T00:00:00Z | Blocked for 12 days
[VIXY PANIC] 2013-04-16T00:00:00Z | Blocked for 15 days
[VIXY FAST PANIC] 2013-04-16T00:00:00Z | Blocked for 12 days
[VIXY PANIC] 2013-04-17T00:00:00Z | Blocked for 15 days
[VIXY FAST PANIC] 2013-04-17T00:00:00Z | Blocked for 12 days
[VIXY PANIC] 2013-04-18T00:00:00Z | Blocked for 15 days
[VIXY PANIC] 2013-04-19T00:00:00Z | Blocked for 15 days
[VIXY PANIC] 2013-04-22T00:00:00Z | Blocked for 15 days
[VIXY PANIC] 2013-05-30T00:00:00Z | Blocked for 15 days
[VIXY PANIC] 2013-05-31T00:00:00Z | Blocked for 15 days
[VIXY FAST PANIC] 2013-05-31T00:00:00Z | Blocked for 12 days
[VIXY PANIC] 2013-06-20T00:00:00Z | Blocked for 15 days
[VIXY PANIC] 2013-06-21T00:00:00Z | Blocked for 15 days
[VIXY PANIC] 2013-07-17T00:00:00Z | Blocked for 15 days
[VIXY FAST PANIC] 2013-07-17T00:00:00Z | Blocked for 12 days
[VIXY PANIC] 2013-07-18T00:00:00Z | Blocked for 15 days
[VIXY FAST PANIC] 2013-07-18T00:00:00Z | Blocked for 12 days
[VIXY PANIC] 2013-07-19T00:00:00Z | Blocked for 15 days
[VIXY FAST PANIC] 2013-07-19T00:00:00Z | Blocked for 12 days
[VIXY PANIC] 2013-07-22T00:00:00Z | Blocked for 15 days
[VIXY PANIC] 2013-07-23T00:00:00Z | Blocked for 15 days
[VIXY PANIC] 2013-07-24T00:00:00Z | Blocked for 15 days
[VIXY FAST PANIC] 2013-07-24T00:00:00Z | Blocked for 12 days
[VIXY PANIC] 2013-07-25T00:00:00Z | Blocked for 15 days
[VIXY FAST PANIC] 2013-07-25T00:00:00Z | Blocked for 12 days
[VIXY FAST PANIC] 2013-07-26T00:00:00Z | Blocked for 12 days
[VIXY PANIC] 2013-07-29T00:00:00Z | Blocked for 15 days
[VIXY PANIC] 2013-07-30T00:00:00Z | Blocked for 15 days
[VIXY FAST PANIC] 2013-08-01T00:00:00Z | Blocked for 12 days
[VIXY PANIC] 2013-08-02T00:00:00Z | Blocked for 15 days
[VIXY FAST PANIC] 2013-08-02T00:00:00Z | Blocked for 12 days
[VIXY PANIC] 2013-08-05T00:00:00Z | Blocked for 15 days
[VIXY FAST PANIC] 2013-08-05T00:00:00Z | Blocked for 12 days
[VIXY PANIC] 2013-08-06T00:00:00Z | Blocked for 15 days
[VIXY FAST PANIC] 2013-08-06T00:00:00Z | Blocked for 12 days
[VIXY PANIC] 2013-08-07T00:00:00Z | Blocked for 15 days
[VIXY FAST PANIC] 2013-08-07T00:00:00Z | Blocked for 12 days
[VIXY PANIC] 2013-08-08T00:00:00Z | Blocked for 15 days
[VIXY FAST PANIC] 2013-08-21T00:00:00Z | Blocked for 12 days
[VIXY PANIC] 2013-08-22T00:00:00Z | Blocked for 15 days
[VIXY FAST PANIC] 2013-08-22T00:00:00Z | Blocked for 12 days
[VIXY PANIC] 2013-08-26T00:00:00Z | Blocked for 15 days
[VIXY FAST PANIC] 2013-08-28T00:00:00Z | Blocked for 12 days
[VIXY PANIC] 2013-09-03T00:00:00Z | Blocked for 15 days
[VIXY FAST PANIC] 2013-09-03T00:00:00Z | Blocked for 12 days
[VIXY PANIC] 2013-09-04T00:00:00Z | Blocked for 15 days
[VIXY FAST PANIC] 2013-09-04T00:00:00Z | Blocked for 12 days
[VIXY PANIC] 2013-09-05T00:00:00Z | Blocked for 15 days
[VIXY FAST PANIC] 2013-09-05T00:00:00Z | Blocked for 12 days
[VIXY PANIC] 2013-09-06T00:00:00Z | Blocked for 15 days
[VIXY FAST PANIC] 2013-09-06T00:00:00Z | Blocked for 12 days
[VIXY PANIC] 2013-09-09T00:00:00Z | Blocked for 15 days
[VIXY PANIC] 2013-09-27T00:00:00Z | Blocked for 15 days
[VIXY FAST PANIC] 2013-09-27T00:00:00Z | Blocked for 12 days
[VIXY PANIC] 2013-09-30T00:00:00Z | Blocked for 15 days
[VIXY PANIC] 2013-10-01T00:00:00Z | Blocked for 15 days
[VIXY FAST PANIC] 2013-10-01T00:00:00Z | Blocked for 12 days
[VIXY PANIC] 2013-10-02T00:00:00Z | Blocked for 15 days
[VIXY FAST PANIC] 2013-10-02T00:00:00Z | Blocked for 12 days
[VIXY PANIC] 2013-10-03T00:00:00Z | Blocked for 15 days
[VIXY FAST PANIC] 2013-10-03T00:00:00Z | Blocked for 12 days
[VIXY PANIC] 2013-10-04T00:00:00Z | Blocked for 15 days
[VIXY PANIC] 2013-10-07T00:00:00Z | Blocked for 15 days
[VIXY FAST PANIC] 2013-10-07T00:00:00Z | Blocked for 12 days
[VIXY PANIC] 2013-10-08T00:00:00Z | Blocked for 15 days
[VIXY FAST PANIC] 2013-10-23T00:00:00Z | Blocked for 12 days
[VIXY PANIC] 2013-10-25T00:00:00Z | Blocked for 15 days
[VIXY FAST PANIC] 2013-10-25T00:00:00Z | Blocked for 12 days
[VIXY PANIC] 2013-10-28T00:00:00Z | Blocked for 15 days
[VIXY PANIC] 2013-10-31T00:00:00Z | Blocked for 15 days
[VIXY FAST PANIC] 2013-10-31T00:00:00Z | Blocked for 12 days
[VIXY PANIC] 2013-11-01T00:00:00Z | Blocked for 15 days
[VIXY FAST PANIC] 2013-11-01T00:00:00Z | Blocked for 12 days
[VIXY PANIC] 2013-11-04T00:00:00Z | Blocked for 15 days
[VIXY PANIC] 2013-11-15T00:00:00Z | Blocked for 15 days
[VIXY FAST PANIC] 2013-11-15T00:00:00Z | Blocked for 12 days
[VIXY PANIC] 2013-11-19T00:00:00Z | Blocked for 15 days
[VIXY FAST PANIC] 2013-11-19T00:00:00Z | Blocked for 12 days
[VIXY PANIC] 2013-11-20T00:00:00Z | Blocked for 15 days
[VIXY FAST PANIC] 2013-11-20T00:00:00Z | Blocked for 12 days
[VIXY PANIC] 2013-11-21T00:00:00Z | Blocked for 15 days
[VIXY FAST PANIC] 2013-11-21T00:00:00Z | Blocked for 12 days
[VIXY PANIC] 2013-12-17T00:00:00Z | Blocked for 15 days
[VIXY FAST PANIC] 2013-12-17T00:00:00Z | Blocked for 12 days
[VIXY PANIC] 2013-12-18T00:00:00Z | Blocked for 15 days
[VIXY FAST PANIC] 2013-12-18T00:00:00Z | Blocked for 12 days
[VIXY PANIC] 2013-12-19T00:00:00Z | Blocked for 15 days
[VIXY FAST PANIC] 2013-12-19T00:00:00Z | Blocked for 12 days
[VIXY PANIC] 2013-12-20T00:00:00Z | Blocked for 15 days
[VIXY FAST PANIC] 2013-12-20T00:00:00Z | Blocked for 12 days
[VIXY PANIC] 2013-12-23T00:00:00Z | Blocked for 15 days
[VIXY FAST PANIC] 2013-12-30T00:00:00Z | Blocked for 12 days
[VIXY FAST PANIC] 2013-12-31T00:00:00Z | Blocked for 12 days
[VIXY PANIC] 2014-01-02T00:00:00Z | Blocked for 15 days
[VIXY FAST PANIC] 2014-01-02T00:00:00Z | Blocked for 12 days
[VIXY PANIC] 2014-01-03T00:00:00Z | Blocked for 15 days
[VIXY FAST PANIC] 2014-01-08T00:00:00Z | Blocked for 12 days
[VIXY PANIC] 2014-01-09T00:00:00Z | Blocked for 15 days
[VIXY FAST PANIC] 2014-01-09T00:00:00Z | Blocked for 12 days
[VIXY PANIC] 2014-01-10T00:00:00Z | Blocked for 15 days
[VIXY FAST PANIC] 2014-01-10T00:00:00Z | Blocked for 12 days
[VIXY PANIC] 2014-01-13T00:00:00Z | Blocked for 15 days
[VIXY FAST PANIC] 2014-01-24T00:00:00Z | Blocked for 12 days
[VIXY PANIC] 2014-01-30T00:00:00Z | Blocked for 15 days
[VIXY FAST PANIC] 2014-01-31T00:00:00Z | Blocked for 12 days
[VIXY PANIC] 2014-02-20T00:00:00Z | Blocked for 15 days
[VIXY FAST PANIC] 2014-02-20T00:00:00Z | Blocked for 12 days
[VIXY PANIC] 2014-02-21T00:00:00Z | Blocked for 15 days
[VIXY FAST PANIC] 2014-02-21T00:00:00Z | Blocked for 12 days
[VIXY PANIC] 2014-02-24T00:00:00Z | Blocked for 15 days
[VIXY FAST PANIC] 2014-02-24T00:00:00Z | Blocked for 12 days
[VIXY PANIC] 2014-02-25T00:00:00Z | Blocked for 15 days
[VIXY PANIC] 2014-02-26T00:00:00Z | Blocked for 15 days
[VIXY FAST PANIC] 2014-02-26T00:00:00Z | Blocked for 12 days
[VIXY PANIC] 2014-02-27T00:00:00Z | Blocked for 15 days
[VIXY PANIC] 2014-02-28T00:00:00Z | Blocked for 15 days
[VIXY FAST PANIC] 2014-02-28T00:00:00Z | Blocked for 12 days
[VIXY PANIC] 2014-03-03T00:00:00Z | Blocked for 15 days
[VIXY FAST PANIC] 2014-03-03T00:00:00Z | Blocked for 12 days
[VIXY PANIC] 2014-03-04T00:00:00Z | Blocked for 15 days
[VIXY FAST PANIC] 2014-03-04T00:00:00Z | Blocked for 12 days
[VIXY PANIC] 2014-03-05T00:00:00Z | Blocked for 15 days
[VIXY FAST PANIC] 2014-03-05T00:00:00Z | Blocked for 12 days
[VIXY PANIC] 2014-03-06T00:00:00Z | Blocked for 15 days
[VIXY PANIC] 2014-03-07T00:00:00Z | Blocked for 15 days
[VIXY FAST PANIC] 2014-03-07T00:00:00Z | Blocked for 12 days
[VIXY PANIC] 2014-03-10T00:00:00Z | Blocked for 15 days
[VIXY FAST PANIC] 2014-03-10T00:00:00Z | Blocked for 12 days
[VIXY PANIC] 2014-03-11T00:00:00Z | Blocked for 15 days
[VIXY FAST PANIC] 2014-03-11T00:00:00Z | Blocked for 12 days
[VIXY PANIC] 2014-03-12T00:00:00Z | Blocked for 15 days
[VIXY FAST PANIC] 2014-03-26T00:00:00Z | Blocked for 12 days
[VIXY PANIC] 2014-03-27T00:00:00Z | Blocked for 15 days
[VIXY FAST PANIC] 2014-03-27T00:00:00Z | Blocked for 12 days
[VIXY PANIC] 2014-03-28T00:00:00Z | Blocked for 15 days
[VIXY FAST PANIC] 2014-03-28T00:00:00Z | Blocked for 12 days
[VIXY PANIC] 2014-03-31T00:00:00Z | Blocked for 15 days
[VIXY FAST PANIC] 2014-03-31T00:00:00Z | Blocked for 12 days
[VIXY PANIC] 2014-04-01T00:00:00Z | Blocked for 15 days
[VIXY PANIC] 2014-04-02T00:00:00Z | Blocked for 15 days
[VIXY FAST PANIC] 2014-04-02T00:00:00Z | Blocked for 12 days
[VIXY PANIC] 2014-04-03T00:00:00Z | Blocked for 15 days
[VIXY FAST PANIC] 2014-04-03T00:00:00Z | Blocked for 12 days
[VIXY PANIC] 2014-04-04T00:00:00Z | Blocked for 15 days
[VIXY FAST PANIC] 2014-04-04T00:00:00Z | Blocked for 12 days
[VIXY PANIC] 2014-04-07T00:00:00Z | Blocked for 15 days
[VIXY FAST PANIC] 2014-04-07T00:00:00Z | Blocked for 12 days
[VIXY PANIC] 2014-04-08T00:00:00Z | Blocked for 15 days
[VIXY PANIC] 2014-04-09T00:00:00Z | Blocked for 15 days
[VIXY FAST PANIC] 2014-04-09T00:00:00Z | Blocked for 12 days
[VIXY PANIC] 2014-04-10T00:00:00Z | Blocked for 15 days
[VIXY PANIC] 2014-04-15T00:00:00Z | Blocked for 15 days
[VIXY FAST PANIC] 2014-04-16T00:00:00Z | Blocked for 12 days
[VIXY FAST PANIC] 2014-04-17T00:00:00Z | Blocked for 12 days
[VIXY PANIC] 2014-04-21T00:00:00Z | Blocked for 15 days
[VIXY FAST PANIC] 2014-05-06T00:00:00Z | Blocked for 12 days
[VIXY PANIC] 2014-05-20T00:00:00Z | Blocked for 15 days
[VIXY FAST PANIC] 2014-05-20T00:00:00Z | Blocked for 12 days
[VIXY PANIC] 2014-05-21T00:00:00Z | Blocked for 15 days
[VIXY FAST PANIC] 2014-05-21T00:00:00Z | Blocked for 12 days
[VIXY PANIC] 2014-05-22T00:00:00Z | Blocked for 15 days
[VIXY FAST PANIC] 2014-05-22T00:00:00Z | Blocked for 12 days
[VIXY PANIC] 2014-05-27T00:00:00Z | Blocked for 15 days
[VIXY PANIC] 2014-06-12T00:00:00Z | Blocked for 15 days
[VIXY FAST PANIC] 2014-06-12T00:00:00Z | Blocked for 12 days
[VIXY PANIC] 2014-06-16T00:00:00Z | Blocked for 15 days
[VIXY FAST PANIC] 2014-06-16T00:00:00Z | Blocked for 12 days
[VIXY PANIC] 2014-06-17T00:00:00Z | Blocked for 15 days
[VIXY PANIC] 2014-06-18T00:00:00Z | Blocked for 15 days
[VIXY FAST PANIC] 2014-06-18T00:00:00Z | Blocked for 12 days
[VIXY FAST PANIC] 2014-07-29T00:00:00Z | Blocked for 12 days
[VIXY PANIC] 2014-07-30T00:00:00Z | Blocked for 15 days
[VIXY FAST PANIC] 2014-07-30T00:00:00Z | Blocked for 12 days
[VIXY PANIC] 2014-07-31T00:00:00Z | Blocked for 15 days
[VIXY PANIC] 2014-08-01T00:00:00Z | Blocked for 15 days
[VIXY PANIC] 2014-08-28T00:00:00Z | Blocked for 15 days
[VIXY FAST PANIC] 2014-08-28T00:00:00Z | Blocked for 12 days
[VIXY FAST PANIC] 2014-09-19T00:00:00Z | Blocked for 12 days
[VIXY PANIC] 2014-09-23T00:00:00Z | Blocked for 15 days
[VIXY PANIC] 2014-10-08T00:00:00Z | Blocked for 15 days
[VIXY FAST PANIC] 2014-10-08T00:00:00Z | Blocked for 12 days
[VIXY PANIC] 2014-10-09T00:00:00Z | Blocked for 15 days
[VIXY FAST PANIC] 2014-10-09T00:00:00Z | Blocked for 12 days
[VIXY PANIC] 2014-10-10T00:00:00Z | Blocked for 15 days
[VIXY FAST PANIC] 2014-10-10T00:00:00Z | Blocked for 12 days
[VIXY PANIC] 2014-10-13T00:00:00Z | Blocked for 15 days
[VIXY PANIC] 2014-10-14T00:00:00Z | Blocked for 15 days
[VIXY FAST PANIC] 2014-10-14T00:00:00Z | Blocked for 12 days
[VIXY FAST PANIC] 2014-10-28T00:00:00Z | Blocked for 12 days
[VIXY FAST PANIC] 2014-10-29T00:00:00Z | Blocked for 12 days
[VIXY PANIC] 2014-10-30T00:00:00Z | Blocked for 15 days
[VIXY PANIC] 2014-10-31T00:00:00Z | Blocked for 15 days
[VIXY PANIC] 2014-11-04T00:00:00Z | Blocked for 15 days
[VIXY FAST PANIC] 2014-11-04T00:00:00Z | Blocked for 12 days
[VIXY FAST PANIC] 2014-11-11T00:00:00Z | Blocked for 12 days
[VIXY FAST PANIC] 2014-11-12T00:00:00Z | Blocked for 12 days
[VIXY PANIC] 2014-11-13T00:00:00Z | Blocked for 15 days
[VIXY FAST PANIC] 2014-11-13T00:00:00Z | Blocked for 12 days
[VIXY PANIC] 2014-11-14T00:00:00Z | Blocked for 15 days
[VIXY FAST PANIC] 2014-11-14T00:00:00Z | Blocked for 12 days
[VIXY PANIC] 2014-11-17T00:00:00Z | Blocked for 15 days
[VIXY FAST PANIC] 2014-11-17T00:00:00Z | Blocked for 12 days
[VIXY PANIC] 2014-11-18T00:00:00Z | Blocked for 15 days
[VIXY FAST PANIC] 2014-11-18T00:00:00Z | Blocked for 12 days
[VIXY PANIC] 2014-11-19T00:00:00Z | Blocked for 15 days
[VIXY FAST PANIC] 2015-01-12T00:00:00Z | Blocked for 12 days
[VIXY PANIC] 2015-01-15T00:00:00Z | Blocked for 15 days
[VIXY FAST PANIC] 2015-01-15T00:00:00Z | Blocked for 12 days
[VIXY FAST PANIC] 2015-01-23T00:00:00Z | Blocked for 12 days
[VIXY PANIC] 2015-01-27T00:00:00Z | Blocked for 15 days
[VIXY PANIC] 2015-01-28T00:00:00Z | Blocked for 15 days
[VIXY PANIC] 2015-02-03T00:00:00Z | Blocked for 15 days
[VIXY FAST PANIC] 2015-02-03T00:00:00Z | Blocked for 12 days
[VIXY FAST PANIC] 2015-02-10T00:00:00Z | Blocked for 12 days
[VIXY PANIC] 2015-02-11T00:00:00Z | Blocked for 15 days
[VIXY FAST PANIC] 2015-02-11T00:00:00Z | Blocked for 12 days
[VIXY PANIC] 2015-02-12T00:00:00Z | Blocked for 15 days
[VIXY FAST PANIC] 2015-02-12T00:00:00Z | Blocked for 12 days
[VIXY PANIC] 2015-02-13T00:00:00Z | Blocked for 15 days
[VIXY PANIC] 2015-02-17T00:00:00Z | Blocked for 15 days
[VIXY FAST PANIC] 2015-02-19T00:00:00Z | Blocked for 12 days
[VIXY FAST PANIC] 2015-02-26T00:00:00Z | Blocked for 12 days
[VIXY PANIC] 2015-02-27T00:00:00Z | Blocked for 15 days
[VIXY FAST PANIC] 2015-02-27T00:00:00Z | Blocked for 12 days
[VIXY PANIC] 2015-03-02T00:00:00Z | Blocked for 15 days
[VIXY PANIC] 2015-03-03T00:00:00Z | Blocked for 15 days
[VIXY FAST PANIC] 2015-03-03T00:00:00Z | Blocked for 12 days
[VIXY PANIC] 2015-03-04T00:00:00Z | Blocked for 15 days
[VIXY FAST PANIC] 2015-03-04T00:00:00Z | Blocked for 12 days
[VIXY PANIC] 2015-03-05T00:00:00Z | Blocked for 15 days
[VIXY FAST PANIC] 2015-03-05T00:00:00Z | Blocked for 12 days
[VIXY PANIC] 2015-03-06T00:00:00Z | Blocked for 15 days
[VIXY FAST PANIC] 2015-03-06T00:00:00Z | Blocked for 12 days
[VIXY PANIC] 2015-03-09T00:00:00Z | Blocked for 15 days
[VIXY PANIC] 2015-03-10T00:00:00Z | Blocked for 15 days
[VIXY FAST PANIC] 2015-03-10T00:00:00Z | Blocked for 12 days
[VIXY FAST PANIC] 2015-03-11T00:00:00Z | Blocked for 12 days
[VIXY PANIC] 2015-03-16T00:00:00Z | Blocked for 15 days
[VIXY FAST PANIC] 2015-03-17T00:00:00Z | Blocked for 12 days
[VIXY PANIC] 2015-03-18T00:00:00Z | Blocked for 15 days
[VIXY FAST PANIC] 2015-03-18T00:00:00Z | Blocked for 12 days
[VIXY PANIC] 2015-03-19T00:00:00Z | Blocked for 15 days
[VIXY PANIC] 2015-03-20T00:00:00Z | Blocked for 15 days
[VIXY FAST PANIC] 2015-03-20T00:00:00Z | Blocked for 12 days
[VIXY PANIC] 2015-03-24T00:00:00Z | Blocked for 15 days
[VIXY FAST PANIC] 2015-03-24T00:00:00Z | Blocked for 12 days
[VIXY PANIC] 2015-03-25T00:00:00Z | Blocked for 15 days
[VIXY FAST PANIC] 2015-03-25T00:00:00Z | Blocked for 12 days
[VIXY PANIC] 2015-03-26T00:00:00Z | Blocked for 15 days
[VIXY FAST PANIC] 2015-03-26T00:00:00Z | Blocked for 12 days
[VIXY PANIC] 2015-04-17T00:00:00Z | Blocked for 15 days
[VIXY PANIC] 2015-04-22T00:00:00Z | Blocked for 15 days
[VIXY PANIC] 2015-06-03T00:00:00Z | Blocked for 15 days
[VIXY FAST PANIC] 2015-06-03T00:00:00Z | Blocked for 12 days
[VIXY PANIC] 2015-06-05T00:00:00Z | Blocked for 15 days
[VIXY FAST PANIC] 2015-06-05T00:00:00Z | Blocked for 12 days
[VIXY PANIC] 2015-06-08T00:00:00Z | Blocked for 15 days
[VIXY FAST PANIC] 2015-06-08T00:00:00Z | Blocked for 12 days
[VIXY PANIC] 2015-06-09T00:00:00Z | Blocked for 15 days
[VIXY PANIC] 2015-06-18T00:00:00Z | Blocked for 15 days
[VIXY PANIC] 2015-06-19T00:00:00Z | Blocked for 15 days
[VIXY FAST PANIC] 2015-06-19T00:00:00Z | Blocked for 12 days
[VIXY PANIC] 2015-06-23T00:00:00Z | Blocked for 15 days
[VIXY PANIC] 2015-07-14T00:00:00Z | Blocked for 15 days
[VIXY FAST PANIC] 2015-07-14T00:00:00Z | Blocked for 12 days
[VIXY FAST PANIC] 2015-07-15T00:00:00Z | Blocked for 12 days
[VIXY PANIC] 2015-07-17T00:00:00Z | Blocked for 15 days
[VIXY PANIC] 2015-07-20T00:00:00Z | Blocked for 15 days
[VIXY FAST PANIC] 2015-07-21T00:00:00Z | Blocked for 12 days
[VIXY FAST PANIC] 2015-07-22T00:00:00Z | Blocked for 12 days
[VIXY PANIC] 2015-07-23T00:00:00Z | Blocked for 15 days
[VIXY PANIC] 2015-07-24T00:00:00Z | Blocked for 15 days
[VIXY FAST PANIC] 2015-07-24T00:00:00Z | Blocked for 12 days
[32mBUY NVDA_GoogleFinance_AutoUpToDate 2020-01-27T00:00:00Z @ 5.9712514397[0m
[32mBUY NVDA_GoogleFinance_AutoUpToDate 2020-02-24T00:00:00Z @ 6.7936036363[0m
[32mBUY NVDA_GoogleFinance_AutoUpToDate 2020-04-21T00:00:00Z @ 6.7041271185[0m
[32mBUY NVDA_GoogleFinance_AutoUpToDate 2020-05-28T00:00:00Z @ 8.4446479692[0m
[32mBUY NVDA_GoogleFinance_AutoUpToDate 2020-08-11T00:00:00Z @ 10.8007820295[0m
[REASON] ATR profit target hit, RSI2 extremely overbought, RSI3 extremely overbought
[31mSELL NVDA_GoogleFinance_AutoUpToDate 2020-08-18T00:00:00Z @ 12.2051325593 → 13.0%[0m
[32mBUY NVDA_GoogleFinance_AutoUpToDate 2020-08-20T00:00:00Z @ 12.0859257714[0m
[32mBUY NVDA_GoogleFinance_AutoUpToDate 2020-09-18T00:00:00Z @ 12.1374686439[0m
[32mBUY NVDA_GoogleFinance_AutoUpToDate 2020-10-15T00:00:00Z @ 13.9106538101[0m
[32mBUY NVDA_GoogleFinance_AutoUpToDate 2020-11-20T00:00:00Z @ 13.0321517111[0m
[32mBUY NVDA_GoogleFinance_AutoUpToDate 2020-12-10T00:00:00Z @ 12.9209993833[0m
[REASON] ATR profit target hit, RSI2 extremely overbought, RSI3 extremely overbought
[31mSELL NVDA_GoogleFinance_AutoUpToDate 2020-12-14T00:00:00Z @ 13.2561699429 → 2.59%[0m
[32mBUY NVDA_GoogleFinance_AutoUpToDate 2020-12-23T00:00:00Z @ 12.9578532041[0m
[32mBUY NVDA_GoogleFinance_AutoUpToDate 2021-01-14T00:00:00Z @ 13.1480986035[0m
[32mBUY NVDA_GoogleFinance_AutoUpToDate 2021-01-26T00:00:00Z @ 13.3821701682[0m
[REASON] ATR profit target hit, RSI2 extremely overbought, RSI3 extremely overbought
[31mSELL NVDA_GoogleFinance_AutoUpToDate 2021-02-02T00:00:00Z @ 13.5031901474 → 0.9%[0m
[32mBUY NVDA_GoogleFinance_AutoUpToDate 2021-02-22T00:00:00Z @ 14.2990334673[0m
[32mBUY NVDA_GoogleFinance_AutoUpToDate 2021-03-05T00:00:00Z @ 12.4122672485[0m
[REASON] ATR profit target hit, RSI2 extremely overbought, RSI3 extremely overbought
[31mSELL NVDA_GoogleFinance_AutoUpToDate 2021-03-11T00:00:00Z @ 12.9463002236 → 4.3%[0m
[32mBUY NVDA_GoogleFinance_AutoUpToDate 2021-03-25T00:00:00Z @ 12.489714848[0m
[32mBUY NVDA_GoogleFinance_AutoUpToDate 2021-04-20T00:00:00Z @ 15.1161393979[0m
[32mBUY NVDA_GoogleFinance_AutoUpToDate 2021-06-09T00:00:00Z @ 17.2991804408[0m
[REASON] ATR profit target hit, RSI2 extremely overbought, RSI3 extremely overbought
[31mSELL NVDA_GoogleFinance_AutoUpToDate 2021-06-18T00:00:00Z @ 18.575322941 → 7.38%[0m
[32mBUY NVDA_GoogleFinance_AutoUpToDate 2021-07-27T00:00:00Z @ 19.1426358018[0m
[32mBUY NVDA_GoogleFinance_AutoUpToDate 2021-08-10T00:00:00Z @ 19.8681584415[0m
[32mBUY NVDA_GoogleFinance_AutoUpToDate 2021-09-09T00:00:00Z @ 22.1054817384[0m
[32mBUY NVDA_GoogleFinance_AutoUpToDate 2021-09-21T00:00:00Z @ 21.1774841058[0m
[32mBUY NVDA_GoogleFinance_AutoUpToDate 2021-10-12T00:00:00Z @ 20.6043384143[0m
[32mBUY NVDA_GoogleFinance_AutoUpToDate 2021-11-17T00:00:00Z @ 29.1666366572[0m
[32mBUY NVDA_GoogleFinance_AutoUpToDate 2021-12-10T00:00:00Z @ 30.1044451444[0m
[32mBUY NVDA_GoogleFinance_AutoUpToDate 2021-12-30T00:00:00Z @ 29.4943411498[0m
[32mBUY NVDA_GoogleFinance_AutoUpToDate 2022-02-14T00:00:00Z @ 24.1918196675[0m
[32mBUY NVDA_GoogleFinance_AutoUpToDate 2022-03-08T00:00:00Z @ 21.4508906828[0m
[32mBUY NVDA_GoogleFinance_AutoUpToDate 2022-04-01T00:00:00Z @ 26.6336428334[0m
[32mBUY NVDA_GoogleFinance_AutoUpToDate 2022-06-09T00:00:00Z @ 17.9989178151[0m
[32mBUY NVDA_GoogleFinance_AutoUpToDate 2022-06-10T00:00:00Z @ 16.9278385967[0m
[32mBUY NVDA_GoogleFinance_AutoUpToDate 2022-06-14T00:00:00Z @ 15.7929334286[0m
[32mBUY NVDA_GoogleFinance_AutoUpToDate 2022-07-12T00:00:00Z @ 15.0409839587[0m
[32mBUY NVDA_GoogleFinance_AutoUpToDate 2022-07-26T00:00:00Z @ 16.488037912[0m
[32mBUY NVDA_GoogleFinance_AutoUpToDate 2022-08-09T00:00:00Z @ 17.0395340086[0m
[32mBUY NVDA_GoogleFinance_AutoUpToDate 2022-08-23T00:00:00Z @ 17.1342756527[0m
[32mBUY NVDA_GoogleFinance_AutoUpToDate 2022-11-02T00:00:00Z @ 13.1868955907[0m
[32mBUY NVDA_GoogleFinance_AutoUpToDate 2022-11-18T00:00:00Z @ 15.3715768331[0m
[32mBUY NVDA_GoogleFinance_AutoUpToDate 2022-11-21T00:00:00Z @ 15.2798002695[0m
[32mBUY NVDA_GoogleFinance_AutoUpToDate 2022-11-29T00:00:00Z @ 15.6010182421[0m
[32mBUY NVDA_GoogleFinance_AutoUpToDate 2022-12-06T00:00:00Z @ 15.951942655[0m
[32mBUY NVDA_GoogleFinance_AutoUpToDate 2022-12-07T00:00:00Z @ 16.0846510039[0m
[32mBUY NVDA_GoogleFinance_AutoUpToDate 2022-12-16T00:00:00Z @ 16.5346620214[0m
[32mBUY NVDA_GoogleFinance_AutoUpToDate 2022-12-19T00:00:00Z @ 16.2183571598[0m
[32mBUY NVDA_GoogleFinance_AutoUpToDate 2022-12-20T00:00:00Z @ 16.0497277542[0m
[32mBUY NVDA_GoogleFinance_AutoUpToDate 2023-02-10T00:00:00Z @ 21.2183687095[0m
[32mBUY NVDA_GoogleFinance_AutoUpToDate 2023-02-17T00:00:00Z @ 21.341098987[0m
[32mBUY NVDA_GoogleFinance_AutoUpToDate 2023-02-21T00:00:00Z @ 20.6097063576[0m
[32mBUY NVDA_GoogleFinance_AutoUpToDate 2023-02-22T00:00:00Z @ 20.7084892639[0m
[32mBUY NVDA_GoogleFinance_AutoUpToDate 2023-03-13T00:00:00Z @ 22.9195746872[0m
[32mBUY NVDA_GoogleFinance_AutoUpToDate 2023-03-28T00:00:00Z @ 26.3566127096[0m
[32mBUY NVDA_GoogleFinance_AutoUpToDate 2023-04-13T00:00:00Z @ 26.4095055712[0m
[REASON] ATR profit target hit, RSI2 extremely overbought, RSI3 extremely overbought
[31mSELL NVDA_GoogleFinance_AutoUpToDate 2023-04-17T00:00:00Z @ 26.9474159934 → 2.04%[0m
[32mBUY NVDA_GoogleFinance_AutoUpToDate 2023-04-24T00:00:00Z @ 26.9873351342[0m
[REASON] ATR profit target hit, RSI2 extremely overbought, RSI3 extremely overbought
[31mSELL NVDA_GoogleFinance_AutoUpToDate 2023-04-28T00:00:00Z @ 27.6929059477 → 2.61%[0m
[32mBUY NVDA_GoogleFinance_AutoUpToDate 2023-05-04T00:00:00Z @ 27.5062839645[0m
[32mBUY NVDA_GoogleFinance_AutoUpToDate 2023-05-23T00:00:00Z @ 30.6259648176[0m
[REASON] ATR profit target hit, RSI2 extremely overbought, RSI3 extremely overbought
[31mSELL NVDA_GoogleFinance_AutoUpToDate 2023-05-25T00:00:00Z @ 37.9032241844 → 23.76%[0m
[32mBUY NVDA_GoogleFinance_AutoUpToDate 2023-06-06T00:00:00Z @ 38.5758617068[0m
[REASON] ATR profit target hit, RSI2 extremely overbought, RSI3 extremely overbought
[31mSELL NVDA_GoogleFinance_AutoUpToDate 2023-06-12T00:00:00Z @ 39.4063936251 → 2.15%[0m
[32mBUY NVDA_GoogleFinance_AutoUpToDate 2023-06-23T00:00:00Z @ 42.1281715344[0m
[32mBUY NVDA_GoogleFinance_AutoUpToDate 2023-07-21T00:00:00Z @ 44.2241501225[0m
[REASON] ATR profit target hit, RSI3 extremely overbought
[31mSELL NVDA_GoogleFinance_AutoUpToDate 2023-07-28T00:00:00Z @ 46.6604757098 → 5.51%[0m
[32mBUY NVDA_GoogleFinance_AutoUpToDate 2023-08-03T00:00:00Z @ 44.4297556411[0m
[REASON] ATR profit target hit, RSI2 extremely overbought, RSI3 extremely overbought
[31mSELL NVDA_GoogleFinance_AutoUpToDate 2023-08-07T00:00:00Z @ 45.3295293064 → 2.03%[0m
[32mBUY NVDA_GoogleFinance_AutoUpToDate 2023-08-18T00:00:00Z @ 43.2160842301[0m
[32mBUY NVDA_GoogleFinance_AutoUpToDate 2023-09-05T00:00:00Z @ 48.4550326152[0m
[32mBUY NVDA_GoogleFinance_AutoUpToDate 2023-09-18T00:00:00Z @ 43.8855367342[0m
[32mBUY NVDA_GoogleFinance_AutoUpToDate 2023-10-27T00:00:00Z @ 40.4258799466[0m
[REASON] ATR profit target hit, RSI3 extremely overbought
[31mSELL NVDA_GoogleFinance_AutoUpToDate 2023-11-02T00:00:00Z @ 43.4263785916 → 7.42%[0m
[32mBUY NVDA_GoogleFinance_AutoUpToDate 2023-11-24T00:00:00Z @ 47.6885639588[0m
[32mBUY NVDA_GoogleFinance_AutoUpToDate 2024-01-02T00:00:00Z @ 48.0839765887[0m
[REASON] ATR profit target hit, RSI2 extremely overbought, RSI3 extremely overbought
[31mSELL NVDA_GoogleFinance_AutoUpToDate 2024-01-10T00:00:00Z @ 54.2551928167 → 12.83%[0m
[32mBUY NVDA_GoogleFinance_AutoUpToDate 2024-02-20T00:00:00Z @ 69.3308491537[0m
[32mBUY NVDA_GoogleFinance_AutoUpToDate 2024-03-15T00:00:00Z @ 87.6873595555[0m
[REASON] ATR profit target hit, RSI2 extremely overbought, RSI3 extremely overbought
[31mSELL NVDA_GoogleFinance_AutoUpToDate 2024-03-19T00:00:00Z @ 89.2462082339 → 1.78%[0m
[32mBUY NVDA_GoogleFinance_AutoUpToDate 2024-03-27T00:00:00Z @ 90.0967615955[0m
[32mBUY NVDA_GoogleFinance_AutoUpToDate 2024-05-01T00:00:00Z @ 82.9000019906[0m
[32mBUY NVDA_GoogleFinance_AutoUpToDate 2024-05-31T00:00:00Z @ 109.4468505706[0m
[32mBUY NVDA_GoogleFinance_AutoUpToDate 2024-06-24T00:00:00Z @ 117.9192090338[0m
[32mBUY NVDA_GoogleFinance_AutoUpToDate 2024-08-29T00:00:00Z @ 117.4000490245[0m
[NVDA_STOP_TRIGGERED] NVDA_GoogleFinance_AutoUpToDate 2024-09-04T00:00:00Z close=106.0384318981 stop=106.83
[NVDA_STOP_NEXT_OPEN] NVDA_GoogleFinance_AutoUpToDate 2024-09-04T00:00:00Z stop=106.83 fill=104.82 pct=9.0
[REASON] ATR profit target hit
[31mSELL NVDA_GoogleFinance_AutoUpToDate 2024-09-04T00:00:00Z @ 104.8154107223 → -10.72%[0m
[32mBUY NVDA_GoogleFinance_AutoUpToDate 2024-09-17T00:00:00Z @ 115.4129661169[0m
[32mBUY NVDA_GoogleFinance_AutoUpToDate 2024-09-30T00:00:00Z @ 121.2540064472[0m
[REASON] ATR profit target hit, RSI2 extremely overbought, RSI3 extremely overbought
[31mSELL NVDA_GoogleFinance_AutoUpToDate 2024-10-09T00:00:00Z @ 132.446837576 → 9.23%[0m
[32mBUY NVDA_GoogleFinance_AutoUpToDate 2024-10-24T00:00:00Z @ 140.1949526125[0m
[32mBUY NVDA_GoogleFinance_AutoUpToDate 2024-11-15T00:00:00Z @ 141.7625480515[0m
[32mBUY NVDA_GoogleFinance_AutoUpToDate 2024-11-26T00:00:00Z @ 136.7102977829[0m
[REASON] ATR profit target hit, RSI2 extremely overbought, RSI3 extremely overbought
[31mSELL NVDA_GoogleFinance_AutoUpToDate 2024-12-03T00:00:00Z @ 140.0451823476 → 2.44%[0m
[32mBUY NVDA_GoogleFinance_AutoUpToDate 2024-12-09T00:00:00Z @ 138.6069576084[0m
[32mBUY NVDA_GoogleFinance_AutoUpToDate 2024-12-27T00:00:00Z @ 136.8095905333[0m
[32mBUY NVDA_GoogleFinance_AutoUpToDate 2025-01-10T00:00:00Z @ 135.711199543[0m
[32mBUY NVDA_GoogleFinance_AutoUpToDate 2025-01-31T00:00:00Z @ 119.8943692821[0m
[REASON] ATR profit target hit, RSI2 extremely overbought, RSI3 extremely overbought
[31mSELL NVDA_GoogleFinance_AutoUpToDate 2025-02-06T00:00:00Z @ 128.4917751246 → 7.17%[0m
[32mBUY NVDA_GoogleFinance_AutoUpToDate 2025-02-21T00:00:00Z @ 134.2333643923[0m
[NVDA_STOP_TRIGGERED] NVDA_GoogleFinance_AutoUpToDate 2025-02-27T00:00:00Z close=119.9742522632 stop=122.15
[NVDA_STOP_NEXT_OPEN] NVDA_GoogleFinance_AutoUpToDate 2025-02-27T00:00:00Z stop=122.15 fill=117.85 pct=9.0
[REASON] ATR profit target hit
[31mSELL NVDA_GoogleFinance_AutoUpToDate 2025-02-27T00:00:00Z @ 117.847367891 → -12.21%[0m
[32mBUY NVDA_GoogleFinance_AutoUpToDate 2025-03-27T00:00:00Z @ 111.2766208525[0m
[32mBUY NVDA_GoogleFinance_AutoUpToDate 2025-03-28T00:00:00Z @ 109.5190434254[0m
[32mBUY NVDA_GoogleFinance_AutoUpToDate 2025-04-16T00:00:00Z @ 104.346173498[0m
[32mBUY NVDA_GoogleFinance_AutoUpToDate 2025-04-17T00:00:00Z @ 101.3503028836[0m
[32mBUY NVDA_GoogleFinance_AutoUpToDate 2025-04-21T00:00:00Z @ 96.776607079[0m
[32mBUY NVDA_GoogleFinance_AutoUpToDate 2025-05-21T00:00:00Z @ 131.618582324[0m
[32mBUY NVDA_GoogleFinance_AutoUpToDate 2025-07-22T00:00:00Z @ 166.811767797[0m
[REASON] ATR profit target hit, RSI2 extremely overbought, RSI3 extremely overbought
[31mSELL NVDA_GoogleFinance_AutoUpToDate 2025-07-25T00:00:00Z @ 173.2733144512 → 3.87%[0m
[32mBUY NVDA_GoogleFinance_AutoUpToDate 2025-08-21T00:00:00Z @ 174.7513807647[0m
[REASON] ATR profit target hit, RSI2 extremely overbought, RSI3 extremely overbought
[31mSELL NVDA_GoogleFinance_AutoUpToDate 2025-08-25T00:00:00Z @ 179.5750701526 → 2.76%[0m
[32mBUY NVDA_GoogleFinance_AutoUpToDate 2025-09-17T00:00:00Z @ 170.0771075748[0m
[32mBUY NVDA_GoogleFinance_AutoUpToDate 2025-10-07T00:00:00Z @ 184.8086674828[0m
[32mBUY NVDA_GoogleFinance_AutoUpToDate 2025-10-22T00:00:00Z @ 180.0546183193[0m
[32mBUY NVDA_GoogleFinance_AutoUpToDate 2025-11-06T00:00:00Z @ 187.8448669486[0m
[32mBUY NVDA_GoogleFinance_AutoUpToDate 2025-12-11T00:00:00Z @ 180.713659768[0m
[32mBUY NVDA_GoogleFinance_AutoUpToDate 2025-12-31T00:00:00Z @ 186.2769996503[0m
[32mBUY NVDA_GoogleFinance_AutoUpToDate 2026-02-02T00:00:00Z @ 185.3880638343[0m
[REASON] ATR profit target hit, RSI3 extremely overbought
[31mSELL NVDA_GoogleFinance_AutoUpToDate 2026-02-09T00:00:00Z @ 189.8127668286 → 2.39%[0m
[32mBUY NVDA_GoogleFinance_AutoUpToDate 2026-02-13T00:00:00Z @ 182.5914118288[0m
[REASON] ATR profit target hit, RSI2 extremely overbought, RSI3 extremely overbought
[31mSELL NVDA_GoogleFinance_AutoUpToDate 2026-02-19T00:00:00Z @ 187.675325653 → 2.78%[0m
[32mBUY NVDA_GoogleFinance_AutoUpToDate 2026-03-19T00:00:00Z @ 178.3560805811[0m
[REASON] ATR profit target hit, RSI2 extremely overbought
[31mSELL NVDA_GoogleFinance_AutoUpToDate 2026-03-25T00:00:00Z @ 178.4759435384 → 0.07%[0m
[32mBUY NVDA_GoogleFinance_AutoUpToDate 2026-04-30T00:00:00Z @ 199.3420867023[0m
[REASON] ATR profit target hit
[31mSELL NVDA_GoogleFinance_AutoUpToDate 2026-05-06T00:00:00Z @ 207.5926536019 → 4.14%[0m
[32mBUY NVDA_GoogleFinance_AutoUpToDate 2026-05-19T00:00:00Z @ 220.3580585629[0m
[32mBUY NVDA_GoogleFinance_AutoUpToDate 2026-05-27T00:00:00Z @ 212.3572061578[0m
[32mBUY NVDA_GoogleFinance_AutoUpToDate 2026-07-17T00:00:00Z @ 202.81[0m
[REASON] ATR profit target hit, RSI2 extremely overbought, RSI3 extremely overbought
[31mSELL NVDA_GoogleFinance_AutoUpToDate 2026-07-22T00:00:00Z @ 212.06 → 4.56%[0m
[32mBUY NVDA_GoogleFinance_AutoUpToDate 2026-07-28T00:00:00Z @ 197.01[0m
[REASON] ATR profit target hit, RSI2 extremely overbought, RSI3 extremely overbought
[31mSELL NVDA_GoogleFinance_AutoUpToDate 2026-08-03T00:00:00Z @ 206.64 → 4.89%[0m
[SAVED] C:/Users/Maxim/My Drive/Trading/Trading_Bot_Officiel/Job_Trading_Or_Software/github_trading_backtester/storage/default/vanilla/NVDA_GoogleFinance_AutoUpToDate_signals.csv (rewrote 174 total signals)
[SAVED] Combined & sorted multi-signal file → C:/Users/Maxim/My Drive/Trading/Trading_Bot_Officiel/Job_Trading_Or_Software/github_trading_backtester/storage/default/vanilla/hybrid_v3_all_multi_signals.csv (178 total signals)
✅ Deduplicated 178 unique rows in multi-signal file.

=== Latest Signal per Symbol ===
NVDA_GoogleFinance_AutoUpToDate | 2026-08-06T00:00:00Z → SELL @ 218.99
=================================
⚙️ Enforcing ONE-TRADE mode across all symbols...
[SAVED] Combined signal file → C:/Users/Maxim/My Drive/Trading/Trading_Bot_Officiel/Job_Trading_Or_Software/github_trading_backtester/storage/default/vanilla/hybrid_v3_all_signals.csv
Earliest trade: NVDA_GoogleFinance_AutoUpToDate from 2020-01-27T00:00:00Z to 2020-02-06T00:00:00Z
Latest   trade: NVDA_GoogleFinance_AutoUpToDate from 2026-07-28T00:00:00Z to 2026-08-03T00:00:00Z
[SAVED] C:/Users/Maxim/My Drive/Trading/Trading_Bot_Officiel/Job_Trading_Or_Software/github_trading_backtester/storage/default/vanilla/hybrid_v3_all_trades.csv
[CLONED] C:/Users/Maxim/My Drive/Trading/Trading_Bot_Officiel/Job_Trading_Or_Software/github_trading_backtester/storage/default/vanilla/hybrid_v3_all_trades_With_Buys.csv
[WITH_BUYS] No open position found in log; cloned file has closed trades only.

Yearly Breakdown (starting $50000.0) ---------------------
2020: Trades=10 | Start=$50000.0 | End=$76293.47 | Compounded=52.59% | Non-Comp=44.23%
2021: Trades=15 | Start=$76293.47 | End=$107319.2 | Compounded=40.67% | Non-Comp=37.44%
2022: Trades=1 | Start=$107319.2 | End=$102077.66 | Compounded=-4.88% | Non-Comp=-4.88%
2023: Trades=15 | Start=$102077.66 | End=$183971.4 | Compounded=80.23% | Non-Comp=64.28%
2024: Trades=14 | Start=$183971.4 | End=$302571.04 | Compounded=64.47% | Non-Comp=55.08%
2025: Trades=12 | Start=$302571.04 | End=$434176.85 | Compounded=43.5% | Non-Comp=39.28%
2026: Trades=9 | Start=$434176.85 | End=$497841.43 | Compounded=14.66% | Non-Comp=14.1%
-------------------------------------------------------------
Yearly (Current, Fees+Slippage)
Year  Trades  Start        End          Compounded
2020  10      $50000.00    $75396.42        50.79%
2021  15      $75396.42    $104264.85       38.29%
2022  1       $104264.85   $99054.22        -5.00%
2023  15      $99054.22    $175719.19       77.40%
2024  14      $175719.19   $284901.26       62.13%
2025  12      $284901.26   $403888.10       41.76%
2026  9       $403888.10   $458884.82       13.62%
-------------------------------------------------------------
-------------------------------------------------------------
Total Trades: 76
Winning Trades: 53
Losing Trades: 23
Win Rate: 69.74%
Profit Factor: 3.73
-------------------------------------------------------------
Average Yearly Return: 41.6%
Median Yearly Return: 43.5%
Best Year: 80.23%
Worst Year: -4.88%
Volatility (Std Dev): 26.8%
Sharpe Ratio: 1.55
Sortino Ratio: 8.52
-------------------------------------------------------------
💰 Final Equity (2020→2026): $497841.43
📈 Verified CAGR: 42.26%
-------------------------------------------------------------
💸 Adjusted for fees & slippage:
   Trades: 76 | Fees total (fixed) est: $1064 | Percent fees (bps rt): 0.0
   Slippage (bps rt): 10.0
   → Realistic CAGR ≈ 40.49%
   → Realistic Final Equity ≈ $458885
-------------------------------------------------------------
-------------------------------------------------------------
[DONE] Yearly breakdown saved to C:/Users/Maxim/My Drive/Trading/Trading_Bot_Officiel/Job_Trading_Or_Software/github_trading_backtester/storage/default/vanilla/hybrid_v3_yearly_breakdown.csv
📉 Max Drawdown: 14.0%

=== WHAT-IF: Next-Day Open Execution (no strategy refactor) ===
-------------------------------------------------------------
Yearly (Next-Open, Fees+Slippage)
Year  Trades  Start        End          Compounded
2020  10      $50000.00    $71560.61        43.12%
2021  15      $71560.61    $86283.13        20.57%
2022  1       $86283.13    $81722.01        -5.29%
2023  15      $81722.01    $135468.44       65.77%
2024  14      $135468.44   $210740.50       55.56%
2025  12      $210740.50   $323633.37       53.57%
2026  9       $323633.37   $354163.26        9.43%
-------------------------------------------------------------
-------------------------------------------------------------
💸 Adjusted for fees & slippage (Next-Open using knobs):
   Trades: 76
   Fixed fee per side: $7.0 | Percent fee (round-trip): 0.0 bps | Slippage (round-trip): 10.0 bps
   Fixed-fee estimate (rough): $1064.00
   → Realistic CAGR ≈ 35.02%
   → Realistic Final Equity ≈ $354163
-------------------------------------------------------------
-------------------------------------------------------------
Yearly (Next-Open)
Year  Trades  Start        End          Compounded
2020  10      $1000.00     $1448.48         44.85%
2021  15      $1448.48     $1777.02         22.68%
2022  1       $1777.02     $1685.15         -5.17%
2023  15      $1685.15     $2839.16         68.48%
2024  14      $2839.16     $4481.51         57.85%
2025  12      $4481.51     $6966.64         55.45%
2026  9       $6966.64     $7695.01         10.46%
-------------------------------------------------------------
-------------------------------------------------------------
Next-Open (What-If) vs Current — Yearly
Year  CurComp   NxtComp   ΔComp    CurEnd       NxtEnd       ΔEnd
2020    52.59%    44.85%   -7.74%  $76293.47    $1448.48     -74844.99
2021    40.67%    22.68%  -17.99%  $107319.20   $1777.02     -105542.18
2022    -4.88%    -5.17%   -0.29%  $102077.66   $1685.15     -100392.51
2023    80.23%    68.48%  -11.75%  $183971.40   $2839.16     -181132.24
2024    64.47%    57.85%   -6.62%  $302571.04   $4481.51     -298089.53
2025    43.50%    55.45%   11.95%  $434176.85   $6966.64     -427210.21
2026    14.66%    10.46%   -4.20%  $497841.43   $7695.01     -490146.42
-------------------------------------------------------------
-------------------------------------------------------------
Next-Open (What-If) vs Current
Trades:    76  (skipped 0)
CAGR:      36.74%   (Δ -5.51 pp)
PF:        3.24      (Δ -0.49)
MaxDD:     14.4%         (Δ +0.4 pp)
Files:
  • Trades (next-open): C:/Users/Maxim/My Drive/Trading/Trading_Bot_Officiel/Job_Trading_Or_Software/github_trading_backtester/storage/default/vanilla/whatif_nextopen_trades.csv
  • Yearly (next-open): C:/Users/Maxim/My Drive/Trading/Trading_Bot_Officiel/Job_Trading_Or_Software/github_trading_backtester/storage/default/vanilla/whatif_nextopen_yearly_breakdown.csv
-------------------------------------------------------------
   Peak:   2021-11-29  (equity $2373.8)
   Trough: 2022-01-06  (equity $2041.55)
   Days peak→trough: 38
⭐ Rank: ✅ Excellent  (N=76, PF=3.73, Win=69.74%, CAGR=42.26%, MaxDD=14.00%)
📈 Recovery: 2023-03-23 (+441 days / ~14.5 months)
Ulcer Index: 4.25
Calmar Ratio: 3.02

📊 Performance Comparison (CAGR %)
-------------------------------------------------------------
Nasdaq-100 (QQQ)            ≈ 13%
S&P 500                     ≈ 10%
Berkshire Hathaway          ≈ 20%
Avg Hedge Fund              ≈ 8–12%
Renaissance (Medallion)     ≈ 39% (net)
-------------------------------------------------------------
[BOT_METRICS] ✅ metrics copied → C:/Users/Maxim/My Drive/Trading/Trading_Bot_Officiel/Job_Trading_Or_Software/github_trading_backtester/storage/default/vanilla/metrics/latest.csv
[DONE] Summary stats saved to C:/Users/Maxim/My Drive/Trading/Trading_Bot_Officiel/Job_Trading_Or_Software/github_trading_backtester/storage/default/vanilla/hybrid_v3_summary.csv
Overlap check: ✅ None found
[INFO] No completed manual trades found yet.

📊 VERIFY TOMORROW ORDERS
----------------------------------
Trades: 76
BUYs  : 76
SELLs : 76
✅ PERFECT MATCH
----------------------------------

[GUI] Process finished with exit code 0.
