==============================
BUY   NVDA_GoogleFinance_AutoUpToDate
DATE  2020-01-27T00:00:00Z
PRICE 5.97
--- REASONS ---
[BUY_REASON] RSI2 = 17.85 (below oversold 18 → TRIGGERED), RSI3 = 0.0 (below oversold 18 → TRIGGERED), ATR available (0.16)
[BUY_FILTERS] SMA0 filter ACTIVE (price 5.97 > SMA0 4.62 → PASS), Breakout state: "HOLD"

==============================
BUY   NVDA_GoogleFinance_AutoUpToDate
DATE  2020-02-24T00:00:00Z
PRICE 6.79
--- REASONS ---
[BUY_REASON] RSI2 = 0.0 (below oversold 18 → TRIGGERED), RSI3 = 0.0 (below oversold 18 → TRIGGERED), ATR available (0.3)
[BUY_FILTERS] SMA0 filter ACTIVE (price 6.79 > SMA0 4.81 → PASS), Breakout state: "HOLD"

==============================
BUY   NVDA_GoogleFinance_AutoUpToDate
DATE  2020-04-21T00:00:00Z
PRICE 6.70
--- REASONS ---
[BUY_REASON] RSI2 = 0.0 (below oversold 18 → TRIGGERED), RSI3 = 0.0 (below oversold 18 → TRIGGERED), ATR available (0.39)
[BUY_FILTERS] SMA0 filter ACTIVE (price 6.7 > SMA0 5.33 → PASS), Breakout state: "HOLD"

==============================
BUY   NVDA_GoogleFinance_AutoUpToDate
DATE  2020-05-28T00:00:00Z
PRICE 8.44
--- REASONS ---
[BUY_REASON] RSI2 = 0.0 (below oversold 18 → TRIGGERED), RSI3 = 0.0 (below oversold 18 → TRIGGERED), ATR available (0.4)
[BUY_FILTERS] SMA0 filter ACTIVE (price 8.44 > SMA0 5.82 → PASS), Breakout state: "HOLD"

==============================
BUY   NVDA_GoogleFinance_AutoUpToDate
DATE  2020-08-11T00:00:00Z
PRICE 10.80
--- REASONS ---
[BUY_REASON] RSI2 = 0.0 (below oversold 18 → TRIGGERED), RSI3 = 0.0 (below oversold 18 → TRIGGERED), ATR available (0.36)
[BUY_FILTERS] SMA0 filter ACTIVE (price 10.8 > SMA0 7.23 → PASS), Breakout state: "HOLD"

==============================
BUY   NVDA_GoogleFinance_AutoUpToDate
DATE  2020-08-20T00:00:00Z
PRICE 12.09
--- REASONS ---
[BUY_REASON] RSI2 = 1.24 (below oversold 18 → TRIGGERED), RSI3 = 2.0 (below oversold 18 → TRIGGERED), ATR available (0.41)
[BUY_FILTERS] SMA0 filter ACTIVE (price 12.09 > SMA0 7.46 → PASS), Breakout state: "HOLD"

==============================
BUY   NVDA_GoogleFinance_AutoUpToDate
DATE  2020-09-18T00:00:00Z
PRICE 12.14
--- REASONS ---
[BUY_REASON] RSI2 = 0.0 (below oversold 18 → TRIGGERED), RSI3 = 0.0 (below oversold 18 → TRIGGERED), ATR available (0.84)
[BUY_FILTERS] SMA0 filter ACTIVE (price 12.14 > SMA0 8.21 → PASS), Breakout state: "HOLD"

==============================
BUY   NVDA_GoogleFinance_AutoUpToDate
DATE  2020-10-15T00:00:00Z
PRICE 13.91
--- REASONS ---
[BUY_REASON] RSI2 = 7.4 (below oversold 18 → TRIGGERED), RSI3 = 0.0 (below oversold 18 → TRIGGERED), ATR available (0.41)
[BUY_FILTERS] SMA0 filter ACTIVE (price 13.91 > SMA0 8.95 → PASS), Breakout state: "HOLD"

==============================
BUY   NVDA_GoogleFinance_AutoUpToDate
DATE  2020-11-20T00:00:00Z
PRICE 13.03
--- REASONS ---
[BUY_REASON] RSI2 = 4.86 (below oversold 18 → TRIGGERED), RSI3 = 3.16 (below oversold 18 → TRIGGERED), ATR available (0.6)
[BUY_FILTERS] SMA0 filter ACTIVE (price 13.03 > SMA0 9.88 → PASS), Breakout state: "HOLD"

==============================
BUY   NVDA_GoogleFinance_AutoUpToDate
DATE  2020-12-10T00:00:00Z
PRICE 12.92
--- REASONS ---
[BUY_REASON] RSI2 = 5.78 (below oversold 18 → TRIGGERED), RSI3 = 9.01 (below oversold 18 → TRIGGERED), ATR available (0.33)
[BUY_FILTERS] SMA0 filter ACTIVE (price 12.92 > SMA0 10.29 → PASS), Breakout state: "HOLD"

==============================
BUY   NVDA_GoogleFinance_AutoUpToDate
DATE  2020-12-23T00:00:00Z
PRICE 12.96
--- REASONS ---
[BUY_REASON] RSI2 = 15.72 (below oversold 18 → TRIGGERED), RSI3 = 0.0 (below oversold 18 → TRIGGERED), ATR available (0.29)
[BUY_FILTERS] SMA0 filter ACTIVE (price 12.96 > SMA0 10.59 → PASS), Breakout state: "HOLD"

==============================
BUY   NVDA_GoogleFinance_AutoUpToDate
DATE  2021-01-14T00:00:00Z
PRICE 13.15
--- REASONS ---
[BUY_REASON] RSI2 = 9.12 (below oversold 18 → TRIGGERED), RSI3 = 12.42 (below oversold 18 → TRIGGERED), ATR available (0.43)
[BUY_FILTERS] SMA0 filter ACTIVE (price 13.15 > SMA0 11.1 → PASS), Breakout state: "HOLD"

==============================
BUY   NVDA_GoogleFinance_AutoUpToDate
DATE  2021-01-26T00:00:00Z
PRICE 13.38
--- REASONS ---
[BUY_REASON] RSI2 = 0.0 (below oversold 18 → TRIGGERED), RSI3 = 0.0 (below oversold 18 → TRIGGERED), ATR available (0.48)
[BUY_FILTERS] SMA0 filter ACTIVE (price 13.38 > SMA0 11.35 → PASS), Breakout state: "HOLD"

==============================
BUY   NVDA_GoogleFinance_AutoUpToDate
DATE  2021-02-22T00:00:00Z
PRICE 14.30
--- REASONS ---
[BUY_REASON] RSI2 = 13.08 (below oversold 18 → TRIGGERED), RSI3 = 14.59 (below oversold 18 → TRIGGERED), ATR available (0.47)
[BUY_FILTERS] SMA0 filter ACTIVE (price 14.3 > SMA0 11.97 → PASS), Breakout state: "HOLD"

==============================
BUY   NVDA_GoogleFinance_AutoUpToDate
DATE  2021-03-05T00:00:00Z
PRICE 12.41
--- REASONS ---
[BUY_REASON] RSI2 = 8.09 (below oversold 18 → TRIGGERED), RSI3 = 17.36 (below oversold 18 → TRIGGERED), ATR available (0.66)
[BUY_FILTERS] SMA0 filter ACTIVE (price 12.41 > SMA0 12.21 → PASS), Breakout state: "HOLD"

==============================
BUY   NVDA_GoogleFinance_AutoUpToDate
DATE  2021-03-25T00:00:00Z
PRICE 12.49
--- REASONS ---
[BUY_REASON] RSI2 = 0.0 (below oversold 18 → TRIGGERED), RSI3 = 0.0 (below oversold 18 → TRIGGERED), ATR available (0.53)
[BUY_FILTERS] SMA0 filter ACTIVE (price 12.49 > SMA0 12.49 → PASS), Breakout state: "HOLD"

==============================
BUY   NVDA_GoogleFinance_AutoUpToDate
DATE  2021-04-20T00:00:00Z
PRICE 15.12
--- REASONS ---
[BUY_REASON] RSI2 = 0.0 (below oversold 18 → TRIGGERED), RSI3 = 0.0 (below oversold 18 → TRIGGERED), ATR available (0.53)
[BUY_FILTERS] SMA0 filter ACTIVE (price 15.12 > SMA0 12.92 → PASS), Breakout state: "HOLD"

==============================
BUY   NVDA_GoogleFinance_AutoUpToDate
DATE  2021-06-09T00:00:00Z
PRICE 17.30
--- REASONS ---
[BUY_REASON] RSI2 = 13.7 (below oversold 18 → TRIGGERED), RSI3 = 0.0 (below oversold 18 → TRIGGERED), ATR available (0.53)
[BUY_FILTERS] SMA0 filter ACTIVE (price 17.3 > SMA0 13.7 → PASS), Breakout state: "HOLD"

==============================
BUY   NVDA_GoogleFinance_AutoUpToDate
DATE  2021-07-27T00:00:00Z
PRICE 19.14
--- REASONS ---
[BUY_REASON] RSI2 = 0.0 (below oversold 18 → TRIGGERED), RSI3 = 0.0 (below oversold 18 → TRIGGERED), ATR available (0.71)
[BUY_FILTERS] SMA0 filter ACTIVE (price 19.14 > SMA0 14.74 → PASS), Breakout state: "HOLD"

==============================
BUY   NVDA_GoogleFinance_AutoUpToDate
DATE  2021-08-10T00:00:00Z
PRICE 19.87
--- REASONS ---
[BUY_REASON] RSI2 = 0.0 (below oversold 18 → TRIGGERED), RSI3 = 0.0 (below oversold 18 → TRIGGERED), ATR available (0.58)
[BUY_FILTERS] SMA0 filter ACTIVE (price 19.87 > SMA0 15.04 → PASS), Breakout state: "HOLD"

==============================
BUY   NVDA_GoogleFinance_AutoUpToDate
DATE  2021-09-09T00:00:00Z
PRICE 22.11
--- REASONS ---
[BUY_REASON] RSI2 = 0.0 (below oversold 18 → TRIGGERED), RSI3 = 0.0 (below oversold 18 → TRIGGERED), ATR available (0.61)
[BUY_FILTERS] SMA0 filter ACTIVE (price 22.11 > SMA0 15.89 → PASS), Breakout state: "HOLD"

==============================
BUY   NVDA_GoogleFinance_AutoUpToDate
DATE  2021-09-21T00:00:00Z
PRICE 21.18
--- REASONS ---
[BUY_REASON] RSI2 = 10.54 (below oversold 18 → TRIGGERED), RSI3 = 14.46 (below oversold 18 → TRIGGERED), ATR available (0.55)
[BUY_FILTERS] SMA0 filter ACTIVE (price 21.18 > SMA0 16.24 → PASS), Breakout state: "HOLD"

==============================
BUY   NVDA_GoogleFinance_AutoUpToDate
DATE  2021-10-12T00:00:00Z
PRICE 20.60
--- REASONS ---
[BUY_REASON] RSI2 = 0.0 (below oversold 18 → TRIGGERED), RSI3 = 0.0 (below oversold 18 → TRIGGERED), ATR available (0.69)
[BUY_FILTERS] SMA0 filter ACTIVE (price 20.6 > SMA0 16.82 → PASS), Breakout state: "HOLD"

==============================
BUY   NVDA_GoogleFinance_AutoUpToDate
DATE  2021-11-17T00:00:00Z
PRICE 29.17
--- REASONS ---
[BUY_REASON] RSI2 = 11.99 (below oversold 18 → TRIGGERED), RSI3 = 15.89 (below oversold 18 → TRIGGERED), ATR available (1.52)
[BUY_FILTERS] SMA0 filter ACTIVE (price 29.17 > SMA0 18.48 → PASS), Breakout state: "HOLD"

==============================
BUY   NVDA_GoogleFinance_AutoUpToDate
DATE  2021-12-10T00:00:00Z
PRICE 30.10
--- REASONS ---
[BUY_REASON] RSI2 = 0.0 (below oversold 18 → TRIGGERED), RSI3 = 0.0 (below oversold 18 → TRIGGERED), ATR available (1.82)
[BUY_FILTERS] SMA0 filter ACTIVE (price 30.1 > SMA0 19.87 → PASS), Breakout state: "HOLD"

==============================
BUY   NVDA_GoogleFinance_AutoUpToDate
DATE  2021-12-30T00:00:00Z
PRICE 29.49
--- REASONS ---
[BUY_REASON] RSI2 = 0.0 (below oversold 18 → TRIGGERED), RSI3 = 0.0 (below oversold 18 → TRIGGERED), ATR available (1.52)
[BUY_FILTERS] SMA0 filter ACTIVE (price 29.49 > SMA0 20.93 → PASS), Breakout state: "HOLD"

==============================
BUY   NVDA_GoogleFinance_AutoUpToDate
DATE  2023-03-13T00:00:00Z
PRICE 22.92
--- REASONS ---
[BUY_REASON] RSI2 = 0.08 (below oversold 18 → TRIGGERED), RSI3 = 0.21 (below oversold 18 → TRIGGERED), ATR available (0.98)
[BUY_FILTERS] SMA0 filter ACTIVE (price 22.92 > SMA0 16.66 → PASS), Breakout state: "HOLD"

==============================
BUY   NVDA_GoogleFinance_AutoUpToDate
DATE  2023-03-28T00:00:00Z
PRICE 26.36
--- REASONS ---
[BUY_REASON] RSI2 = 0.0 (below oversold 18 → TRIGGERED), RSI3 = 0.0 (below oversold 18 → TRIGGERED), ATR available (1.01)
[BUY_FILTERS] SMA0 filter ACTIVE (price 26.36 > SMA0 17.07 → PASS), Breakout state: "HOLD"

==============================
BUY   NVDA_GoogleFinance_AutoUpToDate
DATE  2023-04-13T00:00:00Z
PRICE 26.41
--- REASONS ---
[BUY_REASON] RSI2 = 0.0 (below oversold 18 → TRIGGERED), RSI3 = 0.0 (below oversold 18 → TRIGGERED), ATR available (0.74)
[BUY_FILTERS] SMA0 filter ACTIVE (price 26.41 > SMA0 17.66 → PASS), Breakout state: "HOLD"

==============================
BUY   NVDA_GoogleFinance_AutoUpToDate
DATE  2023-04-24T00:00:00Z
PRICE 26.99
--- REASONS ---
[BUY_REASON] RSI2 = 1.63 (below oversold 18 → TRIGGERED), RSI3 = 16.3 (below oversold 18 → TRIGGERED), ATR available (0.78)
[BUY_FILTERS] SMA0 filter ACTIVE (price 26.99 > SMA0 18.08 → PASS), Breakout state: "HOLD"

==============================
BUY   NVDA_GoogleFinance_AutoUpToDate
DATE  2023-05-04T00:00:00Z
PRICE 27.51
--- REASONS ---
[BUY_REASON] RSI2 = 0.0 (below oversold 18 → TRIGGERED), RSI3 = 0.0 (below oversold 18 → TRIGGERED), ATR available (0.85)
[BUY_FILTERS] SMA0 filter ACTIVE (price 27.51 > SMA0 18.56 → PASS), Breakout state: "HOLD"

==============================
BUY   NVDA_GoogleFinance_AutoUpToDate
DATE  2023-05-23T00:00:00Z
PRICE 30.63
--- REASONS ---
[BUY_REASON] RSI2 = 0.0 (below oversold 18 → TRIGGERED), RSI3 = 0.0 (below oversold 18 → TRIGGERED), ATR available (0.87)
[BUY_FILTERS] SMA0 filter ACTIVE (price 30.63 > SMA0 19.31 → PASS), Breakout state: "HOLD"

==============================
BUY   NVDA_GoogleFinance_AutoUpToDate
DATE  2023-06-06T00:00:00Z
PRICE 38.58
--- REASONS ---
[BUY_REASON] RSI2 = 0.0 (below oversold 18 → TRIGGERED), RSI3 = 0.0 (below oversold 18 → TRIGGERED), ATR available (1.95)
[BUY_FILTERS] SMA0 filter ACTIVE (price 38.58 > SMA0 20.2 → PASS), Breakout state: "HOLD"

==============================
BUY   NVDA_GoogleFinance_AutoUpToDate
DATE  2023-06-23T00:00:00Z
PRICE 42.13
--- REASONS ---
[BUY_REASON] RSI2 = 0.0 (below oversold 18 → TRIGGERED), RSI3 = 0.0 (below oversold 18 → TRIGGERED), ATR available (1.36)
[BUY_FILTERS] SMA0 filter ACTIVE (price 42.13 > SMA0 21.72 → PASS), Breakout state: "HOLD"

==============================
BUY   NVDA_GoogleFinance_AutoUpToDate
DATE  2023-07-21T00:00:00Z
PRICE 44.22
--- REASONS ---
[BUY_REASON] RSI2 = 0.0 (below oversold 18 → TRIGGERED), RSI3 = 0.0 (below oversold 18 → TRIGGERED), ATR available (1.48)
[BUY_FILTERS] SMA0 filter ACTIVE (price 44.22 > SMA0 24.61 → PASS), Breakout state: "HOLD"

==============================
BUY   NVDA_GoogleFinance_AutoUpToDate
DATE  2023-08-03T00:00:00Z
PRICE 44.43
--- REASONS ---
[BUY_REASON] RSI2 = 9.09 (below oversold 18 → TRIGGERED), RSI3 = 9.9 (below oversold 18 → TRIGGERED), ATR available (1.52)
[BUY_FILTERS] SMA0 filter ACTIVE (price 44.43 > SMA0 26.11 → PASS), Breakout state: "HOLD"

==============================
BUY   NVDA_GoogleFinance_AutoUpToDate
DATE  2023-08-18T00:00:00Z
PRICE 43.22
--- REASONS ---
[BUY_REASON] RSI2 = 0.0 (below oversold 18 → TRIGGERED), RSI3 = 0.0 (below oversold 18 → TRIGGERED), ATR available (1.73)
[BUY_FILTERS] SMA0 filter ACTIVE (price 43.22 > SMA0 27.8 → PASS), Breakout state: "HOLD"

==============================
BUY   NVDA_GoogleFinance_AutoUpToDate
DATE  2023-09-05T00:00:00Z
PRICE 48.46
--- REASONS ---
[BUY_REASON] RSI2 = 13.32 (below oversold 18 → TRIGGERED), RSI3 = 4.41 (below oversold 18 → TRIGGERED), ATR available (2.03)
[BUY_FILTERS] SMA0 filter ACTIVE (price 48.46 > SMA0 29.61 → PASS), Breakout state: "HOLD"

==============================
BUY   NVDA_GoogleFinance_AutoUpToDate
DATE  2023-09-18T00:00:00Z
PRICE 43.89
--- REASONS ---
[BUY_REASON] RSI2 = 8.79 (below oversold 18 → TRIGGERED), RSI3 = 3.78 (below oversold 18 → TRIGGERED), ATR available (1.58)
[BUY_FILTERS] SMA0 filter ACTIVE (price 43.89 > SMA0 30.93 → PASS), Breakout state: "HOLD"

==============================
BUY   NVDA_GoogleFinance_AutoUpToDate
DATE  2023-10-27T00:00:00Z
PRICE 40.43
--- REASONS ---
[BUY_REASON] RSI2 = 4.96 (below oversold 18 → TRIGGERED), RSI3 = 10.69 (below oversold 18 → TRIGGERED), ATR available (1.72)
[BUY_FILTERS] SMA0 filter ACTIVE (price 40.43 > SMA0 34.91 → PASS), Breakout state: "HOLD"

==============================
BUY   NVDA_GoogleFinance_AutoUpToDate
DATE  2023-11-24T00:00:00Z
PRICE 47.69
--- REASONS ---
[BUY_REASON] RSI2 = 0.0 (below oversold 18 → TRIGGERED), RSI3 = 0.0 (below oversold 18 → TRIGGERED), ATR available (1.32)
[BUY_FILTERS] SMA0 filter ACTIVE (price 47.69 > SMA0 37.5 → PASS), Breakout state: "HOLD"

==============================
BUY   NVDA_GoogleFinance_AutoUpToDate
DATE  2024-01-02T00:00:00Z
PRICE 48.08
--- REASONS ---
[BUY_REASON] RSI2 = 7.2 (below oversold 18 → TRIGGERED), RSI3 = 0.0 (below oversold 18 → TRIGGERED), ATR available (1.19)
[BUY_FILTERS] SMA0 filter ACTIVE (price 48.08 > SMA0 40.63 → PASS), Breakout state: "HOLD"

==============================
BUY   NVDA_GoogleFinance_AutoUpToDate
DATE  2024-02-20T00:00:00Z
PRICE 69.33
--- REASONS ---
[BUY_REASON] RSI2 = 0.0 (below oversold 18 → TRIGGERED), RSI3 = 0.0 (below oversold 18 → TRIGGERED), ATR available (2.74)
[BUY_FILTERS] SMA0 filter ACTIVE (price 69.33 > SMA0 46.38 → PASS), Breakout state: "HOLD"

==============================
BUY   NVDA_GoogleFinance_AutoUpToDate
DATE  2024-03-15T00:00:00Z
PRICE 87.69
--- REASONS ---
[BUY_REASON] RSI2 = 0.0 (below oversold 18 → TRIGGERED), RSI3 = 0.0 (below oversold 18 → TRIGGERED), ATR available (4.16)
[BUY_FILTERS] SMA0 filter ACTIVE (price 87.69 > SMA0 51.1 → PASS), Breakout state: "HOLD"

==============================
BUY   NVDA_GoogleFinance_AutoUpToDate
DATE  2024-03-27T00:00:00Z
PRICE 90.10
--- REASONS ---
[BUY_REASON] RSI2 = 13.05 (below oversold 18 → TRIGGERED), RSI3 = 0.0 (below oversold 18 → TRIGGERED), ATR available (4.51)
[BUY_FILTERS] SMA0 filter ACTIVE (price 90.1 > SMA0 53.21 → PASS), Breakout state: "HOLD"

==============================
BUY   NVDA_GoogleFinance_AutoUpToDate
DATE  2024-05-01T00:00:00Z
PRICE 82.90
--- REASONS ---
[BUY_REASON] RSI2 = 0.46 (below oversold 18 → TRIGGERED), RSI3 = 0.0 (below oversold 18 → TRIGGERED), ATR available (4.33)
[BUY_FILTERS] SMA0 filter ACTIVE (price 82.9 > SMA0 58.38 → PASS), Breakout state: "HOLD"

==============================
BUY   NVDA_GoogleFinance_AutoUpToDate
DATE  2024-05-31T00:00:00Z
PRICE 109.45
--- REASONS ---
[BUY_REASON] RSI2 = 15.11 (below oversold 18 → TRIGGERED), RSI3 = 0.0 (below oversold 18 → TRIGGERED), ATR available (4.34)
[BUY_FILTERS] SMA0 filter ACTIVE (price 109.45 > SMA0 63.82 → PASS), Breakout state: "HOLD"

==============================
BUY   NVDA_GoogleFinance_AutoUpToDate
DATE  2024-06-24T00:00:00Z
PRICE 117.92
--- REASONS ---
[BUY_REASON] RSI2 = 0.0 (below oversold 18 → TRIGGERED), RSI3 = 0.0 (below oversold 18 → TRIGGERED), ATR available (5.77)
[BUY_FILTERS] SMA0 filter ACTIVE (price 117.92 > SMA0 69.64 → PASS), Breakout state: "HOLD"

==============================
BUY   NVDA_GoogleFinance_AutoUpToDate
DATE  2024-08-29T00:00:00Z
PRICE 117.40
--- REASONS ---
[BUY_REASON] RSI2 = 14.66 (below oversold 18 → TRIGGERED), RSI3 = 0.0 (below oversold 18 → TRIGGERED), ATR available (5.8)
[BUY_FILTERS] SMA0 filter ACTIVE (price 117.4 > SMA0 87.48 → PASS), Breakout state: "HOLD"

==============================
BUY   NVDA_GoogleFinance_AutoUpToDate
DATE  2024-09-17T00:00:00Z
PRICE 115.41
--- REASONS ---
[BUY_REASON] RSI2 = 0.0 (below oversold 18 → TRIGGERED), RSI3 = 0.0 (below oversold 18 → TRIGGERED), ATR available (6.19)
[BUY_FILTERS] SMA0 filter ACTIVE (price 115.41 > SMA0 91.27 → PASS), Breakout state: "HOLD"

==============================
BUY   NVDA_GoogleFinance_AutoUpToDate
DATE  2024-09-30T00:00:00Z
PRICE 121.25
--- REASONS ---
[BUY_REASON] RSI2 = 17.76 (below oversold 18 → TRIGGERED), RSI3 = 1.49 (below oversold 18 → TRIGGERED), ATR available (4.77)
[BUY_FILTERS] SMA0 filter ACTIVE (price 121.25 > SMA0 94.54 → PASS), Breakout state: "HOLD"

==============================
BUY   NVDA_GoogleFinance_AutoUpToDate
DATE  2024-10-24T00:00:00Z
PRICE 140.19
--- REASONS ---
[BUY_REASON] RSI2 = 17.0 (below oversold 18 → TRIGGERED), RSI3 = 17.42 (below oversold 18 → TRIGGERED), ATR available (4.63)
[BUY_FILTERS] SMA0 filter ACTIVE (price 140.19 > SMA0 102.06 → PASS), Breakout state: "HOLD"

==============================
BUY   NVDA_GoogleFinance_AutoUpToDate
DATE  2024-11-15T00:00:00Z
PRICE 141.76
--- REASONS ---
[BUY_REASON] RSI2 = 6.72 (below oversold 18 → TRIGGERED), RSI3 = 9.3 (below oversold 18 → TRIGGERED), ATR available (4.57)
[BUY_FILTERS] SMA0 filter ACTIVE (price 141.76 > SMA0 108.71 → PASS), Breakout state: "HOLD"

==============================
BUY   NVDA_GoogleFinance_AutoUpToDate
DATE  2024-11-26T00:00:00Z
PRICE 136.71
--- REASONS ---
[BUY_REASON] RSI2 = 7.79 (below oversold 18 → TRIGGERED), RSI3 = 13.18 (below oversold 18 → TRIGGERED), ATR available (5.34)
[BUY_FILTERS] SMA0 filter ACTIVE (price 136.71 > SMA0 111.24 → PASS), Breakout state: "HOLD"

==============================
BUY   NVDA_GoogleFinance_AutoUpToDate
DATE  2024-12-09T00:00:00Z
PRICE 138.61
--- REASONS ---
[BUY_REASON] RSI2 = 0.0 (below oversold 18 → TRIGGERED), RSI3 = 0.0 (below oversold 18 → TRIGGERED), ATR available (5.16)
[BUY_FILTERS] SMA0 filter ACTIVE (price 138.61 > SMA0 113.93 → PASS), Breakout state: "HOLD"

==============================
BUY   NVDA_GoogleFinance_AutoUpToDate
DATE  2024-12-27T00:00:00Z
PRICE 136.81
--- REASONS ---
[BUY_REASON] RSI2 = 14.63 (below oversold 18 → TRIGGERED), RSI3 = 0.0 (below oversold 18 → TRIGGERED), ATR available (5.38)
[BUY_FILTERS] SMA0 filter ACTIVE (price 136.81 > SMA0 117.2 → PASS), Breakout state: "HOLD"

==============================
BUY   NVDA_GoogleFinance_AutoUpToDate
DATE  2025-01-10T00:00:00Z
PRICE 135.71
--- REASONS ---
[BUY_REASON] RSI2 = 0.0 (below oversold 18 → TRIGGERED), RSI3 = 0.0 (below oversold 18 → TRIGGERED), ATR available (5.96)
[BUY_FILTERS] SMA0 filter ACTIVE (price 135.71 > SMA0 119.17 → PASS), Breakout state: "HOLD"

==============================
BUY   NVDA_GoogleFinance_AutoUpToDate
DATE  2025-01-31T00:00:00Z
PRICE 119.89
--- REASONS ---
[BUY_REASON] RSI2 = 8.78 (below oversold 18 → TRIGGERED), RSI3 = 17.18 (below oversold 18 → TRIGGERED), ATR available (8.1)
[BUY_FILTERS] SMA0 filter ACTIVE (price 119.89 ≤ SMA0 122.3 → BLOCK), Breakout state: "HOLD"

==============================
BUY   NVDA_GoogleFinance_AutoUpToDate
DATE  2025-02-21T00:00:00Z
PRICE 134.23
--- REASONS ---
[BUY_REASON] RSI2 = 13.08 (below oversold 18 → TRIGGERED), RSI3 = 13.41 (below oversold 18 → TRIGGERED), ATR available (4.98)
[BUY_FILTERS] SMA0 filter ACTIVE (price 134.23 > SMA0 125.63 → PASS), Breakout state: "HOLD"

==============================
BUY   NVDA_GoogleFinance_AutoUpToDate
DATE  2025-05-21T00:00:00Z
PRICE 131.62
--- REASONS ---
[BUY_REASON] RSI2 = 4.31 (below oversold 18 → TRIGGERED), RSI3 = 0.0 (below oversold 18 → TRIGGERED), ATR available (4.34)
[BUY_FILTERS] SMA0 filter ACTIVE (price 131.62 > SMA0 125.65 → PASS), Breakout state: "HOLD"

==============================
BUY   NVDA_GoogleFinance_AutoUpToDate
DATE  2025-07-22T00:00:00Z
PRICE 166.81
--- REASONS ---
[BUY_REASON] RSI2 = 0.0 (below oversold 18 → TRIGGERED), RSI3 = 0.0 (below oversold 18 → TRIGGERED), ATR available (3.87)
[BUY_FILTERS] SMA0 filter ACTIVE (price 166.81 > SMA0 132.72 → PASS), Breakout state: "HOLD"

==============================
BUY   NVDA_GoogleFinance_AutoUpToDate
DATE  2025-08-21T00:00:00Z
PRICE 174.75
--- REASONS ---
[BUY_REASON] RSI2 = 0.0 (below oversold 18 → TRIGGERED), RSI3 = 0.0 (below oversold 18 → TRIGGERED), ATR available (4.5)
[BUY_FILTERS] SMA0 filter ACTIVE (price 174.75 > SMA0 137.45 → PASS), Breakout state: "HOLD"

==============================
BUY   NVDA_GoogleFinance_AutoUpToDate
DATE  2025-09-17T00:00:00Z
PRICE 170.08
--- REASONS ---
[BUY_REASON] RSI2 = 0.0 (below oversold 18 → TRIGGERED), RSI3 = 0.0 (below oversold 18 → TRIGGERED), ATR available (5.17)
[BUY_FILTERS] SMA0 filter ACTIVE (price 170.08 > SMA0 140.32 → PASS), Breakout state: "HOLD"

==============================
BUY   NVDA_GoogleFinance_AutoUpToDate
DATE  2025-10-07T00:00:00Z
PRICE 184.81
--- REASONS ---
[BUY_REASON] RSI2 = 0.0 (below oversold 18 → TRIGGERED), RSI3 = 0.0 (below oversold 18 → TRIGGERED), ATR available (5.52)
[BUY_FILTERS] SMA0 filter ACTIVE (price 184.81 > SMA0 143.4 → PASS), Breakout state: "HOLD"

==============================
BUY   NVDA_GoogleFinance_AutoUpToDate
DATE  2025-10-22T00:00:00Z
PRICE 180.05
--- REASONS ---
[BUY_REASON] RSI2 = 0.0 (below oversold 18 → TRIGGERED), RSI3 = 0.0 (below oversold 18 → TRIGGERED), ATR available (5.91)
[BUY_FILTERS] SMA0 filter ACTIVE (price 180.05 > SMA0 145.99 → PASS), Breakout state: "HOLD"

==============================
BUY   NVDA_GoogleFinance_AutoUpToDate
DATE  2025-11-06T00:00:00Z
PRICE 187.84
--- REASONS ---
[BUY_REASON] RSI2 = 0.0 (below oversold 18 → TRIGGERED), RSI3 = 0.0 (below oversold 18 → TRIGGERED), ATR available (7.07)
[BUY_FILTERS] SMA0 filter ACTIVE (price 187.84 > SMA0 149.16 → PASS), Breakout state: "HOLD"

==============================
BUY   NVDA_GoogleFinance_AutoUpToDate
DATE  2025-12-11T00:00:00Z
PRICE 180.71
--- REASONS ---
[BUY_REASON] RSI2 = 0.0 (below oversold 18 → TRIGGERED), RSI3 = 0.0 (below oversold 18 → TRIGGERED), ATR available (5.96)
[BUY_FILTERS] SMA0 filter ACTIVE (price 180.71 > SMA0 155.6 → PASS), Breakout state: "HOLD"

==============================
BUY   NVDA_GoogleFinance_AutoUpToDate
DATE  2025-12-31T00:00:00Z
PRICE 186.28
--- REASONS ---
[BUY_REASON] RSI2 = 0.0 (below oversold 18 → TRIGGERED), RSI3 = 0.0 (below oversold 18 → TRIGGERED), ATR available (4.99)
[BUY_FILTERS] SMA0 filter ACTIVE (price 186.28 > SMA0 159.92 → PASS), Breakout state: "HOLD"

==============================
BUY   NVDA_GoogleFinance_AutoUpToDate
DATE  2026-02-02T00:00:00Z
PRICE 185.39
--- REASONS ---
[BUY_REASON] RSI2 = 12.55 (below oversold 18 → TRIGGERED), RSI3 = 0.0 (below oversold 18 → TRIGGERED), ATR available (5.29)
[BUY_FILTERS] SMA0 filter ACTIVE (price 185.39 > SMA0 167.91 → PASS), Breakout state: "HOLD"

==============================
BUY   NVDA_GoogleFinance_AutoUpToDate
DATE  2026-02-13T00:00:00Z
PRICE 182.59
--- REASONS ---
[BUY_REASON] RSI2 = 17.26 (below oversold 18 → TRIGGERED), RSI3 = 0.0 (below oversold 18 → TRIGGERED), ATR available (6.99)
[BUY_FILTERS] SMA0 filter ACTIVE (price 182.59 > SMA0 171.46 → PASS), Breakout state: "HOLD"

==============================
BUY   NVDA_GoogleFinance_AutoUpToDate
DATE  2026-03-19T00:00:00Z
PRICE 178.36
--- REASONS ---
[BUY_REASON] RSI2 = 0.0 (below oversold 18 → TRIGGERED), RSI3 = 0.0 (below oversold 18 → TRIGGERED), ATR available (5.5)
[BUY_FILTERS] SMA0 filter ACTIVE (price 178.36 > SMA0 178.06 → PASS), Breakout state: "HOLD"

==============================
BUY   NVDA_GoogleFinance_AutoUpToDate
DATE  2026-04-30T00:00:00Z
PRICE 199.34
--- REASONS ---
[BUY_REASON] RSI2 = 0.0 (below oversold 18 → TRIGGERED), RSI3 = 0.0 (below oversold 18 → TRIGGERED), ATR available (6.26)
[BUY_FILTERS] SMA0 filter ACTIVE (price 199.34 > SMA0 183.5 → PASS), Breakout state: "HOLD"

==============================
BUY   NVDA_GoogleFinance_AutoUpToDate
DATE  2026-05-19T00:00:00Z
PRICE 220.36
--- REASONS ---
[BUY_REASON] RSI2 = 0.0 (below oversold 18 → TRIGGERED), RSI3 = 0.0 (below oversold 18 → TRIGGERED), ATR available (8.5)
[BUY_FILTERS] SMA0 filter ACTIVE (price 220.36 > SMA0 186.2 → PASS), Breakout state: "HOLD"

==============================
BUY   NVDA_GoogleFinance_AutoUpToDate
DATE  2026-05-27T00:00:00Z
PRICE 212.36
--- REASONS ---
[BUY_REASON] RSI2 = 0.0 (below oversold 18 → TRIGGERED), RSI3 = 0.0 (below oversold 18 → TRIGGERED), ATR available (8.01)
[BUY_FILTERS] SMA0 filter ACTIVE (price 212.36 > SMA0 187.13 → PASS), Breakout state: "HOLD"

==============================
BUY   NVDA_GoogleFinance_AutoUpToDate
DATE  2026-07-17T00:00:00Z
PRICE 202.81
--- REASONS ---
[BUY_REASON] RSI2 = 6.74 (below oversold 18 → TRIGGERED), RSI3 = 0.0 (below oversold 18 → TRIGGERED), ATR available (7.35)
[BUY_FILTERS] SMA0 filter ACTIVE (price 202.81 > SMA0 192.2 → PASS), Breakout state: "HOLD"

==============================
BUY   NVDA_GoogleFinance_AutoUpToDate
DATE  2026-07-28T00:00:00Z
PRICE 197.01
--- REASONS ---
[BUY_REASON] RSI2 = 3.92 (below oversold 18 → TRIGGERED), RSI3 = 4.62 (below oversold 18 → TRIGGERED), ATR available (7.73)
[BUY_FILTERS] SMA0 filter ACTIVE (price 197.01 > SMA0 192.82 → PASS), Breakout state: "HOLD"

==============================
BUY   DELL_GoogleFinance_AutoUpToDate
DATE  2020-06-03T00:00:00Z
PRICE 22.48
--- REASONS ---
[BUY_REASON] RSI2 = 0.0 (below oversold 20 → TRIGGERED), RSI3 = 0.0 (below oversold 20 → TRIGGERED), ATR available (0.85)
[BUY_FILTERS] SMA200 filter ACTIVE (price 22.48 > SMA200 21.86 → PASS), Breakout state: "HOLD"

==============================
BUY   DELL_GoogleFinance_AutoUpToDate
DATE  2020-07-13T00:00:00Z
PRICE 23.84
--- REASONS ---
[BUY_REASON] RSI2 = 0.0 (below oversold 20 → TRIGGERED), RSI3 = 0.0 (below oversold 20 → TRIGGERED), ATR available (0.87)
[BUY_FILTERS] SMA200 filter ACTIVE (price 23.84 > SMA200 21.84 → PASS), Breakout state: "HOLD"

==============================
BUY   DELL_GoogleFinance_AutoUpToDate
DATE  2020-07-27T00:00:00Z
PRICE 28.08
--- REASONS ---
[BUY_REASON] RSI2 = 18.18 (below oversold 20 → TRIGGERED), RSI3 = 14.29 (below oversold 20 → TRIGGERED), ATR available (0.94)
[BUY_FILTERS] SMA200 filter ACTIVE (price 28.08 > SMA200 22.03 → PASS), Breakout state: "HOLD"

==============================
BUY   DELL_GoogleFinance_AutoUpToDate
DATE  2020-08-13T00:00:00Z
PRICE 27.43
--- REASONS ---
[BUY_REASON] RSI2 = 11.33 (below oversold 20 → TRIGGERED), RSI3 = 10.18 (below oversold 20 → TRIGGERED), ATR available (0.61)
[BUY_FILTERS] SMA200 filter ACTIVE (price 27.43 > SMA200 22.33 → PASS), Breakout state: "HOLD"

==============================
BUY   DELL_GoogleFinance_AutoUpToDate
DATE  2020-09-08T00:00:00Z
PRICE 29.55
--- REASONS ---
[BUY_REASON] RSI2 = 0.0 (below oversold 20 → TRIGGERED), RSI3 = 0.0 (below oversold 20 → TRIGGERED), ATR available (0.99)
[BUY_FILTERS] SMA200 filter ACTIVE (price 29.55 > SMA200 22.66 → PASS), Breakout state: "HOLD"

==============================
BUY   DELL_GoogleFinance_AutoUpToDate
DATE  2020-09-21T00:00:00Z
PRICE 30.17
--- REASONS ---
[BUY_REASON] RSI2 = 0.0 (below oversold 20 → TRIGGERED), RSI3 = 0.0 (below oversold 20 → TRIGGERED), ATR available (1.01)
[BUY_FILTERS] SMA200 filter ACTIVE (price 30.17 > SMA200 22.98 → PASS), Breakout state: "HOLD"

==============================
BUY   DELL_GoogleFinance_AutoUpToDate
DATE  2020-10-02T00:00:00Z
PRICE 30.93
--- REASONS ---
[BUY_REASON] RSI2 = 0.0 (below oversold 20 → TRIGGERED), RSI3 = 0.0 (below oversold 20 → TRIGGERED), ATR available (0.78)
[BUY_FILTERS] SMA200 filter ACTIVE (price 30.93 > SMA200 23.36 → PASS), Breakout state: "HOLD"

==============================
BUY   DELL_GoogleFinance_AutoUpToDate
DATE  2020-10-19T00:00:00Z
PRICE 32.01
--- REASONS ---
[BUY_REASON] RSI2 = 14.47 (below oversold 20 → TRIGGERED), RSI3 = 8.03 (below oversold 20 → TRIGGERED), ATR available (0.68)
[BUY_FILTERS] SMA200 filter ACTIVE (price 32.01 > SMA200 23.83 → PASS), Breakout state: "HOLD"

==============================
BUY   DELL_GoogleFinance_AutoUpToDate
DATE  2020-11-02T00:00:00Z
PRICE 27.77
--- REASONS ---
[BUY_REASON] RSI2 = 10.34 (below oversold 20 → TRIGGERED), RSI3 = 6.38 (below oversold 20 → TRIGGERED), ATR available (0.82)
[BUY_FILTERS] SMA200 filter ACTIVE (price 27.77 > SMA200 24.16 → PASS), Breakout state: "HOLD"

==============================
BUY   DELL_GoogleFinance_AutoUpToDate
DATE  2020-12-29T00:00:00Z
PRICE 32.93
--- REASONS ---
[BUY_REASON] RSI2 = 0.0 (below oversold 20 → TRIGGERED), RSI3 = 0.0 (below oversold 20 → TRIGGERED), ATR available (0.74)
[BUY_FILTERS] SMA200 filter ACTIVE (price 32.93 > SMA200 26.21 → PASS), Breakout state: "HOLD"

==============================
BUY   DELL_GoogleFinance_AutoUpToDate
DATE  2021-01-13T00:00:00Z
PRICE 32.81
--- REASONS ---
[BUY_REASON] RSI2 = 16.87 (below oversold 20 → TRIGGERED), RSI3 = 13.61 (below oversold 20 → TRIGGERED), ATR available (0.97)
[BUY_FILTERS] SMA200 filter ACTIVE (price 32.81 > SMA200 27.1 → PASS), Breakout state: "HOLD"

==============================
BUY   DELL_GoogleFinance_AutoUpToDate
DATE  2021-01-25T00:00:00Z
PRICE 34.86
--- REASONS ---
[BUY_REASON] RSI2 = 0.0 (below oversold 20 → TRIGGERED), RSI3 = 0.0 (below oversold 20 → TRIGGERED), ATR available (1.07)
[BUY_FILTERS] SMA200 filter ACTIVE (price 34.86 > SMA200 27.7 → PASS), Breakout state: "HOLD"

==============================
BUY   DELL_GoogleFinance_AutoUpToDate
DATE  2021-02-11T00:00:00Z
PRICE 36.62
--- REASONS ---
[BUY_REASON] RSI2 = 0.0 (below oversold 20 → TRIGGERED), RSI3 = 0.0 (below oversold 20 → TRIGGERED), ATR available (0.92)
[BUY_FILTERS] SMA200 filter ACTIVE (price 36.62 > SMA200 28.8 → PASS), Breakout state: "HOLD"

==============================
BUY   DELL_GoogleFinance_AutoUpToDate
DATE  2021-03-22T00:00:00Z
PRICE 40.23
--- REASONS ---
[BUY_REASON] RSI2 = 0.0 (below oversold 20 → TRIGGERED), RSI3 = 0.0 (below oversold 20 → TRIGGERED), ATR available (0.93)
[BUY_FILTERS] SMA200 filter ACTIVE (price 40.23 > SMA200 31.21 → PASS), Breakout state: "HOLD"

==============================
BUY   DELL_GoogleFinance_AutoUpToDate
DATE  2021-04-14T00:00:00Z
PRICE 42.70
--- REASONS ---
[BUY_REASON] RSI2 = 15.6 (below oversold 20 → TRIGGERED), RSI3 = 11.18 (below oversold 20 → TRIGGERED), ATR available (0.77)
[BUY_FILTERS] SMA200 filter ACTIVE (price 42.7 > SMA200 32.7 → PASS), Breakout state: "HOLD"

==============================
BUY   DELL_GoogleFinance_AutoUpToDate
DATE  2021-04-22T00:00:00Z
PRICE 46.28
--- REASONS ---
[BUY_REASON] RSI2 = 0.0 (below oversold 20 → TRIGGERED), RSI3 = 0.0 (below oversold 20 → TRIGGERED), ATR available (1.09)
[BUY_FILTERS] SMA200 filter ACTIVE (price 46.28 > SMA200 33.35 → PASS), Breakout state: "HOLD"

==============================
BUY   DELL_GoogleFinance_AutoUpToDate
DATE  2021-05-04T00:00:00Z
PRICE 44.46
--- REASONS ---
[BUY_REASON] RSI2 = 0.0 (below oversold 20 → TRIGGERED), RSI3 = 0.0 (below oversold 20 → TRIGGERED), ATR available (1.08)
[BUY_FILTERS] SMA200 filter ACTIVE (price 44.46 > SMA200 34.18 → PASS), Breakout state: "HOLD"

==============================
BUY   DELL_GoogleFinance_AutoUpToDate
DATE  2021-05-12T00:00:00Z
PRICE 43.34
--- REASONS ---
[BUY_REASON] RSI2 = 0.0 (below oversold 20 → TRIGGERED), RSI3 = 0.0 (below oversold 20 → TRIGGERED), ATR available (0.92)
[BUY_FILTERS] SMA200 filter ACTIVE (price 43.34 > SMA200 34.69 → PASS), Breakout state: "HOLD"

==============================
BUY   DELL_GoogleFinance_AutoUpToDate
DATE  2021-05-19T00:00:00Z
PRICE 44.58
--- REASONS ---
[BUY_REASON] RSI2 = 0.0 (below oversold 20 → TRIGGERED), RSI3 = 0.0 (below oversold 20 → TRIGGERED), ATR available (1.03)
[BUY_FILTERS] SMA200 filter ACTIVE (price 44.58 > SMA200 35.13 → PASS), Breakout state: "HOLD"

==============================
BUY   DELL_GoogleFinance_AutoUpToDate
DATE  2021-05-28T00:00:00Z
PRICE 45.43
--- REASONS ---
[BUY_REASON] RSI2 = 3.64 (below oversold 20 → TRIGGERED), RSI3 = 15.2 (below oversold 20 → TRIGGERED), ATR available (1.06)
[BUY_FILTERS] SMA200 filter ACTIVE (price 45.43 > SMA200 35.74 → PASS), Breakout state: "HOLD"

==============================
BUY   DELL_GoogleFinance_AutoUpToDate
DATE  2021-06-14T00:00:00Z
PRICE 47.32
--- REASONS ---
[BUY_REASON] RSI2 = 13.29 (below oversold 20 → TRIGGERED), RSI3 = 11.87 (below oversold 20 → TRIGGERED), ATR available (0.98)
[BUY_FILTERS] SMA200 filter ACTIVE (price 47.32 > SMA200 36.72 → PASS), Breakout state: "HOLD"

==============================
BUY   DELL_GoogleFinance_AutoUpToDate
DATE  2021-06-24T00:00:00Z
PRICE 45.64
--- REASONS ---
[BUY_REASON] RSI2 = 0.0 (below oversold 20 → TRIGGERED), RSI3 = 0.0 (below oversold 20 → TRIGGERED), ATR available (0.74)
[BUY_FILTERS] SMA200 filter ACTIVE (price 45.64 > SMA200 37.36 → PASS), Breakout state: "HOLD"

==============================
BUY   DELL_GoogleFinance_AutoUpToDate
DATE  2021-07-28T00:00:00Z
PRICE 44.17
--- REASONS ---
[BUY_REASON] RSI2 = 0.0 (below oversold 20 → TRIGGERED), RSI3 = 0.0 (below oversold 20 → TRIGGERED), ATR available (0.91)
[BUY_FILTERS] SMA200 filter ACTIVE (price 44.17 > SMA200 38.96 → PASS), Breakout state: "HOLD"

==============================
BUY   DELL_GoogleFinance_AutoUpToDate
DATE  2021-08-16T00:00:00Z
PRICE 45.90
--- REASONS ---
[BUY_REASON] RSI2 = 0.0 (below oversold 20 → TRIGGERED), RSI3 = 14.0 (below oversold 20 → TRIGGERED), ATR available (0.61)
[BUY_FILTERS] SMA200 filter ACTIVE (price 45.9 > SMA200 39.87 → PASS), Breakout state: "HOLD"

==============================
BUY   DELL_GoogleFinance_AutoUpToDate
DATE  2021-09-08T00:00:00Z
PRICE 43.71
--- REASONS ---
[BUY_REASON] RSI2 = 0.0 (below oversold 20 → TRIGGERED), RSI3 = 3.02 (below oversold 20 → TRIGGERED), ATR available (0.95)
[BUY_FILTERS] SMA200 filter ACTIVE (price 43.71 > SMA200 41.11 → PASS), Breakout state: "HOLD"

==============================
BUY   DELL_GoogleFinance_AutoUpToDate
DATE  2021-09-21T00:00:00Z
PRICE 45.75
--- REASONS ---
[BUY_REASON] RSI2 = 18.18 (below oversold 20 → TRIGGERED), RSI3 = 12.41 (below oversold 20 → TRIGGERED), ATR available (1.08)
[BUY_FILTERS] SMA200 filter ACTIVE (price 45.75 > SMA200 41.71 → PASS), Breakout state: "HOLD"

==============================
BUY   DELL_GoogleFinance_AutoUpToDate
DATE  2021-10-12T00:00:00Z
PRICE 47.79
--- REASONS ---
[BUY_REASON] RSI2 = 8.81 (below oversold 20 → TRIGGERED), RSI3 = 3.91 (below oversold 20 → TRIGGERED), ATR available (1.12)
[BUY_FILTERS] SMA200 filter ACTIVE (price 47.79 > SMA200 42.82 → PASS), Breakout state: "HOLD"

==============================
BUY   DELL_GoogleFinance_AutoUpToDate
DATE  2021-10-27T00:00:00Z
PRICE 49.92
--- REASONS ---
[BUY_REASON] RSI2 = 0.0 (below oversold 20 → TRIGGERED), RSI3 = 0.0 (below oversold 20 → TRIGGERED), ATR available (1.04)
[BUY_FILTERS] SMA200 filter ACTIVE (price 49.92 > SMA200 43.72 → PASS), Breakout state: "HOLD"

==============================
BUY   DELL_GoogleFinance_AutoUpToDate
DATE  2021-11-18T00:00:00Z
PRICE 50.80
--- REASONS ---
[BUY_REASON] RSI2 = 0.0 (below oversold 20 → TRIGGERED), RSI3 = 0.0 (below oversold 20 → TRIGGERED), ATR available (1.33)
[BUY_FILTERS] SMA200 filter ACTIVE (price 50.8 > SMA200 45.01 → PASS), Breakout state: "HOLD"

==============================
BUY   DELL_GoogleFinance_AutoUpToDate
DATE  2021-12-09T00:00:00Z
PRICE 52.39
--- REASONS ---
[BUY_REASON] RSI2 = 0.0 (below oversold 20 → TRIGGERED), RSI3 = 11.27 (below oversold 20 → TRIGGERED), ATR available (1.41)
[BUY_FILTERS] SMA200 filter ACTIVE (price 52.39 > SMA200 46.05 → PASS), Breakout state: "HOLD"

==============================
BUY   DELL_GoogleFinance_AutoUpToDate
DATE  2021-12-31T00:00:00Z
PRICE 51.04
--- REASONS ---
[BUY_REASON] RSI2 = 0.0 (below oversold 20 → TRIGGERED), RSI3 = 10.2 (below oversold 20 → TRIGGERED), ATR available (1.07)
[BUY_FILTERS] SMA200 filter ACTIVE (price 51.04 > SMA200 46.88 → PASS), Breakout state: "HOLD"

==============================
BUY   DELL_GoogleFinance_AutoUpToDate
DATE  2022-01-19T00:00:00Z
PRICE 52.67
--- REASONS ---
[BUY_REASON] RSI2 = 0.0 (below oversold 20 → TRIGGERED), RSI3 = 12.29 (below oversold 20 → TRIGGERED), ATR available (1.19)
[BUY_FILTERS] SMA200 filter ACTIVE (price 52.67 > SMA200 47.66 → PASS), Breakout state: "HOLD"

==============================
BUY   DELL_GoogleFinance_AutoUpToDate
DATE  2023-04-21T00:00:00Z
PRICE 40.45
--- REASONS ---
[BUY_REASON] RSI2 = 17.27 (below oversold 20 → TRIGGERED), RSI3 = 6.86 (below oversold 20 → TRIGGERED), ATR available (0.99)
[BUY_FILTERS] SMA200 filter ACTIVE (price 40.45 > SMA200 37.87 → PASS), Breakout state: "HOLD"

==============================
BUY   DELL_GoogleFinance_AutoUpToDate
DATE  2023-05-11T00:00:00Z
PRICE 42.30
--- REASONS ---
[BUY_REASON] RSI2 = 0.0 (below oversold 20 → TRIGGERED), RSI3 = 0.0 (below oversold 20 → TRIGGERED), ATR available (1.0)
[BUY_FILTERS] SMA200 filter ACTIVE (price 42.3 > SMA200 38.01 → PASS), Breakout state: "HOLD"

==============================
BUY   DELL_GoogleFinance_AutoUpToDate
DATE  2023-05-24T00:00:00Z
PRICE 43.45
--- REASONS ---
[BUY_REASON] RSI2 = 0.0 (below oversold 20 → TRIGGERED), RSI3 = 0.0 (below oversold 20 → TRIGGERED), ATR available (1.1)
[BUY_FILTERS] SMA200 filter ACTIVE (price 43.45 > SMA200 38.11 → PASS), Breakout state: "HOLD"

==============================
BUY   DELL_GoogleFinance_AutoUpToDate
DATE  2023-07-07T00:00:00Z
PRICE 50.66
--- REASONS ---
[BUY_REASON] RSI2 = 0.0 (below oversold 20 → TRIGGERED), RSI3 = 0.0 (below oversold 20 → TRIGGERED), ATR available (1.02)
[BUY_FILTERS] SMA200 filter ACTIVE (price 50.66 > SMA200 39.24 → PASS), Breakout state: "HOLD"

==============================
BUY   DELL_GoogleFinance_AutoUpToDate
DATE  2023-07-18T00:00:00Z
PRICE 50.94
--- REASONS ---
[BUY_REASON] RSI2 = 0.0 (below oversold 20 → TRIGGERED), RSI3 = 0.0 (below oversold 20 → TRIGGERED), ATR available (1.2)
[BUY_FILTERS] SMA200 filter ACTIVE (price 50.94 > SMA200 39.9 → PASS), Breakout state: "HOLD"

==============================
BUY   DELL_GoogleFinance_AutoUpToDate
DATE  2023-07-28T00:00:00Z
PRICE 50.13
--- REASONS ---
[BUY_REASON] RSI2 = 0.0 (below oversold 20 → TRIGGERED), RSI3 = 0.0 (below oversold 20 → TRIGGERED), ATR available (1.13)
[BUY_FILTERS] SMA200 filter ACTIVE (price 50.13 > SMA200 40.63 → PASS), Breakout state: "HOLD"

==============================
BUY   DELL_GoogleFinance_AutoUpToDate
DATE  2023-08-16T00:00:00Z
PRICE 52.62
--- REASONS ---
[BUY_REASON] RSI2 = 0.0 (below oversold 20 → TRIGGERED), RSI3 = 0.0 (below oversold 20 → TRIGGERED), ATR available (1.46)
[BUY_FILTERS] SMA200 filter ACTIVE (price 52.62 > SMA200 41.89 → PASS), Breakout state: "HOLD"

==============================
BUY   DELL_GoogleFinance_AutoUpToDate
DATE  2023-09-27T00:00:00Z
PRICE 64.75
--- REASONS ---
[BUY_REASON] RSI2 = 0.0 (below oversold 20 → TRIGGERED), RSI3 = 0.0 (below oversold 20 → TRIGGERED), ATR available (1.6)
[BUY_FILTERS] SMA200 filter ACTIVE (price 64.75 > SMA200 45.17 → PASS), Breakout state: "HOLD"

==============================
BUY   DELL_GoogleFinance_AutoUpToDate
DATE  2023-10-05T00:00:00Z
PRICE 63.07
--- REASONS ---
[BUY_REASON] RSI2 = 0.0 (below oversold 20 → TRIGGERED), RSI3 = 0.0 (below oversold 20 → TRIGGERED), ATR available (1.6)
[BUY_FILTERS] SMA200 filter ACTIVE (price 63.07 > SMA200 45.95 → PASS), Breakout state: "HOLD"

==============================
BUY   DELL_GoogleFinance_AutoUpToDate
DATE  2023-10-16T00:00:00Z
PRICE 64.57
--- REASONS ---
[BUY_REASON] RSI2 = 0.0 (below oversold 20 → TRIGGERED), RSI3 = 0.0 (below oversold 20 → TRIGGERED), ATR available (1.79)
[BUY_FILTERS] SMA200 filter ACTIVE (price 64.57 > SMA200 46.95 → PASS), Breakout state: "HOLD"

==============================
BUY   DELL_GoogleFinance_AutoUpToDate
DATE  2023-11-16T00:00:00Z
PRICE 69.51
--- REASONS ---
[BUY_REASON] RSI2 = 0.0 (below oversold 20 → TRIGGERED), RSI3 = 8.16 (below oversold 20 → TRIGGERED), ATR available (1.47)
[BUY_FILTERS] SMA200 filter ACTIVE (price 69.51 > SMA200 50.21 → PASS), Breakout state: "HOLD"

==============================
BUY   DELL_GoogleFinance_AutoUpToDate
DATE  2023-11-28T00:00:00Z
PRICE 70.94
--- REASONS ---
[BUY_REASON] RSI2 = 10.42 (below oversold 20 → TRIGGERED), RSI3 = 6.67 (below oversold 20 → TRIGGERED), ATR available (1.32)
[BUY_FILTERS] SMA200 filter ACTIVE (price 70.94 > SMA200 51.31 → PASS), Breakout state: "HOLD"

==============================
BUY   DELL_GoogleFinance_AutoUpToDate
DATE  2023-12-06T00:00:00Z
PRICE 64.81
--- REASONS ---
[BUY_REASON] RSI2 = 0.0 (below oversold 20 → TRIGGERED), RSI3 = 0.0 (below oversold 20 → TRIGGERED), ATR available (1.9)
[BUY_FILTERS] SMA200 filter ACTIVE (price 64.81 > SMA200 52.16 → PASS), Breakout state: "HOLD"

==============================
BUY   DELL_GoogleFinance_AutoUpToDate
DATE  2024-01-02T00:00:00Z
PRICE 71.67
--- REASONS ---
[BUY_REASON] RSI2 = 0.0 (below oversold 20 → TRIGGERED), RSI3 = 0.0 (below oversold 20 → TRIGGERED), ATR available (1.52)
[BUY_FILTERS] SMA200 filter ACTIVE (price 71.67 > SMA200 54.99 → PASS), Breakout state: "HOLD"

==============================
BUY   DELL_GoogleFinance_AutoUpToDate
DATE  2024-01-17T00:00:00Z
PRICE 74.42
--- REASONS ---
[BUY_REASON] RSI2 = 10.14 (below oversold 20 → TRIGGERED), RSI3 = 8.5 (below oversold 20 → TRIGGERED), ATR available (1.62)
[BUY_FILTERS] SMA200 filter ACTIVE (price 74.42 > SMA200 56.92 → PASS), Breakout state: "HOLD"

==============================
BUY   DELL_GoogleFinance_AutoUpToDate
DATE  2024-02-06T00:00:00Z
PRICE 79.59
--- REASONS ---
[BUY_REASON] RSI2 = 0.0 (below oversold 20 → TRIGGERED), RSI3 = 12.92 (below oversold 20 → TRIGGERED), ATR available (2.56)
[BUY_FILTERS] SMA200 filter ACTIVE (price 79.59 > SMA200 59.77 → PASS), Breakout state: "HOLD"

==============================
BUY   DELL_GoogleFinance_AutoUpToDate
DATE  2024-03-06T00:00:00Z
PRICE 114.07
--- REASONS ---
[BUY_REASON] RSI2 = 15.69 (below oversold 20 → TRIGGERED), RSI3 = 9.88 (below oversold 20 → TRIGGERED), ATR available (6.48)
[BUY_FILTERS] SMA200 filter ACTIVE (price 114.07 > SMA200 64.59 → PASS), Breakout state: "HOLD"

==============================
BUY   DELL_GoogleFinance_AutoUpToDate
DATE  2024-03-14T00:00:00Z
PRICE 102.47
--- REASONS ---
[BUY_REASON] RSI2 = 0.0 (below oversold 20 → TRIGGERED), RSI3 = 0.0 (below oversold 20 → TRIGGERED), ATR available (6.83)
[BUY_FILTERS] SMA200 filter ACTIVE (price 102.47 > SMA200 66.53 → PASS), Breakout state: "HOLD"

==============================
BUY   DELL_GoogleFinance_AutoUpToDate
DATE  2024-04-10T00:00:00Z
PRICE 118.76
--- REASONS ---
[BUY_REASON] RSI2 = 0.0 (below oversold 20 → TRIGGERED), RSI3 = 0.0 (below oversold 20 → TRIGGERED), ATR available (5.7)
[BUY_FILTERS] SMA200 filter ACTIVE (price 118.76 > SMA200 72.59 → PASS), Breakout state: "HOLD"

==============================
BUY   DELL_GoogleFinance_AutoUpToDate
DATE  2024-04-19T00:00:00Z
PRICE 110.58
--- REASONS ---
[BUY_REASON] RSI2 = 0.0 (below oversold 20 → TRIGGERED), RSI3 = 0.0 (below oversold 20 → TRIGGERED), ATR available (6.16)
[BUY_FILTERS] SMA200 filter ACTIVE (price 110.58 > SMA200 74.85 → PASS), Breakout state: "HOLD"

==============================
BUY   DELL_GoogleFinance_AutoUpToDate
DATE  2024-06-03T00:00:00Z
PRICE 127.58
--- REASONS ---
[BUY_REASON] RSI2 = 0.0 (below oversold 20 → TRIGGERED), RSI3 = 0.0 (below oversold 20 → TRIGGERED), ATR available (11.79)
[BUY_FILTERS] SMA200 filter ACTIVE (price 127.58 > SMA200 87.03 → PASS), Breakout state: "HOLD"

==============================
BUY   DELL_GoogleFinance_AutoUpToDate
DATE  2024-06-24T00:00:00Z
PRICE 132.93
--- REASONS ---
[BUY_REASON] RSI2 = 0.0 (below oversold 20 → TRIGGERED), RSI3 = 0.0 (below oversold 20 → TRIGGERED), ATR available (7.08)
[BUY_FILTERS] SMA200 filter ACTIVE (price 132.93 > SMA200 92.41 → PASS), Breakout state: "HOLD"

==============================
BUY   DELL_GoogleFinance_AutoUpToDate
DATE  2024-07-11T00:00:00Z
PRICE 135.98
--- REASONS ---
[BUY_REASON] RSI2 = 0.59 (below oversold 20 → TRIGGERED), RSI3 = 0.56 (below oversold 20 → TRIGGERED), ATR available (6.25)
[BUY_FILTERS] SMA200 filter ACTIVE (price 135.98 > SMA200 96.63 → PASS), Breakout state: "HOLD"

==============================
BUY   DELL_GoogleFinance_AutoUpToDate
DATE  2024-08-29T00:00:00Z
PRICE 107.39
--- REASONS ---
[BUY_REASON] RSI2 = 0.0 (below oversold 20 → TRIGGERED), RSI3 = 14.5 (below oversold 20 → TRIGGERED), ATR available (4.44)
[BUY_FILTERS] SMA200 filter ACTIVE (price 107.39 > SMA200 104.18 → PASS), Breakout state: "HOLD"

==============================
BUY   DELL_GoogleFinance_AutoUpToDate
DATE  2024-10-01T00:00:00Z
PRICE 109.74
--- REASONS ---
[BUY_REASON] RSI2 = 0.0 (below oversold 20 → TRIGGERED), RSI3 = 0.0 (below oversold 20 → TRIGGERED), ATR available (3.86)
[BUY_FILTERS] SMA200 filter ACTIVE (price 109.74 > SMA200 108.74 → PASS), Breakout state: "HOLD"

==============================
BUY   DELL_GoogleFinance_AutoUpToDate
DATE  2024-10-22T00:00:00Z
PRICE 117.19
--- REASONS ---
[BUY_REASON] RSI2 = 0.0 (below oversold 20 → TRIGGERED), RSI3 = 0.0 (below oversold 20 → TRIGGERED), ATR available (3.7)
[BUY_FILTERS] SMA200 filter ACTIVE (price 117.19 > SMA200 112.32 → PASS), Breakout state: "HOLD"

==============================
BUY   DELL_GoogleFinance_AutoUpToDate
DATE  2024-11-14T00:00:00Z
PRICE 130.84
--- REASONS ---
[BUY_REASON] RSI2 = 0.0 (below oversold 20 → TRIGGERED), RSI3 = 0.0 (below oversold 20 → TRIGGERED), ATR available (5.48)
[BUY_FILTERS] SMA200 filter ACTIVE (price 130.84 > SMA200 116.44 → PASS), Breakout state: "HOLD"

==============================
BUY   DELL_GoogleFinance_AutoUpToDate
DATE  2024-11-27T00:00:00Z
PRICE 121.06
--- REASONS ---
[BUY_REASON] RSI2 = 0.0 (below oversold 20 → TRIGGERED), RSI3 = 0.0 (below oversold 20 → TRIGGERED), ATR available (5.93)
[BUY_FILTERS] SMA200 filter ACTIVE (price 121.06 > SMA200 118.74 → PASS), Breakout state: "HOLD"

==============================
BUY   DELL_GoogleFinance_AutoUpToDate
DATE  2024-12-09T00:00:00Z
PRICE 120.51
--- REASONS ---
[BUY_REASON] RSI2 = 19.71 (below oversold 20 → TRIGGERED), RSI3 = 13.18 (below oversold 20 → TRIGGERED), ATR available (5.29)
[BUY_FILTERS] SMA200 filter ACTIVE (price 120.51 > SMA200 120.15 → PASS), Breakout state: "HOLD"

==============================
BUY   DELL_GoogleFinance_AutoUpToDate
DATE  2025-05-21T00:00:00Z
PRICE 110.05
--- REASONS ---
[BUY_REASON] RSI2 = 0.0 (below oversold 20 → TRIGGERED), RSI3 = 3.69 (below oversold 20 → TRIGGERED), ATR available (3.5)
[BUY_FILTERS] SMA200 filter ACTIVE (price 110.05 > SMA200 107.68 → PASS), Breakout state: "HOLD"

==============================
BUY   DELL_GoogleFinance_AutoUpToDate
DATE  2025-05-30T00:00:00Z
PRICE 109.40
--- REASONS ---
[BUY_REASON] RSI2 = 0.0 (below oversold 20 → TRIGGERED), RSI3 = 0.0 (below oversold 20 → TRIGGERED), ATR available (4.03)
[BUY_FILTERS] SMA200 filter ACTIVE (price 109.4 > SMA200 108.29 → PASS), Breakout state: "HOLD"

==============================
BUY   DELL_GoogleFinance_AutoUpToDate
DATE  2025-06-11T00:00:00Z
PRICE 109.37
--- REASONS ---
[BUY_REASON] RSI2 = 0.0 (below oversold 20 → TRIGGERED), RSI3 = 13.62 (below oversold 20 → TRIGGERED), ATR available (3.64)
[BUY_FILTERS] SMA200 filter ACTIVE (price 109.37 > SMA200 108.49 → PASS), Breakout state: "HOLD"

==============================
BUY   DELL_GoogleFinance_AutoUpToDate
DATE  2025-07-01T00:00:00Z
PRICE 119.68
--- REASONS ---
[BUY_REASON] RSI2 = 0.0 (below oversold 20 → TRIGGERED), RSI3 = 0.0 (below oversold 20 → TRIGGERED), ATR available (3.64)
[BUY_FILTERS] SMA200 filter ACTIVE (price 119.68 > SMA200 109.17 → PASS), Breakout state: "HOLD"

==============================
BUY   DELL_GoogleFinance_AutoUpToDate
DATE  2025-07-15T00:00:00Z
PRICE 123.58
--- REASONS ---
[BUY_REASON] RSI2 = 1.69 (below oversold 20 → TRIGGERED), RSI3 = 0.88 (below oversold 20 → TRIGGERED), ATR available (3.21)
[BUY_FILTERS] SMA200 filter ACTIVE (price 123.58 > SMA200 109.66 → PASS), Breakout state: "HOLD"

==============================
BUY   DELL_GoogleFinance_AutoUpToDate
DATE  2025-07-31T00:00:00Z
PRICE 131.01
--- REASONS ---
[BUY_REASON] RSI2 = 3.41 (below oversold 20 → TRIGGERED), RSI3 = 2.44 (below oversold 20 → TRIGGERED), ATR available (3.73)
[BUY_FILTERS] SMA200 filter ACTIVE (price 131.01 > SMA200 110.35 → PASS), Breakout state: "HOLD"

==============================
BUY   DELL_GoogleFinance_AutoUpToDate
DATE  2025-08-15T00:00:00Z
PRICE 136.53
--- REASONS ---
[BUY_REASON] RSI2 = 0.0 (below oversold 20 → TRIGGERED), RSI3 = 0.0 (below oversold 20 → TRIGGERED), ATR available (4.43)
[BUY_FILTERS] SMA200 filter ACTIVE (price 136.53 > SMA200 111.01 → PASS), Breakout state: "HOLD"

==============================
BUY   DELL_GoogleFinance_AutoUpToDate
DATE  2025-09-09T00:00:00Z
PRICE 119.75
--- REASONS ---
[BUY_REASON] RSI2 = 0.0 (below oversold 20 → TRIGGERED), RSI3 = 0.0 (below oversold 20 → TRIGGERED), ATR available (4.5)
[BUY_FILTERS] SMA200 filter ACTIVE (price 119.75 > SMA200 110.86 → PASS), Breakout state: "HOLD"

==============================
BUY   DELL_GoogleFinance_AutoUpToDate
DATE  2025-09-25T00:00:00Z
PRICE 129.30
--- REASONS ---
[BUY_REASON] RSI2 = 0.0 (below oversold 20 → TRIGGERED), RSI3 = 0.0 (below oversold 20 → TRIGGERED), ATR available (3.97)
[BUY_FILTERS] SMA200 filter ACTIVE (price 129.3 > SMA200 110.8 → PASS), Breakout state: "HOLD"

==============================
BUY   DELL_GoogleFinance_AutoUpToDate
DATE  2025-10-20T00:00:00Z
PRICE 146.00
--- REASONS ---
[BUY_REASON] RSI2 = 0.0 (below oversold 20 → TRIGGERED), RSI3 = 0.0 (below oversold 20 → TRIGGERED), ATR available (7.95)
[BUY_FILTERS] SMA200 filter ACTIVE (price 146.0 > SMA200 113.47 → PASS), Breakout state: "HOLD"

==============================
BUY   DELL_GoogleFinance_AutoUpToDate
DATE  2025-11-04T00:00:00Z
PRICE 153.22
--- REASONS ---
[BUY_REASON] RSI2 = 0.0 (below oversold 20 → TRIGGERED), RSI3 = 11.95 (below oversold 20 → TRIGGERED), ATR available (5.74)
[BUY_FILTERS] SMA200 filter ACTIVE (price 153.22 > SMA200 115.94 → PASS), Breakout state: "HOLD"

==============================
BUY   DELL_GoogleFinance_AutoUpToDate
DATE  2025-11-18T00:00:00Z
PRICE 121.56
--- REASONS ---
[BUY_REASON] RSI2 = 1.83 (below oversold 20 → TRIGGERED), RSI3 = 1.8 (below oversold 20 → TRIGGERED), ATR available (7.03)
[BUY_FILTERS] SMA200 filter ACTIVE (price 121.56 > SMA200 117.56 → PASS), Breakout state: "HOLD"

==============================
BUY   DELL_GoogleFinance_AutoUpToDate
DATE  2025-12-12T00:00:00Z
PRICE 128.79
--- REASONS ---
[BUY_REASON] RSI2 = 0.0 (below oversold 20 → TRIGGERED), RSI3 = 18.45 (below oversold 20 → TRIGGERED), ATR available (5.46)
[BUY_FILTERS] SMA200 filter ACTIVE (price 128.79 > SMA200 119.37 → PASS), Breakout state: "HOLD"

==============================
BUY   DELL_GoogleFinance_AutoUpToDate
DATE  2025-12-31T00:00:00Z
PRICE 124.72
--- REASONS ---
[BUY_REASON] RSI2 = 18.4 (below oversold 20 → TRIGGERED), RSI3 = 10.75 (below oversold 20 → TRIGGERED), ATR available (4.21)
[BUY_FILTERS] SMA200 filter ACTIVE (price 124.72 > SMA200 121.42 → PASS), Breakout state: "HOLD"

==============================
BUY   DELL_GoogleFinance_AutoUpToDate
DATE  2026-03-10T00:00:00Z
PRICE 143.15
--- REASONS ---
[BUY_REASON] RSI2 = 1.09 (below oversold 20 → TRIGGERED), RSI3 = 1.08 (below oversold 20 → TRIGGERED), ATR available (8.0)
[BUY_FILTERS] SMA200 filter ACTIVE (price 143.15 > SMA200 128.66 → PASS), Breakout state: "HOLD"

==============================
BUY   DELL_GoogleFinance_AutoUpToDate
DATE  2026-04-29T00:00:00Z
PRICE 205.34
--- REASONS ---
[BUY_REASON] RSI2 = 0.0 (below oversold 20 → TRIGGERED), RSI3 = 0.0 (below oversold 20 → TRIGGERED), ATR available (9.53)
[BUY_FILTERS] SMA200 filter ACTIVE (price 205.34 > SMA200 139.74 → PASS), Breakout state: "HOLD"

==============================
BUY   DELL_GoogleFinance_AutoUpToDate
DATE  2026-05-19T00:00:00Z
PRICE 234.89
--- REASONS ---
[BUY_REASON] RSI2 = 0.0 (below oversold 20 → TRIGGERED), RSI3 = 0.0 (below oversold 20 → TRIGGERED), ATR available (14.36)
[BUY_FILTERS] SMA200 filter ACTIVE (price 234.89 > SMA200 147.16 → PASS), Breakout state: "HOLD"

==============================
BUY   DELL_GoogleFinance_AutoUpToDate
DATE  2026-06-04T00:00:00Z
PRICE 421.39
--- REASONS ---
[BUY_REASON] RSI2 = 6.38 (below oversold 20 → TRIGGERED), RSI3 = 2.12 (below oversold 20 → TRIGGERED), ATR available (29.52)
[BUY_FILTERS] SMA200 filter ACTIVE (price 421.39 > SMA200 159.17 → PASS), Breakout state: "HOLD"

==============================
BUY   DELL_GoogleFinance_AutoUpToDate
DATE  2026-06-26T00:00:00Z
PRICE 398.87
--- REASONS ---
[BUY_REASON] RSI2 = 0.0 (below oversold 20 → TRIGGERED), RSI3 = 15.37 (below oversold 20 → TRIGGERED), ATR available (30.6)
[BUY_FILTERS] SMA200 filter ACTIVE (price 398.87 > SMA200 180.0 → PASS), Breakout state: "HOLD"

==============================
BUY   DELL_GoogleFinance_AutoUpToDate
DATE  2026-07-17T00:00:00Z
PRICE 395.72
--- REASONS ---
[BUY_REASON] RSI2 = 18.89 (below oversold 20 → TRIGGERED), RSI3 = 6.97 (below oversold 20 → TRIGGERED), ATR available (33.26)
[BUY_FILTERS] SMA200 filter ACTIVE (price 395.72 > SMA200 200.45 → PASS), Breakout state: "HOLD"

==============================
BUY   DELL_GoogleFinance_AutoUpToDate
DATE  2026-07-27T00:00:00Z
PRICE 426.91
--- REASONS ---
[BUY_REASON] RSI2 = 0.0 (below oversold 20 → TRIGGERED), RSI3 = 0.0 (below oversold 20 → TRIGGERED), ATR available (31.52)
[BUY_FILTERS] SMA200 filter ACTIVE (price 426.91 > SMA200 208.78 → PASS), Breakout state: "HOLD"

==============================
BUY   NVDA_GoogleFinance_AutoUpToDate
DATE  2020-01-27T00:00:00Z
PRICE 5.97
--- REASONS ---
[BUY_REASON] RSI2 = 17.85 (below oversold 18 → TRIGGERED), RSI3 = 0.0 (below oversold 18 → TRIGGERED), ATR available (0.16)
[BUY_FILTERS] SMA0 filter ACTIVE (price 5.97 > SMA0 4.62 → PASS), Breakout state: "HOLD"

==============================
BUY   NVDA_GoogleFinance_AutoUpToDate
DATE  2020-02-24T00:00:00Z
PRICE 6.79
--- REASONS ---
[BUY_REASON] RSI2 = 0.0 (below oversold 18 → TRIGGERED), RSI3 = 0.0 (below oversold 18 → TRIGGERED), ATR available (0.3)
[BUY_FILTERS] SMA0 filter ACTIVE (price 6.79 > SMA0 4.81 → PASS), Breakout state: "HOLD"

==============================
BUY   NVDA_GoogleFinance_AutoUpToDate
DATE  2020-04-21T00:00:00Z
PRICE 6.70
--- REASONS ---
[BUY_REASON] RSI2 = 0.0 (below oversold 18 → TRIGGERED), RSI3 = 0.0 (below oversold 18 → TRIGGERED), ATR available (0.39)
[BUY_FILTERS] SMA0 filter ACTIVE (price 6.7 > SMA0 5.33 → PASS), Breakout state: "HOLD"

==============================
BUY   NVDA_GoogleFinance_AutoUpToDate
DATE  2020-05-28T00:00:00Z
PRICE 8.44
--- REASONS ---
[BUY_REASON] RSI2 = 0.0 (below oversold 18 → TRIGGERED), RSI3 = 0.0 (below oversold 18 → TRIGGERED), ATR available (0.4)
[BUY_FILTERS] SMA0 filter ACTIVE (price 8.44 > SMA0 5.82 → PASS), Breakout state: "HOLD"

==============================
BUY   NVDA_GoogleFinance_AutoUpToDate
DATE  2020-08-11T00:00:00Z
PRICE 10.80
--- REASONS ---
[BUY_REASON] RSI2 = 0.0 (below oversold 18 → TRIGGERED), RSI3 = 0.0 (below oversold 18 → TRIGGERED), ATR available (0.36)
[BUY_FILTERS] SMA0 filter ACTIVE (price 10.8 > SMA0 7.23 → PASS), Breakout state: "HOLD"

==============================
BUY   NVDA_GoogleFinance_AutoUpToDate
DATE  2020-08-20T00:00:00Z
PRICE 12.09
--- REASONS ---
[BUY_REASON] RSI2 = 1.24 (below oversold 18 → TRIGGERED), RSI3 = 2.0 (below oversold 18 → TRIGGERED), ATR available (0.41)
[BUY_FILTERS] SMA0 filter ACTIVE (price 12.09 > SMA0 7.46 → PASS), Breakout state: "HOLD"

==============================
BUY   NVDA_GoogleFinance_AutoUpToDate
DATE  2020-09-18T00:00:00Z
PRICE 12.14
--- REASONS ---
[BUY_REASON] RSI2 = 0.0 (below oversold 18 → TRIGGERED), RSI3 = 0.0 (below oversold 18 → TRIGGERED), ATR available (0.84)
[BUY_FILTERS] SMA0 filter ACTIVE (price 12.14 > SMA0 8.21 → PASS), Breakout state: "HOLD"

==============================
BUY   NVDA_GoogleFinance_AutoUpToDate
DATE  2020-10-15T00:00:00Z
PRICE 13.91
--- REASONS ---
[BUY_REASON] RSI2 = 7.4 (below oversold 18 → TRIGGERED), RSI3 = 0.0 (below oversold 18 → TRIGGERED), ATR available (0.41)
[BUY_FILTERS] SMA0 filter ACTIVE (price 13.91 > SMA0 8.95 → PASS), Breakout state: "HOLD"

==============================
BUY   NVDA_GoogleFinance_AutoUpToDate
DATE  2020-11-20T00:00:00Z
PRICE 13.03
--- REASONS ---
[BUY_REASON] RSI2 = 4.86 (below oversold 18 → TRIGGERED), RSI3 = 3.16 (below oversold 18 → TRIGGERED), ATR available (0.6)
[BUY_FILTERS] SMA0 filter ACTIVE (price 13.03 > SMA0 9.88 → PASS), Breakout state: "HOLD"

==============================
BUY   NVDA_GoogleFinance_AutoUpToDate
DATE  2020-12-10T00:00:00Z
PRICE 12.92
--- REASONS ---
[BUY_REASON] RSI2 = 5.78 (below oversold 18 → TRIGGERED), RSI3 = 9.01 (below oversold 18 → TRIGGERED), ATR available (0.33)
[BUY_FILTERS] SMA0 filter ACTIVE (price 12.92 > SMA0 10.29 → PASS), Breakout state: "HOLD"

==============================
BUY   NVDA_GoogleFinance_AutoUpToDate
DATE  2020-12-23T00:00:00Z
PRICE 12.96
--- REASONS ---
[BUY_REASON] RSI2 = 15.72 (below oversold 18 → TRIGGERED), RSI3 = 0.0 (below oversold 18 → TRIGGERED), ATR available (0.29)
[BUY_FILTERS] SMA0 filter ACTIVE (price 12.96 > SMA0 10.59 → PASS), Breakout state: "HOLD"

==============================
BUY   NVDA_GoogleFinance_AutoUpToDate
DATE  2021-01-14T00:00:00Z
PRICE 13.15
--- REASONS ---
[BUY_REASON] RSI2 = 9.12 (below oversold 18 → TRIGGERED), RSI3 = 12.42 (below oversold 18 → TRIGGERED), ATR available (0.43)
[BUY_FILTERS] SMA0 filter ACTIVE (price 13.15 > SMA0 11.1 → PASS), Breakout state: "HOLD"

==============================
BUY   NVDA_GoogleFinance_AutoUpToDate
DATE  2021-01-26T00:00:00Z
PRICE 13.38
--- REASONS ---
[BUY_REASON] RSI2 = 0.0 (below oversold 18 → TRIGGERED), RSI3 = 0.0 (below oversold 18 → TRIGGERED), ATR available (0.48)
[BUY_FILTERS] SMA0 filter ACTIVE (price 13.38 > SMA0 11.35 → PASS), Breakout state: "HOLD"

==============================
BUY   NVDA_GoogleFinance_AutoUpToDate
DATE  2021-02-22T00:00:00Z
PRICE 14.30
--- REASONS ---
[BUY_REASON] RSI2 = 13.08 (below oversold 18 → TRIGGERED), RSI3 = 14.59 (below oversold 18 → TRIGGERED), ATR available (0.47)
[BUY_FILTERS] SMA0 filter ACTIVE (price 14.3 > SMA0 11.97 → PASS), Breakout state: "HOLD"

==============================
BUY   NVDA_GoogleFinance_AutoUpToDate
DATE  2021-03-05T00:00:00Z
PRICE 12.41
--- REASONS ---
[BUY_REASON] RSI2 = 8.09 (below oversold 18 → TRIGGERED), RSI3 = 17.36 (below oversold 18 → TRIGGERED), ATR available (0.66)
[BUY_FILTERS] SMA0 filter ACTIVE (price 12.41 > SMA0 12.21 → PASS), Breakout state: "HOLD"

==============================
BUY   NVDA_GoogleFinance_AutoUpToDate
DATE  2021-03-25T00:00:00Z
PRICE 12.49
--- REASONS ---
[BUY_REASON] RSI2 = 0.0 (below oversold 18 → TRIGGERED), RSI3 = 0.0 (below oversold 18 → TRIGGERED), ATR available (0.53)
[BUY_FILTERS] SMA0 filter ACTIVE (price 12.49 > SMA0 12.49 → PASS), Breakout state: "HOLD"

==============================
BUY   NVDA_GoogleFinance_AutoUpToDate
DATE  2021-04-20T00:00:00Z
PRICE 15.12
--- REASONS ---
[BUY_REASON] RSI2 = 0.0 (below oversold 18 → TRIGGERED), RSI3 = 0.0 (below oversold 18 → TRIGGERED), ATR available (0.53)
[BUY_FILTERS] SMA0 filter ACTIVE (price 15.12 > SMA0 12.92 → PASS), Breakout state: "HOLD"

==============================
BUY   NVDA_GoogleFinance_AutoUpToDate
DATE  2021-06-09T00:00:00Z
PRICE 17.30
--- REASONS ---
[BUY_REASON] RSI2 = 13.7 (below oversold 18 → TRIGGERED), RSI3 = 0.0 (below oversold 18 → TRIGGERED), ATR available (0.53)
[BUY_FILTERS] SMA0 filter ACTIVE (price 17.3 > SMA0 13.7 → PASS), Breakout state: "HOLD"

==============================
BUY   NVDA_GoogleFinance_AutoUpToDate
DATE  2021-07-27T00:00:00Z
PRICE 19.14
--- REASONS ---
[BUY_REASON] RSI2 = 0.0 (below oversold 18 → TRIGGERED), RSI3 = 0.0 (below oversold 18 → TRIGGERED), ATR available (0.71)
[BUY_FILTERS] SMA0 filter ACTIVE (price 19.14 > SMA0 14.74 → PASS), Breakout state: "HOLD"

==============================
BUY   NVDA_GoogleFinance_AutoUpToDate
DATE  2021-08-10T00:00:00Z
PRICE 19.87
--- REASONS ---
[BUY_REASON] RSI2 = 0.0 (below oversold 18 → TRIGGERED), RSI3 = 0.0 (below oversold 18 → TRIGGERED), ATR available (0.58)
[BUY_FILTERS] SMA0 filter ACTIVE (price 19.87 > SMA0 15.04 → PASS), Breakout state: "HOLD"

==============================
BUY   NVDA_GoogleFinance_AutoUpToDate
DATE  2021-09-09T00:00:00Z
PRICE 22.11
--- REASONS ---
[BUY_REASON] RSI2 = 0.0 (below oversold 18 → TRIGGERED), RSI3 = 0.0 (below oversold 18 → TRIGGERED), ATR available (0.61)
[BUY_FILTERS] SMA0 filter ACTIVE (price 22.11 > SMA0 15.89 → PASS), Breakout state: "HOLD"

==============================
BUY   NVDA_GoogleFinance_AutoUpToDate
DATE  2021-09-21T00:00:00Z
PRICE 21.18
--- REASONS ---
[BUY_REASON] RSI2 = 10.54 (below oversold 18 → TRIGGERED), RSI3 = 14.46 (below oversold 18 → TRIGGERED), ATR available (0.55)
[BUY_FILTERS] SMA0 filter ACTIVE (price 21.18 > SMA0 16.24 → PASS), Breakout state: "HOLD"

==============================
BUY   NVDA_GoogleFinance_AutoUpToDate
DATE  2021-10-12T00:00:00Z
PRICE 20.60
--- REASONS ---
[BUY_REASON] RSI2 = 0.0 (below oversold 18 → TRIGGERED), RSI3 = 0.0 (below oversold 18 → TRIGGERED), ATR available (0.69)
[BUY_FILTERS] SMA0 filter ACTIVE (price 20.6 > SMA0 16.82 → PASS), Breakout state: "HOLD"

==============================
BUY   NVDA_GoogleFinance_AutoUpToDate
DATE  2021-11-17T00:00:00Z
PRICE 29.17
--- REASONS ---
[BUY_REASON] RSI2 = 11.99 (below oversold 18 → TRIGGERED), RSI3 = 15.89 (below oversold 18 → TRIGGERED), ATR available (1.52)
[BUY_FILTERS] SMA0 filter ACTIVE (price 29.17 > SMA0 18.48 → PASS), Breakout state: "HOLD"

==============================
BUY   NVDA_GoogleFinance_AutoUpToDate
DATE  2021-12-10T00:00:00Z
PRICE 30.10
--- REASONS ---
[BUY_REASON] RSI2 = 0.0 (below oversold 18 → TRIGGERED), RSI3 = 0.0 (below oversold 18 → TRIGGERED), ATR available (1.82)
[BUY_FILTERS] SMA0 filter ACTIVE (price 30.1 > SMA0 19.87 → PASS), Breakout state: "HOLD"

==============================
BUY   NVDA_GoogleFinance_AutoUpToDate
DATE  2021-12-30T00:00:00Z
PRICE 29.49
--- REASONS ---
[BUY_REASON] RSI2 = 0.0 (below oversold 18 → TRIGGERED), RSI3 = 0.0 (below oversold 18 → TRIGGERED), ATR available (1.52)
[BUY_FILTERS] SMA0 filter ACTIVE (price 29.49 > SMA0 20.93 → PASS), Breakout state: "HOLD"

==============================
BUY   NVDA_GoogleFinance_AutoUpToDate
DATE  2023-03-13T00:00:00Z
PRICE 22.92
--- REASONS ---
[BUY_REASON] RSI2 = 0.08 (below oversold 18 → TRIGGERED), RSI3 = 0.21 (below oversold 18 → TRIGGERED), ATR available (0.98)
[BUY_FILTERS] SMA0 filter ACTIVE (price 22.92 > SMA0 16.66 → PASS), Breakout state: "HOLD"

==============================
BUY   NVDA_GoogleFinance_AutoUpToDate
DATE  2023-03-28T00:00:00Z
PRICE 26.36
--- REASONS ---
[BUY_REASON] RSI2 = 0.0 (below oversold 18 → TRIGGERED), RSI3 = 0.0 (below oversold 18 → TRIGGERED), ATR available (1.01)
[BUY_FILTERS] SMA0 filter ACTIVE (price 26.36 > SMA0 17.07 → PASS), Breakout state: "HOLD"

==============================
BUY   NVDA_GoogleFinance_AutoUpToDate
DATE  2023-04-13T00:00:00Z
PRICE 26.41
--- REASONS ---
[BUY_REASON] RSI2 = 0.0 (below oversold 18 → TRIGGERED), RSI3 = 0.0 (below oversold 18 → TRIGGERED), ATR available (0.74)
[BUY_FILTERS] SMA0 filter ACTIVE (price 26.41 > SMA0 17.66 → PASS), Breakout state: "HOLD"

==============================
BUY   NVDA_GoogleFinance_AutoUpToDate
DATE  2023-04-24T00:00:00Z
PRICE 26.99
--- REASONS ---
[BUY_REASON] RSI2 = 1.63 (below oversold 18 → TRIGGERED), RSI3 = 16.3 (below oversold 18 → TRIGGERED), ATR available (0.78)
[BUY_FILTERS] SMA0 filter ACTIVE (price 26.99 > SMA0 18.08 → PASS), Breakout state: "HOLD"

==============================
BUY   NVDA_GoogleFinance_AutoUpToDate
DATE  2023-05-04T00:00:00Z
PRICE 27.51
--- REASONS ---
[BUY_REASON] RSI2 = 0.0 (below oversold 18 → TRIGGERED), RSI3 = 0.0 (below oversold 18 → TRIGGERED), ATR available (0.85)
[BUY_FILTERS] SMA0 filter ACTIVE (price 27.51 > SMA0 18.56 → PASS), Breakout state: "HOLD"

==============================
BUY   NVDA_GoogleFinance_AutoUpToDate
DATE  2023-05-23T00:00:00Z
PRICE 30.63
--- REASONS ---
[BUY_REASON] RSI2 = 0.0 (below oversold 18 → TRIGGERED), RSI3 = 0.0 (below oversold 18 → TRIGGERED), ATR available (0.87)
[BUY_FILTERS] SMA0 filter ACTIVE (price 30.63 > SMA0 19.31 → PASS), Breakout state: "HOLD"

==============================
BUY   NVDA_GoogleFinance_AutoUpToDate
DATE  2023-06-06T00:00:00Z
PRICE 38.58
--- REASONS ---
[BUY_REASON] RSI2 = 0.0 (below oversold 18 → TRIGGERED), RSI3 = 0.0 (below oversold 18 → TRIGGERED), ATR available (1.95)
[BUY_FILTERS] SMA0 filter ACTIVE (price 38.58 > SMA0 20.2 → PASS), Breakout state: "HOLD"

==============================
BUY   NVDA_GoogleFinance_AutoUpToDate
DATE  2023-06-23T00:00:00Z
PRICE 42.13
--- REASONS ---
[BUY_REASON] RSI2 = 0.0 (below oversold 18 → TRIGGERED), RSI3 = 0.0 (below oversold 18 → TRIGGERED), ATR available (1.36)
[BUY_FILTERS] SMA0 filter ACTIVE (price 42.13 > SMA0 21.72 → PASS), Breakout state: "HOLD"

==============================
BUY   NVDA_GoogleFinance_AutoUpToDate
DATE  2023-07-21T00:00:00Z
PRICE 44.22
--- REASONS ---
[BUY_REASON] RSI2 = 0.0 (below oversold 18 → TRIGGERED), RSI3 = 0.0 (below oversold 18 → TRIGGERED), ATR available (1.48)
[BUY_FILTERS] SMA0 filter ACTIVE (price 44.22 > SMA0 24.61 → PASS), Breakout state: "HOLD"

==============================
BUY   NVDA_GoogleFinance_AutoUpToDate
DATE  2023-08-03T00:00:00Z
PRICE 44.43
--- REASONS ---
[BUY_REASON] RSI2 = 9.09 (below oversold 18 → TRIGGERED), RSI3 = 9.9 (below oversold 18 → TRIGGERED), ATR available (1.52)
[BUY_FILTERS] SMA0 filter ACTIVE (price 44.43 > SMA0 26.11 → PASS), Breakout state: "HOLD"

==============================
BUY   NVDA_GoogleFinance_AutoUpToDate
DATE  2023-08-18T00:00:00Z
PRICE 43.22
--- REASONS ---
[BUY_REASON] RSI2 = 0.0 (below oversold 18 → TRIGGERED), RSI3 = 0.0 (below oversold 18 → TRIGGERED), ATR available (1.73)
[BUY_FILTERS] SMA0 filter ACTIVE (price 43.22 > SMA0 27.8 → PASS), Breakout state: "HOLD"

==============================
BUY   NVDA_GoogleFinance_AutoUpToDate
DATE  2023-09-05T00:00:00Z
PRICE 48.46
--- REASONS ---
[BUY_REASON] RSI2 = 13.32 (below oversold 18 → TRIGGERED), RSI3 = 4.41 (below oversold 18 → TRIGGERED), ATR available (2.03)
[BUY_FILTERS] SMA0 filter ACTIVE (price 48.46 > SMA0 29.61 → PASS), Breakout state: "HOLD"

==============================
BUY   NVDA_GoogleFinance_AutoUpToDate
DATE  2023-09-18T00:00:00Z
PRICE 43.89
--- REASONS ---
[BUY_REASON] RSI2 = 8.79 (below oversold 18 → TRIGGERED), RSI3 = 3.78 (below oversold 18 → TRIGGERED), ATR available (1.58)
[BUY_FILTERS] SMA0 filter ACTIVE (price 43.89 > SMA0 30.93 → PASS), Breakout state: "HOLD"

==============================
BUY   NVDA_GoogleFinance_AutoUpToDate
DATE  2023-10-27T00:00:00Z
PRICE 40.43
--- REASONS ---
[BUY_REASON] RSI2 = 4.96 (below oversold 18 → TRIGGERED), RSI3 = 10.69 (below oversold 18 → TRIGGERED), ATR available (1.72)
[BUY_FILTERS] SMA0 filter ACTIVE (price 40.43 > SMA0 34.91 → PASS), Breakout state: "HOLD"

==============================
BUY   NVDA_GoogleFinance_AutoUpToDate
DATE  2023-11-24T00:00:00Z
PRICE 47.69
--- REASONS ---
[BUY_REASON] RSI2 = 0.0 (below oversold 18 → TRIGGERED), RSI3 = 0.0 (below oversold 18 → TRIGGERED), ATR available (1.32)
[BUY_FILTERS] SMA0 filter ACTIVE (price 47.69 > SMA0 37.5 → PASS), Breakout state: "HOLD"

==============================
BUY   NVDA_GoogleFinance_AutoUpToDate
DATE  2024-01-02T00:00:00Z
PRICE 48.08
--- REASONS ---
[BUY_REASON] RSI2 = 7.2 (below oversold 18 → TRIGGERED), RSI3 = 0.0 (below oversold 18 → TRIGGERED), ATR available (1.19)
[BUY_FILTERS] SMA0 filter ACTIVE (price 48.08 > SMA0 40.63 → PASS), Breakout state: "HOLD"

==============================
BUY   NVDA_GoogleFinance_AutoUpToDate
DATE  2024-02-20T00:00:00Z
PRICE 69.33
--- REASONS ---
[BUY_REASON] RSI2 = 0.0 (below oversold 18 → TRIGGERED), RSI3 = 0.0 (below oversold 18 → TRIGGERED), ATR available (2.74)
[BUY_FILTERS] SMA0 filter ACTIVE (price 69.33 > SMA0 46.38 → PASS), Breakout state: "HOLD"

==============================
BUY   NVDA_GoogleFinance_AutoUpToDate
DATE  2024-03-15T00:00:00Z
PRICE 87.69
--- REASONS ---
[BUY_REASON] RSI2 = 0.0 (below oversold 18 → TRIGGERED), RSI3 = 0.0 (below oversold 18 → TRIGGERED), ATR available (4.16)
[BUY_FILTERS] SMA0 filter ACTIVE (price 87.69 > SMA0 51.1 → PASS), Breakout state: "HOLD"

==============================
BUY   NVDA_GoogleFinance_AutoUpToDate
DATE  2024-03-27T00:00:00Z
PRICE 90.10
--- REASONS ---
[BUY_REASON] RSI2 = 13.05 (below oversold 18 → TRIGGERED), RSI3 = 0.0 (below oversold 18 → TRIGGERED), ATR available (4.51)
[BUY_FILTERS] SMA0 filter ACTIVE (price 90.1 > SMA0 53.21 → PASS), Breakout state: "HOLD"

==============================
BUY   NVDA_GoogleFinance_AutoUpToDate
DATE  2024-05-01T00:00:00Z
PRICE 82.90
--- REASONS ---
[BUY_REASON] RSI2 = 0.46 (below oversold 18 → TRIGGERED), RSI3 = 0.0 (below oversold 18 → TRIGGERED), ATR available (4.33)
[BUY_FILTERS] SMA0 filter ACTIVE (price 82.9 > SMA0 58.38 → PASS), Breakout state: "HOLD"

==============================
BUY   NVDA_GoogleFinance_AutoUpToDate
DATE  2024-05-31T00:00:00Z
PRICE 109.45
--- REASONS ---
[BUY_REASON] RSI2 = 15.11 (below oversold 18 → TRIGGERED), RSI3 = 0.0 (below oversold 18 → TRIGGERED), ATR available (4.34)
[BUY_FILTERS] SMA0 filter ACTIVE (price 109.45 > SMA0 63.82 → PASS), Breakout state: "HOLD"

==============================
BUY   NVDA_GoogleFinance_AutoUpToDate
DATE  2024-06-24T00:00:00Z
PRICE 117.92
--- REASONS ---
[BUY_REASON] RSI2 = 0.0 (below oversold 18 → TRIGGERED), RSI3 = 0.0 (below oversold 18 → TRIGGERED), ATR available (5.77)
[BUY_FILTERS] SMA0 filter ACTIVE (price 117.92 > SMA0 69.64 → PASS), Breakout state: "HOLD"

==============================
BUY   NVDA_GoogleFinance_AutoUpToDate
DATE  2024-08-29T00:00:00Z
PRICE 117.40
--- REASONS ---
[BUY_REASON] RSI2 = 14.66 (below oversold 18 → TRIGGERED), RSI3 = 0.0 (below oversold 18 → TRIGGERED), ATR available (5.8)
[BUY_FILTERS] SMA0 filter ACTIVE (price 117.4 > SMA0 87.48 → PASS), Breakout state: "HOLD"

==============================
BUY   NVDA_GoogleFinance_AutoUpToDate
DATE  2024-09-17T00:00:00Z
PRICE 115.41
--- REASONS ---
[BUY_REASON] RSI2 = 0.0 (below oversold 18 → TRIGGERED), RSI3 = 0.0 (below oversold 18 → TRIGGERED), ATR available (6.19)
[BUY_FILTERS] SMA0 filter ACTIVE (price 115.41 > SMA0 91.27 → PASS), Breakout state: "HOLD"

==============================
BUY   NVDA_GoogleFinance_AutoUpToDate
DATE  2024-09-30T00:00:00Z
PRICE 121.25
--- REASONS ---
[BUY_REASON] RSI2 = 17.76 (below oversold 18 → TRIGGERED), RSI3 = 1.49 (below oversold 18 → TRIGGERED), ATR available (4.77)
[BUY_FILTERS] SMA0 filter ACTIVE (price 121.25 > SMA0 94.54 → PASS), Breakout state: "HOLD"

==============================
BUY   NVDA_GoogleFinance_AutoUpToDate
DATE  2024-10-24T00:00:00Z
PRICE 140.19
--- REASONS ---
[BUY_REASON] RSI2 = 17.0 (below oversold 18 → TRIGGERED), RSI3 = 17.42 (below oversold 18 → TRIGGERED), ATR available (4.63)
[BUY_FILTERS] SMA0 filter ACTIVE (price 140.19 > SMA0 102.06 → PASS), Breakout state: "HOLD"

==============================
BUY   NVDA_GoogleFinance_AutoUpToDate
DATE  2024-11-15T00:00:00Z
PRICE 141.76
--- REASONS ---
[BUY_REASON] RSI2 = 6.72 (below oversold 18 → TRIGGERED), RSI3 = 9.3 (below oversold 18 → TRIGGERED), ATR available (4.57)
[BUY_FILTERS] SMA0 filter ACTIVE (price 141.76 > SMA0 108.71 → PASS), Breakout state: "HOLD"

==============================
BUY   NVDA_GoogleFinance_AutoUpToDate
DATE  2024-11-26T00:00:00Z
PRICE 136.71
--- REASONS ---
[BUY_REASON] RSI2 = 7.79 (below oversold 18 → TRIGGERED), RSI3 = 13.18 (below oversold 18 → TRIGGERED), ATR available (5.34)
[BUY_FILTERS] SMA0 filter ACTIVE (price 136.71 > SMA0 111.24 → PASS), Breakout state: "HOLD"

==============================
BUY   NVDA_GoogleFinance_AutoUpToDate
DATE  2024-12-09T00:00:00Z
PRICE 138.61
--- REASONS ---
[BUY_REASON] RSI2 = 0.0 (below oversold 18 → TRIGGERED), RSI3 = 0.0 (below oversold 18 → TRIGGERED), ATR available (5.16)
[BUY_FILTERS] SMA0 filter ACTIVE (price 138.61 > SMA0 113.93 → PASS), Breakout state: "HOLD"

==============================
BUY   NVDA_GoogleFinance_AutoUpToDate
DATE  2024-12-27T00:00:00Z
PRICE 136.81
--- REASONS ---
[BUY_REASON] RSI2 = 14.63 (below oversold 18 → TRIGGERED), RSI3 = 0.0 (below oversold 18 → TRIGGERED), ATR available (5.38)
[BUY_FILTERS] SMA0 filter ACTIVE (price 136.81 > SMA0 117.2 → PASS), Breakout state: "HOLD"

==============================
BUY   NVDA_GoogleFinance_AutoUpToDate
DATE  2025-01-10T00:00:00Z
PRICE 135.71
--- REASONS ---
[BUY_REASON] RSI2 = 0.0 (below oversold 18 → TRIGGERED), RSI3 = 0.0 (below oversold 18 → TRIGGERED), ATR available (5.96)
[BUY_FILTERS] SMA0 filter ACTIVE (price 135.71 > SMA0 119.17 → PASS), Breakout state: "HOLD"

==============================
BUY   NVDA_GoogleFinance_AutoUpToDate
DATE  2025-01-31T00:00:00Z
PRICE 119.89
--- REASONS ---
[BUY_REASON] RSI2 = 8.78 (below oversold 18 → TRIGGERED), RSI3 = 17.18 (below oversold 18 → TRIGGERED), ATR available (8.1)
[BUY_FILTERS] SMA0 filter ACTIVE (price 119.89 ≤ SMA0 122.3 → BLOCK), Breakout state: "HOLD"

==============================
BUY   NVDA_GoogleFinance_AutoUpToDate
DATE  2025-02-21T00:00:00Z
PRICE 134.23
--- REASONS ---
[BUY_REASON] RSI2 = 13.08 (below oversold 18 → TRIGGERED), RSI3 = 13.41 (below oversold 18 → TRIGGERED), ATR available (4.98)
[BUY_FILTERS] SMA0 filter ACTIVE (price 134.23 > SMA0 125.63 → PASS), Breakout state: "HOLD"

==============================
BUY   NVDA_GoogleFinance_AutoUpToDate
DATE  2025-05-21T00:00:00Z
PRICE 131.62
--- REASONS ---
[BUY_REASON] RSI2 = 4.31 (below oversold 18 → TRIGGERED), RSI3 = 0.0 (below oversold 18 → TRIGGERED), ATR available (4.34)
[BUY_FILTERS] SMA0 filter ACTIVE (price 131.62 > SMA0 125.65 → PASS), Breakout state: "HOLD"

==============================
BUY   NVDA_GoogleFinance_AutoUpToDate
DATE  2025-07-22T00:00:00Z
PRICE 166.81
--- REASONS ---
[BUY_REASON] RSI2 = 0.0 (below oversold 18 → TRIGGERED), RSI3 = 0.0 (below oversold 18 → TRIGGERED), ATR available (3.87)
[BUY_FILTERS] SMA0 filter ACTIVE (price 166.81 > SMA0 132.72 → PASS), Breakout state: "HOLD"

==============================
BUY   NVDA_GoogleFinance_AutoUpToDate
DATE  2025-08-21T00:00:00Z
PRICE 174.75
--- REASONS ---
[BUY_REASON] RSI2 = 0.0 (below oversold 18 → TRIGGERED), RSI3 = 0.0 (below oversold 18 → TRIGGERED), ATR available (4.5)
[BUY_FILTERS] SMA0 filter ACTIVE (price 174.75 > SMA0 137.45 → PASS), Breakout state: "HOLD"

==============================
BUY   NVDA_GoogleFinance_AutoUpToDate
DATE  2025-09-17T00:00:00Z
PRICE 170.08
--- REASONS ---
[BUY_REASON] RSI2 = 0.0 (below oversold 18 → TRIGGERED), RSI3 = 0.0 (below oversold 18 → TRIGGERED), ATR available (5.17)
[BUY_FILTERS] SMA0 filter ACTIVE (price 170.08 > SMA0 140.32 → PASS), Breakout state: "HOLD"

==============================
BUY   NVDA_GoogleFinance_AutoUpToDate
DATE  2025-10-07T00:00:00Z
PRICE 184.81
--- REASONS ---
[BUY_REASON] RSI2 = 0.0 (below oversold 18 → TRIGGERED), RSI3 = 0.0 (below oversold 18 → TRIGGERED), ATR available (5.52)
[BUY_FILTERS] SMA0 filter ACTIVE (price 184.81 > SMA0 143.4 → PASS), Breakout state: "HOLD"

==============================
BUY   NVDA_GoogleFinance_AutoUpToDate
DATE  2025-10-22T00:00:00Z
PRICE 180.05
--- REASONS ---
[BUY_REASON] RSI2 = 0.0 (below oversold 18 → TRIGGERED), RSI3 = 0.0 (below oversold 18 → TRIGGERED), ATR available (5.91)
[BUY_FILTERS] SMA0 filter ACTIVE (price 180.05 > SMA0 145.99 → PASS), Breakout state: "HOLD"

==============================
BUY   NVDA_GoogleFinance_AutoUpToDate
DATE  2025-11-06T00:00:00Z
PRICE 187.84
--- REASONS ---
[BUY_REASON] RSI2 = 0.0 (below oversold 18 → TRIGGERED), RSI3 = 0.0 (below oversold 18 → TRIGGERED), ATR available (7.07)
[BUY_FILTERS] SMA0 filter ACTIVE (price 187.84 > SMA0 149.16 → PASS), Breakout state: "HOLD"

==============================
BUY   NVDA_GoogleFinance_AutoUpToDate
DATE  2025-12-11T00:00:00Z
PRICE 180.71
--- REASONS ---
[BUY_REASON] RSI2 = 0.0 (below oversold 18 → TRIGGERED), RSI3 = 0.0 (below oversold 18 → TRIGGERED), ATR available (5.96)
[BUY_FILTERS] SMA0 filter ACTIVE (price 180.71 > SMA0 155.6 → PASS), Breakout state: "HOLD"

==============================
BUY   NVDA_GoogleFinance_AutoUpToDate
DATE  2025-12-31T00:00:00Z
PRICE 186.28
--- REASONS ---
[BUY_REASON] RSI2 = 0.0 (below oversold 18 → TRIGGERED), RSI3 = 0.0 (below oversold 18 → TRIGGERED), ATR available (4.99)
[BUY_FILTERS] SMA0 filter ACTIVE (price 186.28 > SMA0 159.92 → PASS), Breakout state: "HOLD"

==============================
BUY   NVDA_GoogleFinance_AutoUpToDate
DATE  2026-02-02T00:00:00Z
PRICE 185.39
--- REASONS ---
[BUY_REASON] RSI2 = 12.55 (below oversold 18 → TRIGGERED), RSI3 = 0.0 (below oversold 18 → TRIGGERED), ATR available (5.29)
[BUY_FILTERS] SMA0 filter ACTIVE (price 185.39 > SMA0 167.91 → PASS), Breakout state: "HOLD"

==============================
BUY   NVDA_GoogleFinance_AutoUpToDate
DATE  2026-02-13T00:00:00Z
PRICE 182.59
--- REASONS ---
[BUY_REASON] RSI2 = 17.26 (below oversold 18 → TRIGGERED), RSI3 = 0.0 (below oversold 18 → TRIGGERED), ATR available (6.99)
[BUY_FILTERS] SMA0 filter ACTIVE (price 182.59 > SMA0 171.46 → PASS), Breakout state: "HOLD"

==============================
BUY   NVDA_GoogleFinance_AutoUpToDate
DATE  2026-03-19T00:00:00Z
PRICE 178.36
--- REASONS ---
[BUY_REASON] RSI2 = 0.0 (below oversold 18 → TRIGGERED), RSI3 = 0.0 (below oversold 18 → TRIGGERED), ATR available (5.5)
[BUY_FILTERS] SMA0 filter ACTIVE (price 178.36 > SMA0 178.06 → PASS), Breakout state: "HOLD"

==============================
BUY   NVDA_GoogleFinance_AutoUpToDate
DATE  2026-04-30T00:00:00Z
PRICE 199.34
--- REASONS ---
[BUY_REASON] RSI2 = 0.0 (below oversold 18 → TRIGGERED), RSI3 = 0.0 (below oversold 18 → TRIGGERED), ATR available (6.26)
[BUY_FILTERS] SMA0 filter ACTIVE (price 199.34 > SMA0 183.5 → PASS), Breakout state: "HOLD"

==============================
BUY   NVDA_GoogleFinance_AutoUpToDate
DATE  2026-05-19T00:00:00Z
PRICE 220.36
--- REASONS ---
[BUY_REASON] RSI2 = 0.0 (below oversold 18 → TRIGGERED), RSI3 = 0.0 (below oversold 18 → TRIGGERED), ATR available (8.5)
[BUY_FILTERS] SMA0 filter ACTIVE (price 220.36 > SMA0 186.2 → PASS), Breakout state: "HOLD"

==============================
BUY   NVDA_GoogleFinance_AutoUpToDate
DATE  2026-05-27T00:00:00Z
PRICE 212.36
--- REASONS ---
[BUY_REASON] RSI2 = 0.0 (below oversold 18 → TRIGGERED), RSI3 = 0.0 (below oversold 18 → TRIGGERED), ATR available (8.01)
[BUY_FILTERS] SMA0 filter ACTIVE (price 212.36 > SMA0 187.13 → PASS), Breakout state: "HOLD"

==============================
BUY   NVDA_GoogleFinance_AutoUpToDate
DATE  2026-07-17T00:00:00Z
PRICE 202.81
--- REASONS ---
[BUY_REASON] RSI2 = 6.74 (below oversold 18 → TRIGGERED), RSI3 = 0.0 (below oversold 18 → TRIGGERED), ATR available (7.35)
[BUY_FILTERS] SMA0 filter ACTIVE (price 202.81 > SMA0 192.2 → PASS), Breakout state: "HOLD"

==============================
BUY   NVDA_GoogleFinance_AutoUpToDate
DATE  2026-07-28T00:00:00Z
PRICE 197.01
--- REASONS ---
[BUY_REASON] RSI2 = 3.92 (below oversold 18 → TRIGGERED), RSI3 = 4.62 (below oversold 18 → TRIGGERED), ATR available (7.73)
[BUY_FILTERS] SMA0 filter ACTIVE (price 197.01 > SMA0 192.82 → PASS), Breakout state: "HOLD"

==============================
BUY   DELL_GoogleFinance_AutoUpToDate
DATE  2020-06-03T00:00:00Z
PRICE 22.48
--- REASONS ---
[BUY_REASON] RSI2 = 0.0 (below oversold 20 → TRIGGERED), RSI3 = 0.0 (below oversold 20 → TRIGGERED), ATR available (0.85)
[BUY_FILTERS] SMA200 filter ACTIVE (price 22.48 > SMA200 21.86 → PASS), Breakout state: "HOLD"

==============================
BUY   DELL_GoogleFinance_AutoUpToDate
DATE  2020-07-13T00:00:00Z
PRICE 23.84
--- REASONS ---
[BUY_REASON] RSI2 = 0.0 (below oversold 20 → TRIGGERED), RSI3 = 0.0 (below oversold 20 → TRIGGERED), ATR available (0.87)
[BUY_FILTERS] SMA200 filter ACTIVE (price 23.84 > SMA200 21.84 → PASS), Breakout state: "HOLD"

==============================
BUY   DELL_GoogleFinance_AutoUpToDate
DATE  2020-07-27T00:00:00Z
PRICE 28.08
--- REASONS ---
[BUY_REASON] RSI2 = 18.18 (below oversold 20 → TRIGGERED), RSI3 = 14.29 (below oversold 20 → TRIGGERED), ATR available (0.94)
[BUY_FILTERS] SMA200 filter ACTIVE (price 28.08 > SMA200 22.03 → PASS), Breakout state: "HOLD"

==============================
BUY   DELL_GoogleFinance_AutoUpToDate
DATE  2020-08-13T00:00:00Z
PRICE 27.43
--- REASONS ---
[BUY_REASON] RSI2 = 11.33 (below oversold 20 → TRIGGERED), RSI3 = 10.18 (below oversold 20 → TRIGGERED), ATR available (0.61)
[BUY_FILTERS] SMA200 filter ACTIVE (price 27.43 > SMA200 22.33 → PASS), Breakout state: "HOLD"

==============================
BUY   DELL_GoogleFinance_AutoUpToDate
DATE  2020-09-08T00:00:00Z
PRICE 29.55
--- REASONS ---
[BUY_REASON] RSI2 = 0.0 (below oversold 20 → TRIGGERED), RSI3 = 0.0 (below oversold 20 → TRIGGERED), ATR available (0.99)
[BUY_FILTERS] SMA200 filter ACTIVE (price 29.55 > SMA200 22.66 → PASS), Breakout state: "HOLD"

==============================
BUY   DELL_GoogleFinance_AutoUpToDate
DATE  2020-09-21T00:00:00Z
PRICE 30.17
--- REASONS ---
[BUY_REASON] RSI2 = 0.0 (below oversold 20 → TRIGGERED), RSI3 = 0.0 (below oversold 20 → TRIGGERED), ATR available (1.01)
[BUY_FILTERS] SMA200 filter ACTIVE (price 30.17 > SMA200 22.98 → PASS), Breakout state: "HOLD"

==============================
BUY   DELL_GoogleFinance_AutoUpToDate
DATE  2020-10-02T00:00:00Z
PRICE 30.93
--- REASONS ---
[BUY_REASON] RSI2 = 0.0 (below oversold 20 → TRIGGERED), RSI3 = 0.0 (below oversold 20 → TRIGGERED), ATR available (0.78)
[BUY_FILTERS] SMA200 filter ACTIVE (price 30.93 > SMA200 23.36 → PASS), Breakout state: "HOLD"

==============================
BUY   DELL_GoogleFinance_AutoUpToDate
DATE  2020-10-19T00:00:00Z
PRICE 32.01
--- REASONS ---
[BUY_REASON] RSI2 = 14.47 (below oversold 20 → TRIGGERED), RSI3 = 8.03 (below oversold 20 → TRIGGERED), ATR available (0.68)
[BUY_FILTERS] SMA200 filter ACTIVE (price 32.01 > SMA200 23.83 → PASS), Breakout state: "HOLD"

==============================
BUY   DELL_GoogleFinance_AutoUpToDate
DATE  2020-11-02T00:00:00Z
PRICE 27.77
--- REASONS ---
[BUY_REASON] RSI2 = 10.34 (below oversold 20 → TRIGGERED), RSI3 = 6.38 (below oversold 20 → TRIGGERED), ATR available (0.82)
[BUY_FILTERS] SMA200 filter ACTIVE (price 27.77 > SMA200 24.16 → PASS), Breakout state: "HOLD"

==============================
BUY   DELL_GoogleFinance_AutoUpToDate
DATE  2020-12-29T00:00:00Z
PRICE 32.93
--- REASONS ---
[BUY_REASON] RSI2 = 0.0 (below oversold 20 → TRIGGERED), RSI3 = 0.0 (below oversold 20 → TRIGGERED), ATR available (0.74)
[BUY_FILTERS] SMA200 filter ACTIVE (price 32.93 > SMA200 26.21 → PASS), Breakout state: "HOLD"

==============================
BUY   DELL_GoogleFinance_AutoUpToDate
DATE  2021-01-13T00:00:00Z
PRICE 32.81
--- REASONS ---
[BUY_REASON] RSI2 = 16.87 (below oversold 20 → TRIGGERED), RSI3 = 13.61 (below oversold 20 → TRIGGERED), ATR available (0.97)
[BUY_FILTERS] SMA200 filter ACTIVE (price 32.81 > SMA200 27.1 → PASS), Breakout state: "HOLD"

==============================
BUY   DELL_GoogleFinance_AutoUpToDate
DATE  2021-01-25T00:00:00Z
PRICE 34.86
--- REASONS ---
[BUY_REASON] RSI2 = 0.0 (below oversold 20 → TRIGGERED), RSI3 = 0.0 (below oversold 20 → TRIGGERED), ATR available (1.07)
[BUY_FILTERS] SMA200 filter ACTIVE (price 34.86 > SMA200 27.7 → PASS), Breakout state: "HOLD"

==============================
BUY   DELL_GoogleFinance_AutoUpToDate
DATE  2021-02-11T00:00:00Z
PRICE 36.62
--- REASONS ---
[BUY_REASON] RSI2 = 0.0 (below oversold 20 → TRIGGERED), RSI3 = 0.0 (below oversold 20 → TRIGGERED), ATR available (0.92)
[BUY_FILTERS] SMA200 filter ACTIVE (price 36.62 > SMA200 28.8 → PASS), Breakout state: "HOLD"

==============================
BUY   DELL_GoogleFinance_AutoUpToDate
DATE  2021-03-22T00:00:00Z
PRICE 40.23
--- REASONS ---
[BUY_REASON] RSI2 = 0.0 (below oversold 20 → TRIGGERED), RSI3 = 0.0 (below oversold 20 → TRIGGERED), ATR available (0.93)
[BUY_FILTERS] SMA200 filter ACTIVE (price 40.23 > SMA200 31.21 → PASS), Breakout state: "HOLD"

==============================
BUY   DELL_GoogleFinance_AutoUpToDate
DATE  2021-04-14T00:00:00Z
PRICE 42.70
--- REASONS ---
[BUY_REASON] RSI2 = 15.6 (below oversold 20 → TRIGGERED), RSI3 = 11.18 (below oversold 20 → TRIGGERED), ATR available (0.77)
[BUY_FILTERS] SMA200 filter ACTIVE (price 42.7 > SMA200 32.7 → PASS), Breakout state: "HOLD"

==============================
BUY   DELL_GoogleFinance_AutoUpToDate
DATE  2021-04-22T00:00:00Z
PRICE 46.28
--- REASONS ---
[BUY_REASON] RSI2 = 0.0 (below oversold 20 → TRIGGERED), RSI3 = 0.0 (below oversold 20 → TRIGGERED), ATR available (1.09)
[BUY_FILTERS] SMA200 filter ACTIVE (price 46.28 > SMA200 33.35 → PASS), Breakout state: "HOLD"

==============================
BUY   DELL_GoogleFinance_AutoUpToDate
DATE  2021-05-04T00:00:00Z
PRICE 44.46
--- REASONS ---
[BUY_REASON] RSI2 = 0.0 (below oversold 20 → TRIGGERED), RSI3 = 0.0 (below oversold 20 → TRIGGERED), ATR available (1.08)
[BUY_FILTERS] SMA200 filter ACTIVE (price 44.46 > SMA200 34.18 → PASS), Breakout state: "HOLD"

==============================
BUY   DELL_GoogleFinance_AutoUpToDate
DATE  2021-05-12T00:00:00Z
PRICE 43.34
--- REASONS ---
[BUY_REASON] RSI2 = 0.0 (below oversold 20 → TRIGGERED), RSI3 = 0.0 (below oversold 20 → TRIGGERED), ATR available (0.92)
[BUY_FILTERS] SMA200 filter ACTIVE (price 43.34 > SMA200 34.69 → PASS), Breakout state: "HOLD"

==============================
BUY   DELL_GoogleFinance_AutoUpToDate
DATE  2021-05-19T00:00:00Z
PRICE 44.58
--- REASONS ---
[BUY_REASON] RSI2 = 0.0 (below oversold 20 → TRIGGERED), RSI3 = 0.0 (below oversold 20 → TRIGGERED), ATR available (1.03)
[BUY_FILTERS] SMA200 filter ACTIVE (price 44.58 > SMA200 35.13 → PASS), Breakout state: "HOLD"

==============================
BUY   DELL_GoogleFinance_AutoUpToDate
DATE  2021-05-28T00:00:00Z
PRICE 45.43
--- REASONS ---
[BUY_REASON] RSI2 = 3.64 (below oversold 20 → TRIGGERED), RSI3 = 15.2 (below oversold 20 → TRIGGERED), ATR available (1.06)
[BUY_FILTERS] SMA200 filter ACTIVE (price 45.43 > SMA200 35.74 → PASS), Breakout state: "HOLD"

==============================
BUY   DELL_GoogleFinance_AutoUpToDate
DATE  2021-06-14T00:00:00Z
PRICE 47.32
--- REASONS ---
[BUY_REASON] RSI2 = 13.29 (below oversold 20 → TRIGGERED), RSI3 = 11.87 (below oversold 20 → TRIGGERED), ATR available (0.98)
[BUY_FILTERS] SMA200 filter ACTIVE (price 47.32 > SMA200 36.72 → PASS), Breakout state: "HOLD"

==============================
BUY   DELL_GoogleFinance_AutoUpToDate
DATE  2021-06-24T00:00:00Z
PRICE 45.64
--- REASONS ---
[BUY_REASON] RSI2 = 0.0 (below oversold 20 → TRIGGERED), RSI3 = 0.0 (below oversold 20 → TRIGGERED), ATR available (0.74)
[BUY_FILTERS] SMA200 filter ACTIVE (price 45.64 > SMA200 37.36 → PASS), Breakout state: "HOLD"

==============================
BUY   DELL_GoogleFinance_AutoUpToDate
DATE  2021-07-28T00:00:00Z
PRICE 44.17
--- REASONS ---
[BUY_REASON] RSI2 = 0.0 (below oversold 20 → TRIGGERED), RSI3 = 0.0 (below oversold 20 → TRIGGERED), ATR available (0.91)
[BUY_FILTERS] SMA200 filter ACTIVE (price 44.17 > SMA200 38.96 → PASS), Breakout state: "HOLD"

==============================
BUY   DELL_GoogleFinance_AutoUpToDate
DATE  2021-08-16T00:00:00Z
PRICE 45.90
--- REASONS ---
[BUY_REASON] RSI2 = 0.0 (below oversold 20 → TRIGGERED), RSI3 = 14.0 (below oversold 20 → TRIGGERED), ATR available (0.61)
[BUY_FILTERS] SMA200 filter ACTIVE (price 45.9 > SMA200 39.87 → PASS), Breakout state: "HOLD"

==============================
BUY   DELL_GoogleFinance_AutoUpToDate
DATE  2021-09-08T00:00:00Z
PRICE 43.71
--- REASONS ---
[BUY_REASON] RSI2 = 0.0 (below oversold 20 → TRIGGERED), RSI3 = 3.02 (below oversold 20 → TRIGGERED), ATR available (0.95)
[BUY_FILTERS] SMA200 filter ACTIVE (price 43.71 > SMA200 41.11 → PASS), Breakout state: "HOLD"

==============================
BUY   DELL_GoogleFinance_AutoUpToDate
DATE  2021-09-21T00:00:00Z
PRICE 45.75
--- REASONS ---
[BUY_REASON] RSI2 = 18.18 (below oversold 20 → TRIGGERED), RSI3 = 12.41 (below oversold 20 → TRIGGERED), ATR available (1.08)
[BUY_FILTERS] SMA200 filter ACTIVE (price 45.75 > SMA200 41.71 → PASS), Breakout state: "HOLD"

==============================
BUY   DELL_GoogleFinance_AutoUpToDate
DATE  2021-10-12T00:00:00Z
PRICE 47.79
--- REASONS ---
[BUY_REASON] RSI2 = 8.81 (below oversold 20 → TRIGGERED), RSI3 = 3.91 (below oversold 20 → TRIGGERED), ATR available (1.12)
[BUY_FILTERS] SMA200 filter ACTIVE (price 47.79 > SMA200 42.82 → PASS), Breakout state: "HOLD"

==============================
BUY   DELL_GoogleFinance_AutoUpToDate
DATE  2021-10-27T00:00:00Z
PRICE 49.92
--- REASONS ---
[BUY_REASON] RSI2 = 0.0 (below oversold 20 → TRIGGERED), RSI3 = 0.0 (below oversold 20 → TRIGGERED), ATR available (1.04)
[BUY_FILTERS] SMA200 filter ACTIVE (price 49.92 > SMA200 43.72 → PASS), Breakout state: "HOLD"

==============================
BUY   DELL_GoogleFinance_AutoUpToDate
DATE  2021-11-18T00:00:00Z
PRICE 50.80
--- REASONS ---
[BUY_REASON] RSI2 = 0.0 (below oversold 20 → TRIGGERED), RSI3 = 0.0 (below oversold 20 → TRIGGERED), ATR available (1.33)
[BUY_FILTERS] SMA200 filter ACTIVE (price 50.8 > SMA200 45.01 → PASS), Breakout state: "HOLD"

==============================
BUY   DELL_GoogleFinance_AutoUpToDate
DATE  2021-12-09T00:00:00Z
PRICE 52.39
--- REASONS ---
[BUY_REASON] RSI2 = 0.0 (below oversold 20 → TRIGGERED), RSI3 = 11.27 (below oversold 20 → TRIGGERED), ATR available (1.41)
[BUY_FILTERS] SMA200 filter ACTIVE (price 52.39 > SMA200 46.05 → PASS), Breakout state: "HOLD"

==============================
BUY   DELL_GoogleFinance_AutoUpToDate
DATE  2021-12-31T00:00:00Z
PRICE 51.04
--- REASONS ---
[BUY_REASON] RSI2 = 0.0 (below oversold 20 → TRIGGERED), RSI3 = 10.2 (below oversold 20 → TRIGGERED), ATR available (1.07)
[BUY_FILTERS] SMA200 filter ACTIVE (price 51.04 > SMA200 46.88 → PASS), Breakout state: "HOLD"

==============================
BUY   DELL_GoogleFinance_AutoUpToDate
DATE  2022-01-19T00:00:00Z
PRICE 52.67
--- REASONS ---
[BUY_REASON] RSI2 = 0.0 (below oversold 20 → TRIGGERED), RSI3 = 12.29 (below oversold 20 → TRIGGERED), ATR available (1.19)
[BUY_FILTERS] SMA200 filter ACTIVE (price 52.67 > SMA200 47.66 → PASS), Breakout state: "HOLD"

==============================
BUY   DELL_GoogleFinance_AutoUpToDate
DATE  2023-04-21T00:00:00Z
PRICE 40.45
--- REASONS ---
[BUY_REASON] RSI2 = 17.27 (below oversold 20 → TRIGGERED), RSI3 = 6.86 (below oversold 20 → TRIGGERED), ATR available (0.99)
[BUY_FILTERS] SMA200 filter ACTIVE (price 40.45 > SMA200 37.87 → PASS), Breakout state: "HOLD"

==============================
BUY   DELL_GoogleFinance_AutoUpToDate
DATE  2023-05-11T00:00:00Z
PRICE 42.30
--- REASONS ---
[BUY_REASON] RSI2 = 0.0 (below oversold 20 → TRIGGERED), RSI3 = 0.0 (below oversold 20 → TRIGGERED), ATR available (1.0)
[BUY_FILTERS] SMA200 filter ACTIVE (price 42.3 > SMA200 38.01 → PASS), Breakout state: "HOLD"

==============================
BUY   DELL_GoogleFinance_AutoUpToDate
DATE  2023-05-24T00:00:00Z
PRICE 43.45
--- REASONS ---
[BUY_REASON] RSI2 = 0.0 (below oversold 20 → TRIGGERED), RSI3 = 0.0 (below oversold 20 → TRIGGERED), ATR available (1.1)
[BUY_FILTERS] SMA200 filter ACTIVE (price 43.45 > SMA200 38.11 → PASS), Breakout state: "HOLD"

==============================
BUY   DELL_GoogleFinance_AutoUpToDate
DATE  2023-07-07T00:00:00Z
PRICE 50.66
--- REASONS ---
[BUY_REASON] RSI2 = 0.0 (below oversold 20 → TRIGGERED), RSI3 = 0.0 (below oversold 20 → TRIGGERED), ATR available (1.02)
[BUY_FILTERS] SMA200 filter ACTIVE (price 50.66 > SMA200 39.24 → PASS), Breakout state: "HOLD"

==============================
BUY   DELL_GoogleFinance_AutoUpToDate
DATE  2023-07-18T00:00:00Z
PRICE 50.94
--- REASONS ---
[BUY_REASON] RSI2 = 0.0 (below oversold 20 → TRIGGERED), RSI3 = 0.0 (below oversold 20 → TRIGGERED), ATR available (1.2)
[BUY_FILTERS] SMA200 filter ACTIVE (price 50.94 > SMA200 39.9 → PASS), Breakout state: "HOLD"

==============================
BUY   DELL_GoogleFinance_AutoUpToDate
DATE  2023-07-28T00:00:00Z
PRICE 50.13
--- REASONS ---
[BUY_REASON] RSI2 = 0.0 (below oversold 20 → TRIGGERED), RSI3 = 0.0 (below oversold 20 → TRIGGERED), ATR available (1.13)
[BUY_FILTERS] SMA200 filter ACTIVE (price 50.13 > SMA200 40.63 → PASS), Breakout state: "HOLD"

==============================
BUY   DELL_GoogleFinance_AutoUpToDate
DATE  2023-08-16T00:00:00Z
PRICE 52.62
--- REASONS ---
[BUY_REASON] RSI2 = 0.0 (below oversold 20 → TRIGGERED), RSI3 = 0.0 (below oversold 20 → TRIGGERED), ATR available (1.46)
[BUY_FILTERS] SMA200 filter ACTIVE (price 52.62 > SMA200 41.89 → PASS), Breakout state: "HOLD"

==============================
BUY   DELL_GoogleFinance_AutoUpToDate
DATE  2023-09-27T00:00:00Z
PRICE 64.75
--- REASONS ---
[BUY_REASON] RSI2 = 0.0 (below oversold 20 → TRIGGERED), RSI3 = 0.0 (below oversold 20 → TRIGGERED), ATR available (1.6)
[BUY_FILTERS] SMA200 filter ACTIVE (price 64.75 > SMA200 45.17 → PASS), Breakout state: "HOLD"

==============================
BUY   DELL_GoogleFinance_AutoUpToDate
DATE  2023-10-05T00:00:00Z
PRICE 63.07
--- REASONS ---
[BUY_REASON] RSI2 = 0.0 (below oversold 20 → TRIGGERED), RSI3 = 0.0 (below oversold 20 → TRIGGERED), ATR available (1.6)
[BUY_FILTERS] SMA200 filter ACTIVE (price 63.07 > SMA200 45.95 → PASS), Breakout state: "HOLD"

==============================
BUY   DELL_GoogleFinance_AutoUpToDate
DATE  2023-10-16T00:00:00Z
PRICE 64.57
--- REASONS ---
[BUY_REASON] RSI2 = 0.0 (below oversold 20 → TRIGGERED), RSI3 = 0.0 (below oversold 20 → TRIGGERED), ATR available (1.79)
[BUY_FILTERS] SMA200 filter ACTIVE (price 64.57 > SMA200 46.95 → PASS), Breakout state: "HOLD"

==============================
BUY   DELL_GoogleFinance_AutoUpToDate
DATE  2023-11-16T00:00:00Z
PRICE 69.51
--- REASONS ---
[BUY_REASON] RSI2 = 0.0 (below oversold 20 → TRIGGERED), RSI3 = 8.16 (below oversold 20 → TRIGGERED), ATR available (1.47)
[BUY_FILTERS] SMA200 filter ACTIVE (price 69.51 > SMA200 50.21 → PASS), Breakout state: "HOLD"

==============================
BUY   DELL_GoogleFinance_AutoUpToDate
DATE  2023-11-28T00:00:00Z
PRICE 70.94
--- REASONS ---
[BUY_REASON] RSI2 = 10.42 (below oversold 20 → TRIGGERED), RSI3 = 6.67 (below oversold 20 → TRIGGERED), ATR available (1.32)
[BUY_FILTERS] SMA200 filter ACTIVE (price 70.94 > SMA200 51.31 → PASS), Breakout state: "HOLD"

==============================
BUY   DELL_GoogleFinance_AutoUpToDate
DATE  2023-12-06T00:00:00Z
PRICE 64.81
--- REASONS ---
[BUY_REASON] RSI2 = 0.0 (below oversold 20 → TRIGGERED), RSI3 = 0.0 (below oversold 20 → TRIGGERED), ATR available (1.9)
[BUY_FILTERS] SMA200 filter ACTIVE (price 64.81 > SMA200 52.16 → PASS), Breakout state: "HOLD"

==============================
BUY   DELL_GoogleFinance_AutoUpToDate
DATE  2024-01-02T00:00:00Z
PRICE 71.67
--- REASONS ---
[BUY_REASON] RSI2 = 0.0 (below oversold 20 → TRIGGERED), RSI3 = 0.0 (below oversold 20 → TRIGGERED), ATR available (1.52)
[BUY_FILTERS] SMA200 filter ACTIVE (price 71.67 > SMA200 54.99 → PASS), Breakout state: "HOLD"

==============================
BUY   DELL_GoogleFinance_AutoUpToDate
DATE  2024-01-17T00:00:00Z
PRICE 74.42
--- REASONS ---
[BUY_REASON] RSI2 = 10.14 (below oversold 20 → TRIGGERED), RSI3 = 8.5 (below oversold 20 → TRIGGERED), ATR available (1.62)
[BUY_FILTERS] SMA200 filter ACTIVE (price 74.42 > SMA200 56.92 → PASS), Breakout state: "HOLD"

==============================
BUY   DELL_GoogleFinance_AutoUpToDate
DATE  2024-02-06T00:00:00Z
PRICE 79.59
--- REASONS ---
[BUY_REASON] RSI2 = 0.0 (below oversold 20 → TRIGGERED), RSI3 = 12.92 (below oversold 20 → TRIGGERED), ATR available (2.56)
[BUY_FILTERS] SMA200 filter ACTIVE (price 79.59 > SMA200 59.77 → PASS), Breakout state: "HOLD"

==============================
BUY   DELL_GoogleFinance_AutoUpToDate
DATE  2024-03-06T00:00:00Z
PRICE 114.07
--- REASONS ---
[BUY_REASON] RSI2 = 15.69 (below oversold 20 → TRIGGERED), RSI3 = 9.88 (below oversold 20 → TRIGGERED), ATR available (6.48)
[BUY_FILTERS] SMA200 filter ACTIVE (price 114.07 > SMA200 64.59 → PASS), Breakout state: "HOLD"

==============================
BUY   DELL_GoogleFinance_AutoUpToDate
DATE  2024-03-14T00:00:00Z
PRICE 102.47
--- REASONS ---
[BUY_REASON] RSI2 = 0.0 (below oversold 20 → TRIGGERED), RSI3 = 0.0 (below oversold 20 → TRIGGERED), ATR available (6.83)
[BUY_FILTERS] SMA200 filter ACTIVE (price 102.47 > SMA200 66.53 → PASS), Breakout state: "HOLD"

==============================
BUY   DELL_GoogleFinance_AutoUpToDate
DATE  2024-04-10T00:00:00Z
PRICE 118.76
--- REASONS ---
[BUY_REASON] RSI2 = 0.0 (below oversold 20 → TRIGGERED), RSI3 = 0.0 (below oversold 20 → TRIGGERED), ATR available (5.7)
[BUY_FILTERS] SMA200 filter ACTIVE (price 118.76 > SMA200 72.59 → PASS), Breakout state: "HOLD"

==============================
BUY   DELL_GoogleFinance_AutoUpToDate
DATE  2024-04-19T00:00:00Z
PRICE 110.58
--- REASONS ---
[BUY_REASON] RSI2 = 0.0 (below oversold 20 → TRIGGERED), RSI3 = 0.0 (below oversold 20 → TRIGGERED), ATR available (6.16)
[BUY_FILTERS] SMA200 filter ACTIVE (price 110.58 > SMA200 74.85 → PASS), Breakout state: "HOLD"

==============================
BUY   DELL_GoogleFinance_AutoUpToDate
DATE  2024-06-03T00:00:00Z
PRICE 127.58
--- REASONS ---
[BUY_REASON] RSI2 = 0.0 (below oversold 20 → TRIGGERED), RSI3 = 0.0 (below oversold 20 → TRIGGERED), ATR available (11.79)
[BUY_FILTERS] SMA200 filter ACTIVE (price 127.58 > SMA200 87.03 → PASS), Breakout state: "HOLD"

==============================
BUY   DELL_GoogleFinance_AutoUpToDate
DATE  2024-06-24T00:00:00Z
PRICE 132.93
--- REASONS ---
[BUY_REASON] RSI2 = 0.0 (below oversold 20 → TRIGGERED), RSI3 = 0.0 (below oversold 20 → TRIGGERED), ATR available (7.08)
[BUY_FILTERS] SMA200 filter ACTIVE (price 132.93 > SMA200 92.41 → PASS), Breakout state: "HOLD"

==============================
BUY   DELL_GoogleFinance_AutoUpToDate
DATE  2024-07-11T00:00:00Z
PRICE 135.98
--- REASONS ---
[BUY_REASON] RSI2 = 0.59 (below oversold 20 → TRIGGERED), RSI3 = 0.56 (below oversold 20 → TRIGGERED), ATR available (6.25)
[BUY_FILTERS] SMA200 filter ACTIVE (price 135.98 > SMA200 96.63 → PASS), Breakout state: "HOLD"

==============================
BUY   DELL_GoogleFinance_AutoUpToDate
DATE  2024-08-29T00:00:00Z
PRICE 107.39
--- REASONS ---
[BUY_REASON] RSI2 = 0.0 (below oversold 20 → TRIGGERED), RSI3 = 14.5 (below oversold 20 → TRIGGERED), ATR available (4.44)
[BUY_FILTERS] SMA200 filter ACTIVE (price 107.39 > SMA200 104.18 → PASS), Breakout state: "HOLD"

==============================
BUY   DELL_GoogleFinance_AutoUpToDate
DATE  2024-10-01T00:00:00Z
PRICE 109.74
--- REASONS ---
[BUY_REASON] RSI2 = 0.0 (below oversold 20 → TRIGGERED), RSI3 = 0.0 (below oversold 20 → TRIGGERED), ATR available (3.86)
[BUY_FILTERS] SMA200 filter ACTIVE (price 109.74 > SMA200 108.74 → PASS), Breakout state: "HOLD"

==============================
BUY   DELL_GoogleFinance_AutoUpToDate
DATE  2024-10-22T00:00:00Z
PRICE 117.19
--- REASONS ---
[BUY_REASON] RSI2 = 0.0 (below oversold 20 → TRIGGERED), RSI3 = 0.0 (below oversold 20 → TRIGGERED), ATR available (3.7)
[BUY_FILTERS] SMA200 filter ACTIVE (price 117.19 > SMA200 112.32 → PASS), Breakout state: "HOLD"

==============================
BUY   DELL_GoogleFinance_AutoUpToDate
DATE  2024-11-14T00:00:00Z
PRICE 130.84
--- REASONS ---
[BUY_REASON] RSI2 = 0.0 (below oversold 20 → TRIGGERED), RSI3 = 0.0 (below oversold 20 → TRIGGERED), ATR available (5.48)
[BUY_FILTERS] SMA200 filter ACTIVE (price 130.84 > SMA200 116.44 → PASS), Breakout state: "HOLD"

==============================
BUY   DELL_GoogleFinance_AutoUpToDate
DATE  2024-11-27T00:00:00Z
PRICE 121.06
--- REASONS ---
[BUY_REASON] RSI2 = 0.0 (below oversold 20 → TRIGGERED), RSI3 = 0.0 (below oversold 20 → TRIGGERED), ATR available (5.93)
[BUY_FILTERS] SMA200 filter ACTIVE (price 121.06 > SMA200 118.74 → PASS), Breakout state: "HOLD"

==============================
BUY   DELL_GoogleFinance_AutoUpToDate
DATE  2024-12-09T00:00:00Z
PRICE 120.51
--- REASONS ---
[BUY_REASON] RSI2 = 19.71 (below oversold 20 → TRIGGERED), RSI3 = 13.18 (below oversold 20 → TRIGGERED), ATR available (5.29)
[BUY_FILTERS] SMA200 filter ACTIVE (price 120.51 > SMA200 120.15 → PASS), Breakout state: "HOLD"

==============================
BUY   DELL_GoogleFinance_AutoUpToDate
DATE  2025-05-21T00:00:00Z
PRICE 110.05
--- REASONS ---
[BUY_REASON] RSI2 = 0.0 (below oversold 20 → TRIGGERED), RSI3 = 3.69 (below oversold 20 → TRIGGERED), ATR available (3.5)
[BUY_FILTERS] SMA200 filter ACTIVE (price 110.05 > SMA200 107.68 → PASS), Breakout state: "HOLD"

==============================
BUY   DELL_GoogleFinance_AutoUpToDate
DATE  2025-05-30T00:00:00Z
PRICE 109.40
--- REASONS ---
[BUY_REASON] RSI2 = 0.0 (below oversold 20 → TRIGGERED), RSI3 = 0.0 (below oversold 20 → TRIGGERED), ATR available (4.03)
[BUY_FILTERS] SMA200 filter ACTIVE (price 109.4 > SMA200 108.29 → PASS), Breakout state: "HOLD"

==============================
BUY   DELL_GoogleFinance_AutoUpToDate
DATE  2025-06-11T00:00:00Z
PRICE 109.37
--- REASONS ---
[BUY_REASON] RSI2 = 0.0 (below oversold 20 → TRIGGERED), RSI3 = 13.62 (below oversold 20 → TRIGGERED), ATR available (3.64)
[BUY_FILTERS] SMA200 filter ACTIVE (price 109.37 > SMA200 108.49 → PASS), Breakout state: "HOLD"

==============================
BUY   DELL_GoogleFinance_AutoUpToDate
DATE  2025-07-01T00:00:00Z
PRICE 119.68
--- REASONS ---
[BUY_REASON] RSI2 = 0.0 (below oversold 20 → TRIGGERED), RSI3 = 0.0 (below oversold 20 → TRIGGERED), ATR available (3.64)
[BUY_FILTERS] SMA200 filter ACTIVE (price 119.68 > SMA200 109.17 → PASS), Breakout state: "HOLD"

==============================
BUY   DELL_GoogleFinance_AutoUpToDate
DATE  2025-07-15T00:00:00Z
PRICE 123.58
--- REASONS ---
[BUY_REASON] RSI2 = 1.69 (below oversold 20 → TRIGGERED), RSI3 = 0.88 (below oversold 20 → TRIGGERED), ATR available (3.21)
[BUY_FILTERS] SMA200 filter ACTIVE (price 123.58 > SMA200 109.66 → PASS), Breakout state: "HOLD"

==============================
BUY   DELL_GoogleFinance_AutoUpToDate
DATE  2025-07-31T00:00:00Z
PRICE 131.01
--- REASONS ---
[BUY_REASON] RSI2 = 3.41 (below oversold 20 → TRIGGERED), RSI3 = 2.44 (below oversold 20 → TRIGGERED), ATR available (3.73)
[BUY_FILTERS] SMA200 filter ACTIVE (price 131.01 > SMA200 110.35 → PASS), Breakout state: "HOLD"

==============================
BUY   DELL_GoogleFinance_AutoUpToDate
DATE  2025-08-15T00:00:00Z
PRICE 136.53
--- REASONS ---
[BUY_REASON] RSI2 = 0.0 (below oversold 20 → TRIGGERED), RSI3 = 0.0 (below oversold 20 → TRIGGERED), ATR available (4.43)
[BUY_FILTERS] SMA200 filter ACTIVE (price 136.53 > SMA200 111.01 → PASS), Breakout state: "HOLD"

==============================
BUY   DELL_GoogleFinance_AutoUpToDate
DATE  2025-09-09T00:00:00Z
PRICE 119.75
--- REASONS ---
[BUY_REASON] RSI2 = 0.0 (below oversold 20 → TRIGGERED), RSI3 = 0.0 (below oversold 20 → TRIGGERED), ATR available (4.5)
[BUY_FILTERS] SMA200 filter ACTIVE (price 119.75 > SMA200 110.86 → PASS), Breakout state: "HOLD"

==============================
BUY   DELL_GoogleFinance_AutoUpToDate
DATE  2025-09-25T00:00:00Z
PRICE 129.30
--- REASONS ---
[BUY_REASON] RSI2 = 0.0 (below oversold 20 → TRIGGERED), RSI3 = 0.0 (below oversold 20 → TRIGGERED), ATR available (3.97)
[BUY_FILTERS] SMA200 filter ACTIVE (price 129.3 > SMA200 110.8 → PASS), Breakout state: "HOLD"

==============================
BUY   DELL_GoogleFinance_AutoUpToDate
DATE  2025-10-20T00:00:00Z
PRICE 146.00
--- REASONS ---
[BUY_REASON] RSI2 = 0.0 (below oversold 20 → TRIGGERED), RSI3 = 0.0 (below oversold 20 → TRIGGERED), ATR available (7.95)
[BUY_FILTERS] SMA200 filter ACTIVE (price 146.0 > SMA200 113.47 → PASS), Breakout state: "HOLD"

==============================
BUY   DELL_GoogleFinance_AutoUpToDate
DATE  2025-11-04T00:00:00Z
PRICE 153.22
--- REASONS ---
[BUY_REASON] RSI2 = 0.0 (below oversold 20 → TRIGGERED), RSI3 = 11.95 (below oversold 20 → TRIGGERED), ATR available (5.74)
[BUY_FILTERS] SMA200 filter ACTIVE (price 153.22 > SMA200 115.94 → PASS), Breakout state: "HOLD"

==============================
BUY   DELL_GoogleFinance_AutoUpToDate
DATE  2025-11-18T00:00:00Z
PRICE 121.56
--- REASONS ---
[BUY_REASON] RSI2 = 1.83 (below oversold 20 → TRIGGERED), RSI3 = 1.8 (below oversold 20 → TRIGGERED), ATR available (7.03)
[BUY_FILTERS] SMA200 filter ACTIVE (price 121.56 > SMA200 117.56 → PASS), Breakout state: "HOLD"

==============================
BUY   DELL_GoogleFinance_AutoUpToDate
DATE  2025-12-12T00:00:00Z
PRICE 128.79
--- REASONS ---
[BUY_REASON] RSI2 = 0.0 (below oversold 20 → TRIGGERED), RSI3 = 18.45 (below oversold 20 → TRIGGERED), ATR available (5.46)
[BUY_FILTERS] SMA200 filter ACTIVE (price 128.79 > SMA200 119.37 → PASS), Breakout state: "HOLD"

==============================
BUY   DELL_GoogleFinance_AutoUpToDate
DATE  2025-12-31T00:00:00Z
PRICE 124.72
--- REASONS ---
[BUY_REASON] RSI2 = 18.4 (below oversold 20 → TRIGGERED), RSI3 = 10.75 (below oversold 20 → TRIGGERED), ATR available (4.21)
[BUY_FILTERS] SMA200 filter ACTIVE (price 124.72 > SMA200 121.42 → PASS), Breakout state: "HOLD"

==============================
BUY   DELL_GoogleFinance_AutoUpToDate
DATE  2026-03-10T00:00:00Z
PRICE 143.15
--- REASONS ---
[BUY_REASON] RSI2 = 1.09 (below oversold 20 → TRIGGERED), RSI3 = 1.08 (below oversold 20 → TRIGGERED), ATR available (8.0)
[BUY_FILTERS] SMA200 filter ACTIVE (price 143.15 > SMA200 128.66 → PASS), Breakout state: "HOLD"

==============================
BUY   DELL_GoogleFinance_AutoUpToDate
DATE  2026-04-29T00:00:00Z
PRICE 205.34
--- REASONS ---
[BUY_REASON] RSI2 = 0.0 (below oversold 20 → TRIGGERED), RSI3 = 0.0 (below oversold 20 → TRIGGERED), ATR available (9.53)
[BUY_FILTERS] SMA200 filter ACTIVE (price 205.34 > SMA200 139.74 → PASS), Breakout state: "HOLD"

==============================
BUY   DELL_GoogleFinance_AutoUpToDate
DATE  2026-05-19T00:00:00Z
PRICE 234.89
--- REASONS ---
[BUY_REASON] RSI2 = 0.0 (below oversold 20 → TRIGGERED), RSI3 = 0.0 (below oversold 20 → TRIGGERED), ATR available (14.36)
[BUY_FILTERS] SMA200 filter ACTIVE (price 234.89 > SMA200 147.16 → PASS), Breakout state: "HOLD"

==============================
BUY   DELL_GoogleFinance_AutoUpToDate
DATE  2026-06-04T00:00:00Z
PRICE 421.39
--- REASONS ---
[BUY_REASON] RSI2 = 6.38 (below oversold 20 → TRIGGERED), RSI3 = 2.12 (below oversold 20 → TRIGGERED), ATR available (29.52)
[BUY_FILTERS] SMA200 filter ACTIVE (price 421.39 > SMA200 159.17 → PASS), Breakout state: "HOLD"

==============================
BUY   DELL_GoogleFinance_AutoUpToDate
DATE  2026-06-26T00:00:00Z
PRICE 398.87
--- REASONS ---
[BUY_REASON] RSI2 = 0.0 (below oversold 20 → TRIGGERED), RSI3 = 15.37 (below oversold 20 → TRIGGERED), ATR available (30.6)
[BUY_FILTERS] SMA200 filter ACTIVE (price 398.87 > SMA200 180.0 → PASS), Breakout state: "HOLD"

==============================
BUY   DELL_GoogleFinance_AutoUpToDate
DATE  2026-07-17T00:00:00Z
PRICE 395.72
--- REASONS ---
[BUY_REASON] RSI2 = 18.89 (below oversold 20 → TRIGGERED), RSI3 = 6.97 (below oversold 20 → TRIGGERED), ATR available (33.26)
[BUY_FILTERS] SMA200 filter ACTIVE (price 395.72 > SMA200 200.45 → PASS), Breakout state: "HOLD"

==============================
BUY   DELL_GoogleFinance_AutoUpToDate
DATE  2026-07-27T00:00:00Z
PRICE 426.91
--- REASONS ---
[BUY_REASON] RSI2 = 0.0 (below oversold 20 → TRIGGERED), RSI3 = 0.0 (below oversold 20 → TRIGGERED), ATR available (31.52)
[BUY_FILTERS] SMA200 filter ACTIVE (price 426.91 > SMA200 208.78 → PASS), Breakout state: "HOLD"

==============================
BUY   NVDA_GoogleFinance_AutoUpToDate
DATE  2020-01-27T00:00:00Z
PRICE 5.97
--- REASONS ---
[BUY_REASON] RSI2 = 17.85 (below oversold 18 → TRIGGERED), RSI3 = 0.0 (below oversold 18 → TRIGGERED), ATR available (0.16)
[BUY_FILTERS] SMA0 filter ACTIVE (price 5.97 > SMA0 4.62 → PASS), Breakout state: "HOLD"

==============================
BUY   NVDA_GoogleFinance_AutoUpToDate
DATE  2020-02-24T00:00:00Z
PRICE 6.79
--- REASONS ---
[BUY_REASON] RSI2 = 0.0 (below oversold 18 → TRIGGERED), RSI3 = 0.0 (below oversold 18 → TRIGGERED), ATR available (0.3)
[BUY_FILTERS] SMA0 filter ACTIVE (price 6.79 > SMA0 4.81 → PASS), Breakout state: "HOLD"

==============================
BUY   NVDA_GoogleFinance_AutoUpToDate
DATE  2020-04-21T00:00:00Z
PRICE 6.70
--- REASONS ---
[BUY_REASON] RSI2 = 0.0 (below oversold 18 → TRIGGERED), RSI3 = 0.0 (below oversold 18 → TRIGGERED), ATR available (0.39)
[BUY_FILTERS] SMA0 filter ACTIVE (price 6.7 > SMA0 5.33 → PASS), Breakout state: "HOLD"

==============================
BUY   NVDA_GoogleFinance_AutoUpToDate
DATE  2020-05-28T00:00:00Z
PRICE 8.44
--- REASONS ---
[BUY_REASON] RSI2 = 0.0 (below oversold 18 → TRIGGERED), RSI3 = 0.0 (below oversold 18 → TRIGGERED), ATR available (0.4)
[BUY_FILTERS] SMA0 filter ACTIVE (price 8.44 > SMA0 5.82 → PASS), Breakout state: "HOLD"

==============================
BUY   NVDA_GoogleFinance_AutoUpToDate
DATE  2020-08-11T00:00:00Z
PRICE 10.80
--- REASONS ---
[BUY_REASON] RSI2 = 0.0 (below oversold 18 → TRIGGERED), RSI3 = 0.0 (below oversold 18 → TRIGGERED), ATR available (0.36)
[BUY_FILTERS] SMA0 filter ACTIVE (price 10.8 > SMA0 7.23 → PASS), Breakout state: "HOLD"

==============================
BUY   NVDA_GoogleFinance_AutoUpToDate
DATE  2020-08-20T00:00:00Z
PRICE 12.09
--- REASONS ---
[BUY_REASON] RSI2 = 1.24 (below oversold 18 → TRIGGERED), RSI3 = 2.0 (below oversold 18 → TRIGGERED), ATR available (0.41)
[BUY_FILTERS] SMA0 filter ACTIVE (price 12.09 > SMA0 7.46 → PASS), Breakout state: "HOLD"

==============================
BUY   NVDA_GoogleFinance_AutoUpToDate
DATE  2020-09-18T00:00:00Z
PRICE 12.14
--- REASONS ---
[BUY_REASON] RSI2 = 0.0 (below oversold 18 → TRIGGERED), RSI3 = 0.0 (below oversold 18 → TRIGGERED), ATR available (0.84)
[BUY_FILTERS] SMA0 filter ACTIVE (price 12.14 > SMA0 8.21 → PASS), Breakout state: "HOLD"

==============================
BUY   NVDA_GoogleFinance_AutoUpToDate
DATE  2020-10-15T00:00:00Z
PRICE 13.91
--- REASONS ---
[BUY_REASON] RSI2 = 7.4 (below oversold 18 → TRIGGERED), RSI3 = 0.0 (below oversold 18 → TRIGGERED), ATR available (0.41)
[BUY_FILTERS] SMA0 filter ACTIVE (price 13.91 > SMA0 8.95 → PASS), Breakout state: "HOLD"

==============================
BUY   NVDA_GoogleFinance_AutoUpToDate
DATE  2020-11-20T00:00:00Z
PRICE 13.03
--- REASONS ---
[BUY_REASON] RSI2 = 4.86 (below oversold 18 → TRIGGERED), RSI3 = 3.16 (below oversold 18 → TRIGGERED), ATR available (0.6)
[BUY_FILTERS] SMA0 filter ACTIVE (price 13.03 > SMA0 9.88 → PASS), Breakout state: "HOLD"

==============================
BUY   NVDA_GoogleFinance_AutoUpToDate
DATE  2020-12-10T00:00:00Z
PRICE 12.92
--- REASONS ---
[BUY_REASON] RSI2 = 5.78 (below oversold 18 → TRIGGERED), RSI3 = 9.01 (below oversold 18 → TRIGGERED), ATR available (0.33)
[BUY_FILTERS] SMA0 filter ACTIVE (price 12.92 > SMA0 10.29 → PASS), Breakout state: "HOLD"

==============================
BUY   NVDA_GoogleFinance_AutoUpToDate
DATE  2020-12-23T00:00:00Z
PRICE 12.96
--- REASONS ---
[BUY_REASON] RSI2 = 15.72 (below oversold 18 → TRIGGERED), RSI3 = 0.0 (below oversold 18 → TRIGGERED), ATR available (0.29)
[BUY_FILTERS] SMA0 filter ACTIVE (price 12.96 > SMA0 10.59 → PASS), Breakout state: "HOLD"

==============================
BUY   NVDA_GoogleFinance_AutoUpToDate
DATE  2021-01-14T00:00:00Z
PRICE 13.15
--- REASONS ---
[BUY_REASON] RSI2 = 9.12 (below oversold 18 → TRIGGERED), RSI3 = 12.42 (below oversold 18 → TRIGGERED), ATR available (0.43)
[BUY_FILTERS] SMA0 filter ACTIVE (price 13.15 > SMA0 11.1 → PASS), Breakout state: "HOLD"

==============================
BUY   NVDA_GoogleFinance_AutoUpToDate
DATE  2021-01-26T00:00:00Z
PRICE 13.38
--- REASONS ---
[BUY_REASON] RSI2 = 0.0 (below oversold 18 → TRIGGERED), RSI3 = 0.0 (below oversold 18 → TRIGGERED), ATR available (0.48)
[BUY_FILTERS] SMA0 filter ACTIVE (price 13.38 > SMA0 11.35 → PASS), Breakout state: "HOLD"

==============================
BUY   NVDA_GoogleFinance_AutoUpToDate
DATE  2021-02-22T00:00:00Z
PRICE 14.30
--- REASONS ---
[BUY_REASON] RSI2 = 13.08 (below oversold 18 → TRIGGERED), RSI3 = 14.59 (below oversold 18 → TRIGGERED), ATR available (0.47)
[BUY_FILTERS] SMA0 filter ACTIVE (price 14.3 > SMA0 11.97 → PASS), Breakout state: "HOLD"

==============================
BUY   NVDA_GoogleFinance_AutoUpToDate
DATE  2021-03-05T00:00:00Z
PRICE 12.41
--- REASONS ---
[BUY_REASON] RSI2 = 8.09 (below oversold 18 → TRIGGERED), RSI3 = 17.36 (below oversold 18 → TRIGGERED), ATR available (0.66)
[BUY_FILTERS] SMA0 filter ACTIVE (price 12.41 > SMA0 12.21 → PASS), Breakout state: "HOLD"

==============================
BUY   NVDA_GoogleFinance_AutoUpToDate
DATE  2021-03-25T00:00:00Z
PRICE 12.49
--- REASONS ---
[BUY_REASON] RSI2 = 0.0 (below oversold 18 → TRIGGERED), RSI3 = 0.0 (below oversold 18 → TRIGGERED), ATR available (0.53)
[BUY_FILTERS] SMA0 filter ACTIVE (price 12.49 > SMA0 12.49 → PASS), Breakout state: "HOLD"

==============================
BUY   NVDA_GoogleFinance_AutoUpToDate
DATE  2021-04-20T00:00:00Z
PRICE 15.12
--- REASONS ---
[BUY_REASON] RSI2 = 0.0 (below oversold 18 → TRIGGERED), RSI3 = 0.0 (below oversold 18 → TRIGGERED), ATR available (0.53)
[BUY_FILTERS] SMA0 filter ACTIVE (price 15.12 > SMA0 12.92 → PASS), Breakout state: "HOLD"

==============================
BUY   NVDA_GoogleFinance_AutoUpToDate
DATE  2021-06-09T00:00:00Z
PRICE 17.30
--- REASONS ---
[BUY_REASON] RSI2 = 13.7 (below oversold 18 → TRIGGERED), RSI3 = 0.0 (below oversold 18 → TRIGGERED), ATR available (0.53)
[BUY_FILTERS] SMA0 filter ACTIVE (price 17.3 > SMA0 13.7 → PASS), Breakout state: "HOLD"

==============================
BUY   NVDA_GoogleFinance_AutoUpToDate
DATE  2021-07-27T00:00:00Z
PRICE 19.14
--- REASONS ---
[BUY_REASON] RSI2 = 0.0 (below oversold 18 → TRIGGERED), RSI3 = 0.0 (below oversold 18 → TRIGGERED), ATR available (0.71)
[BUY_FILTERS] SMA0 filter ACTIVE (price 19.14 > SMA0 14.74 → PASS), Breakout state: "HOLD"

==============================
BUY   NVDA_GoogleFinance_AutoUpToDate
DATE  2021-08-10T00:00:00Z
PRICE 19.87
--- REASONS ---
[BUY_REASON] RSI2 = 0.0 (below oversold 18 → TRIGGERED), RSI3 = 0.0 (below oversold 18 → TRIGGERED), ATR available (0.58)
[BUY_FILTERS] SMA0 filter ACTIVE (price 19.87 > SMA0 15.04 → PASS), Breakout state: "HOLD"

==============================
BUY   NVDA_GoogleFinance_AutoUpToDate
DATE  2021-09-09T00:00:00Z
PRICE 22.11
--- REASONS ---
[BUY_REASON] RSI2 = 0.0 (below oversold 18 → TRIGGERED), RSI3 = 0.0 (below oversold 18 → TRIGGERED), ATR available (0.61)
[BUY_FILTERS] SMA0 filter ACTIVE (price 22.11 > SMA0 15.89 → PASS), Breakout state: "HOLD"

==============================
BUY   NVDA_GoogleFinance_AutoUpToDate
DATE  2021-09-21T00:00:00Z
PRICE 21.18
--- REASONS ---
[BUY_REASON] RSI2 = 10.54 (below oversold 18 → TRIGGERED), RSI3 = 14.46 (below oversold 18 → TRIGGERED), ATR available (0.55)
[BUY_FILTERS] SMA0 filter ACTIVE (price 21.18 > SMA0 16.24 → PASS), Breakout state: "HOLD"

==============================
BUY   NVDA_GoogleFinance_AutoUpToDate
DATE  2021-10-12T00:00:00Z
PRICE 20.60
--- REASONS ---
[BUY_REASON] RSI2 = 0.0 (below oversold 18 → TRIGGERED), RSI3 = 0.0 (below oversold 18 → TRIGGERED), ATR available (0.69)
[BUY_FILTERS] SMA0 filter ACTIVE (price 20.6 > SMA0 16.82 → PASS), Breakout state: "HOLD"

==============================
BUY   NVDA_GoogleFinance_AutoUpToDate
DATE  2021-11-17T00:00:00Z
PRICE 29.17
--- REASONS ---
[BUY_REASON] RSI2 = 11.99 (below oversold 18 → TRIGGERED), RSI3 = 15.89 (below oversold 18 → TRIGGERED), ATR available (1.52)
[BUY_FILTERS] SMA0 filter ACTIVE (price 29.17 > SMA0 18.48 → PASS), Breakout state: "HOLD"

==============================
BUY   NVDA_GoogleFinance_AutoUpToDate
DATE  2021-12-10T00:00:00Z
PRICE 30.10
--- REASONS ---
[BUY_REASON] RSI2 = 0.0 (below oversold 18 → TRIGGERED), RSI3 = 0.0 (below oversold 18 → TRIGGERED), ATR available (1.82)
[BUY_FILTERS] SMA0 filter ACTIVE (price 30.1 > SMA0 19.87 → PASS), Breakout state: "HOLD"

==============================
BUY   NVDA_GoogleFinance_AutoUpToDate
DATE  2021-12-30T00:00:00Z
PRICE 29.49
--- REASONS ---
[BUY_REASON] RSI2 = 0.0 (below oversold 18 → TRIGGERED), RSI3 = 0.0 (below oversold 18 → TRIGGERED), ATR available (1.52)
[BUY_FILTERS] SMA0 filter ACTIVE (price 29.49 > SMA0 20.93 → PASS), Breakout state: "HOLD"

==============================
BUY   NVDA_GoogleFinance_AutoUpToDate
DATE  2023-03-13T00:00:00Z
PRICE 22.92
--- REASONS ---
[BUY_REASON] RSI2 = 0.08 (below oversold 18 → TRIGGERED), RSI3 = 0.21 (below oversold 18 → TRIGGERED), ATR available (0.98)
[BUY_FILTERS] SMA0 filter ACTIVE (price 22.92 > SMA0 16.66 → PASS), Breakout state: "HOLD"

==============================
BUY   NVDA_GoogleFinance_AutoUpToDate
DATE  2023-03-28T00:00:00Z
PRICE 26.36
--- REASONS ---
[BUY_REASON] RSI2 = 0.0 (below oversold 18 → TRIGGERED), RSI3 = 0.0 (below oversold 18 → TRIGGERED), ATR available (1.01)
[BUY_FILTERS] SMA0 filter ACTIVE (price 26.36 > SMA0 17.07 → PASS), Breakout state: "HOLD"

==============================
BUY   NVDA_GoogleFinance_AutoUpToDate
DATE  2023-04-13T00:00:00Z
PRICE 26.41
--- REASONS ---
[BUY_REASON] RSI2 = 0.0 (below oversold 18 → TRIGGERED), RSI3 = 0.0 (below oversold 18 → TRIGGERED), ATR available (0.74)
[BUY_FILTERS] SMA0 filter ACTIVE (price 26.41 > SMA0 17.66 → PASS), Breakout state: "HOLD"

==============================
BUY   NVDA_GoogleFinance_AutoUpToDate
DATE  2023-04-24T00:00:00Z
PRICE 26.99
--- REASONS ---
[BUY_REASON] RSI2 = 1.63 (below oversold 18 → TRIGGERED), RSI3 = 16.3 (below oversold 18 → TRIGGERED), ATR available (0.78)
[BUY_FILTERS] SMA0 filter ACTIVE (price 26.99 > SMA0 18.08 → PASS), Breakout state: "HOLD"

==============================
BUY   NVDA_GoogleFinance_AutoUpToDate
DATE  2023-05-04T00:00:00Z
PRICE 27.51
--- REASONS ---
[BUY_REASON] RSI2 = 0.0 (below oversold 18 → TRIGGERED), RSI3 = 0.0 (below oversold 18 → TRIGGERED), ATR available (0.85)
[BUY_FILTERS] SMA0 filter ACTIVE (price 27.51 > SMA0 18.56 → PASS), Breakout state: "HOLD"

==============================
BUY   NVDA_GoogleFinance_AutoUpToDate
DATE  2023-05-23T00:00:00Z
PRICE 30.63
--- REASONS ---
[BUY_REASON] RSI2 = 0.0 (below oversold 18 → TRIGGERED), RSI3 = 0.0 (below oversold 18 → TRIGGERED), ATR available (0.87)
[BUY_FILTERS] SMA0 filter ACTIVE (price 30.63 > SMA0 19.31 → PASS), Breakout state: "HOLD"

==============================
BUY   NVDA_GoogleFinance_AutoUpToDate
DATE  2023-06-06T00:00:00Z
PRICE 38.58
--- REASONS ---
[BUY_REASON] RSI2 = 0.0 (below oversold 18 → TRIGGERED), RSI3 = 0.0 (below oversold 18 → TRIGGERED), ATR available (1.95)
[BUY_FILTERS] SMA0 filter ACTIVE (price 38.58 > SMA0 20.2 → PASS), Breakout state: "HOLD"

==============================
BUY   NVDA_GoogleFinance_AutoUpToDate
DATE  2023-06-23T00:00:00Z
PRICE 42.13
--- REASONS ---
[BUY_REASON] RSI2 = 0.0 (below oversold 18 → TRIGGERED), RSI3 = 0.0 (below oversold 18 → TRIGGERED), ATR available (1.36)
[BUY_FILTERS] SMA0 filter ACTIVE (price 42.13 > SMA0 21.72 → PASS), Breakout state: "HOLD"

==============================
BUY   NVDA_GoogleFinance_AutoUpToDate
DATE  2023-07-21T00:00:00Z
PRICE 44.22
--- REASONS ---
[BUY_REASON] RSI2 = 0.0 (below oversold 18 → TRIGGERED), RSI3 = 0.0 (below oversold 18 → TRIGGERED), ATR available (1.48)
[BUY_FILTERS] SMA0 filter ACTIVE (price 44.22 > SMA0 24.61 → PASS), Breakout state: "HOLD"

==============================
BUY   NVDA_GoogleFinance_AutoUpToDate
DATE  2023-08-03T00:00:00Z
PRICE 44.43
--- REASONS ---
[BUY_REASON] RSI2 = 9.09 (below oversold 18 → TRIGGERED), RSI3 = 9.9 (below oversold 18 → TRIGGERED), ATR available (1.52)
[BUY_FILTERS] SMA0 filter ACTIVE (price 44.43 > SMA0 26.11 → PASS), Breakout state: "HOLD"

==============================
BUY   NVDA_GoogleFinance_AutoUpToDate
DATE  2023-08-18T00:00:00Z
PRICE 43.22
--- REASONS ---
[BUY_REASON] RSI2 = 0.0 (below oversold 18 → TRIGGERED), RSI3 = 0.0 (below oversold 18 → TRIGGERED), ATR available (1.73)
[BUY_FILTERS] SMA0 filter ACTIVE (price 43.22 > SMA0 27.8 → PASS), Breakout state: "HOLD"

==============================
BUY   NVDA_GoogleFinance_AutoUpToDate
DATE  2023-09-05T00:00:00Z
PRICE 48.46
--- REASONS ---
[BUY_REASON] RSI2 = 13.32 (below oversold 18 → TRIGGERED), RSI3 = 4.41 (below oversold 18 → TRIGGERED), ATR available (2.03)
[BUY_FILTERS] SMA0 filter ACTIVE (price 48.46 > SMA0 29.61 → PASS), Breakout state: "HOLD"

==============================
BUY   NVDA_GoogleFinance_AutoUpToDate
DATE  2023-09-18T00:00:00Z
PRICE 43.89
--- REASONS ---
[BUY_REASON] RSI2 = 8.79 (below oversold 18 → TRIGGERED), RSI3 = 3.78 (below oversold 18 → TRIGGERED), ATR available (1.58)
[BUY_FILTERS] SMA0 filter ACTIVE (price 43.89 > SMA0 30.93 → PASS), Breakout state: "HOLD"

==============================
BUY   NVDA_GoogleFinance_AutoUpToDate
DATE  2023-10-27T00:00:00Z
PRICE 40.43
--- REASONS ---
[BUY_REASON] RSI2 = 4.96 (below oversold 18 → TRIGGERED), RSI3 = 10.69 (below oversold 18 → TRIGGERED), ATR available (1.72)
[BUY_FILTERS] SMA0 filter ACTIVE (price 40.43 > SMA0 34.91 → PASS), Breakout state: "HOLD"

==============================
BUY   NVDA_GoogleFinance_AutoUpToDate
DATE  2023-11-24T00:00:00Z
PRICE 47.69
--- REASONS ---
[BUY_REASON] RSI2 = 0.0 (below oversold 18 → TRIGGERED), RSI3 = 0.0 (below oversold 18 → TRIGGERED), ATR available (1.32)
[BUY_FILTERS] SMA0 filter ACTIVE (price 47.69 > SMA0 37.5 → PASS), Breakout state: "HOLD"

==============================
BUY   NVDA_GoogleFinance_AutoUpToDate
DATE  2024-01-02T00:00:00Z
PRICE 48.08
--- REASONS ---
[BUY_REASON] RSI2 = 7.2 (below oversold 18 → TRIGGERED), RSI3 = 0.0 (below oversold 18 → TRIGGERED), ATR available (1.19)
[BUY_FILTERS] SMA0 filter ACTIVE (price 48.08 > SMA0 40.63 → PASS), Breakout state: "HOLD"

==============================
BUY   NVDA_GoogleFinance_AutoUpToDate
DATE  2024-02-20T00:00:00Z
PRICE 69.33
--- REASONS ---
[BUY_REASON] RSI2 = 0.0 (below oversold 18 → TRIGGERED), RSI3 = 0.0 (below oversold 18 → TRIGGERED), ATR available (2.74)
[BUY_FILTERS] SMA0 filter ACTIVE (price 69.33 > SMA0 46.38 → PASS), Breakout state: "HOLD"

==============================
BUY   NVDA_GoogleFinance_AutoUpToDate
DATE  2024-03-15T00:00:00Z
PRICE 87.69
--- REASONS ---
[BUY_REASON] RSI2 = 0.0 (below oversold 18 → TRIGGERED), RSI3 = 0.0 (below oversold 18 → TRIGGERED), ATR available (4.16)
[BUY_FILTERS] SMA0 filter ACTIVE (price 87.69 > SMA0 51.1 → PASS), Breakout state: "HOLD"

==============================
BUY   NVDA_GoogleFinance_AutoUpToDate
DATE  2024-03-27T00:00:00Z
PRICE 90.10
--- REASONS ---
[BUY_REASON] RSI2 = 13.05 (below oversold 18 → TRIGGERED), RSI3 = 0.0 (below oversold 18 → TRIGGERED), ATR available (4.51)
[BUY_FILTERS] SMA0 filter ACTIVE (price 90.1 > SMA0 53.21 → PASS), Breakout state: "HOLD"

==============================
BUY   NVDA_GoogleFinance_AutoUpToDate
DATE  2024-05-01T00:00:00Z
PRICE 82.90
--- REASONS ---
[BUY_REASON] RSI2 = 0.46 (below oversold 18 → TRIGGERED), RSI3 = 0.0 (below oversold 18 → TRIGGERED), ATR available (4.33)
[BUY_FILTERS] SMA0 filter ACTIVE (price 82.9 > SMA0 58.38 → PASS), Breakout state: "HOLD"

==============================
BUY   NVDA_GoogleFinance_AutoUpToDate
DATE  2024-05-31T00:00:00Z
PRICE 109.45
--- REASONS ---
[BUY_REASON] RSI2 = 15.11 (below oversold 18 → TRIGGERED), RSI3 = 0.0 (below oversold 18 → TRIGGERED), ATR available (4.34)
[BUY_FILTERS] SMA0 filter ACTIVE (price 109.45 > SMA0 63.82 → PASS), Breakout state: "HOLD"

==============================
BUY   NVDA_GoogleFinance_AutoUpToDate
DATE  2024-06-24T00:00:00Z
PRICE 117.92
--- REASONS ---
[BUY_REASON] RSI2 = 0.0 (below oversold 18 → TRIGGERED), RSI3 = 0.0 (below oversold 18 → TRIGGERED), ATR available (5.77)
[BUY_FILTERS] SMA0 filter ACTIVE (price 117.92 > SMA0 69.64 → PASS), Breakout state: "HOLD"

==============================
BUY   NVDA_GoogleFinance_AutoUpToDate
DATE  2024-08-29T00:00:00Z
PRICE 117.40
--- REASONS ---
[BUY_REASON] RSI2 = 14.66 (below oversold 18 → TRIGGERED), RSI3 = 0.0 (below oversold 18 → TRIGGERED), ATR available (5.8)
[BUY_FILTERS] SMA0 filter ACTIVE (price 117.4 > SMA0 87.48 → PASS), Breakout state: "HOLD"

==============================
BUY   NVDA_GoogleFinance_AutoUpToDate
DATE  2024-09-17T00:00:00Z
PRICE 115.41
--- REASONS ---
[BUY_REASON] RSI2 = 0.0 (below oversold 18 → TRIGGERED), RSI3 = 0.0 (below oversold 18 → TRIGGERED), ATR available (6.19)
[BUY_FILTERS] SMA0 filter ACTIVE (price 115.41 > SMA0 91.27 → PASS), Breakout state: "HOLD"

==============================
BUY   NVDA_GoogleFinance_AutoUpToDate
DATE  2024-09-30T00:00:00Z
PRICE 121.25
--- REASONS ---
[BUY_REASON] RSI2 = 17.76 (below oversold 18 → TRIGGERED), RSI3 = 1.49 (below oversold 18 → TRIGGERED), ATR available (4.77)
[BUY_FILTERS] SMA0 filter ACTIVE (price 121.25 > SMA0 94.54 → PASS), Breakout state: "HOLD"

==============================
BUY   NVDA_GoogleFinance_AutoUpToDate
DATE  2024-10-24T00:00:00Z
PRICE 140.19
--- REASONS ---
[BUY_REASON] RSI2 = 17.0 (below oversold 18 → TRIGGERED), RSI3 = 17.42 (below oversold 18 → TRIGGERED), ATR available (4.63)
[BUY_FILTERS] SMA0 filter ACTIVE (price 140.19 > SMA0 102.06 → PASS), Breakout state: "HOLD"

==============================
BUY   NVDA_GoogleFinance_AutoUpToDate
DATE  2024-11-15T00:00:00Z
PRICE 141.76
--- REASONS ---
[BUY_REASON] RSI2 = 6.72 (below oversold 18 → TRIGGERED), RSI3 = 9.3 (below oversold 18 → TRIGGERED), ATR available (4.57)
[BUY_FILTERS] SMA0 filter ACTIVE (price 141.76 > SMA0 108.71 → PASS), Breakout state: "HOLD"

==============================
BUY   NVDA_GoogleFinance_AutoUpToDate
DATE  2024-11-26T00:00:00Z
PRICE 136.71
--- REASONS ---
[BUY_REASON] RSI2 = 7.79 (below oversold 18 → TRIGGERED), RSI3 = 13.18 (below oversold 18 → TRIGGERED), ATR available (5.34)
[BUY_FILTERS] SMA0 filter ACTIVE (price 136.71 > SMA0 111.24 → PASS), Breakout state: "HOLD"

==============================
BUY   NVDA_GoogleFinance_AutoUpToDate
DATE  2024-12-09T00:00:00Z
PRICE 138.61
--- REASONS ---
[BUY_REASON] RSI2 = 0.0 (below oversold 18 → TRIGGERED), RSI3 = 0.0 (below oversold 18 → TRIGGERED), ATR available (5.16)
[BUY_FILTERS] SMA0 filter ACTIVE (price 138.61 > SMA0 113.93 → PASS), Breakout state: "HOLD"

==============================
BUY   NVDA_GoogleFinance_AutoUpToDate
DATE  2024-12-27T00:00:00Z
PRICE 136.81
--- REASONS ---
[BUY_REASON] RSI2 = 14.63 (below oversold 18 → TRIGGERED), RSI3 = 0.0 (below oversold 18 → TRIGGERED), ATR available (5.38)
[BUY_FILTERS] SMA0 filter ACTIVE (price 136.81 > SMA0 117.2 → PASS), Breakout state: "HOLD"

==============================
BUY   NVDA_GoogleFinance_AutoUpToDate
DATE  2025-01-10T00:00:00Z
PRICE 135.71
--- REASONS ---
[BUY_REASON] RSI2 = 0.0 (below oversold 18 → TRIGGERED), RSI3 = 0.0 (below oversold 18 → TRIGGERED), ATR available (5.96)
[BUY_FILTERS] SMA0 filter ACTIVE (price 135.71 > SMA0 119.17 → PASS), Breakout state: "HOLD"

==============================
BUY   NVDA_GoogleFinance_AutoUpToDate
DATE  2025-01-31T00:00:00Z
PRICE 119.89
--- REASONS ---
[BUY_REASON] RSI2 = 8.78 (below oversold 18 → TRIGGERED), RSI3 = 17.18 (below oversold 18 → TRIGGERED), ATR available (8.1)
[BUY_FILTERS] SMA0 filter ACTIVE (price 119.89 ≤ SMA0 122.3 → BLOCK), Breakout state: "HOLD"

==============================
BUY   NVDA_GoogleFinance_AutoUpToDate
DATE  2025-02-21T00:00:00Z
PRICE 134.23
--- REASONS ---
[BUY_REASON] RSI2 = 13.08 (below oversold 18 → TRIGGERED), RSI3 = 13.41 (below oversold 18 → TRIGGERED), ATR available (4.98)
[BUY_FILTERS] SMA0 filter ACTIVE (price 134.23 > SMA0 125.63 → PASS), Breakout state: "HOLD"

==============================
BUY   NVDA_GoogleFinance_AutoUpToDate
DATE  2025-05-21T00:00:00Z
PRICE 131.62
--- REASONS ---
[BUY_REASON] RSI2 = 4.31 (below oversold 18 → TRIGGERED), RSI3 = 0.0 (below oversold 18 → TRIGGERED), ATR available (4.34)
[BUY_FILTERS] SMA0 filter ACTIVE (price 131.62 > SMA0 125.65 → PASS), Breakout state: "HOLD"

==============================
BUY   NVDA_GoogleFinance_AutoUpToDate
DATE  2025-07-22T00:00:00Z
PRICE 166.81
--- REASONS ---
[BUY_REASON] RSI2 = 0.0 (below oversold 18 → TRIGGERED), RSI3 = 0.0 (below oversold 18 → TRIGGERED), ATR available (3.87)
[BUY_FILTERS] SMA0 filter ACTIVE (price 166.81 > SMA0 132.72 → PASS), Breakout state: "HOLD"

==============================
BUY   NVDA_GoogleFinance_AutoUpToDate
DATE  2025-08-21T00:00:00Z
PRICE 174.75
--- REASONS ---
[BUY_REASON] RSI2 = 0.0 (below oversold 18 → TRIGGERED), RSI3 = 0.0 (below oversold 18 → TRIGGERED), ATR available (4.5)
[BUY_FILTERS] SMA0 filter ACTIVE (price 174.75 > SMA0 137.45 → PASS), Breakout state: "HOLD"

==============================
BUY   NVDA_GoogleFinance_AutoUpToDate
DATE  2025-09-17T00:00:00Z
PRICE 170.08
--- REASONS ---
[BUY_REASON] RSI2 = 0.0 (below oversold 18 → TRIGGERED), RSI3 = 0.0 (below oversold 18 → TRIGGERED), ATR available (5.17)
[BUY_FILTERS] SMA0 filter ACTIVE (price 170.08 > SMA0 140.32 → PASS), Breakout state: "HOLD"

==============================
BUY   NVDA_GoogleFinance_AutoUpToDate
DATE  2025-10-07T00:00:00Z
PRICE 184.81
--- REASONS ---
[BUY_REASON] RSI2 = 0.0 (below oversold 18 → TRIGGERED), RSI3 = 0.0 (below oversold 18 → TRIGGERED), ATR available (5.52)
[BUY_FILTERS] SMA0 filter ACTIVE (price 184.81 > SMA0 143.4 → PASS), Breakout state: "HOLD"

==============================
BUY   NVDA_GoogleFinance_AutoUpToDate
DATE  2025-10-22T00:00:00Z
PRICE 180.05
--- REASONS ---
[BUY_REASON] RSI2 = 0.0 (below oversold 18 → TRIGGERED), RSI3 = 0.0 (below oversold 18 → TRIGGERED), ATR available (5.91)
[BUY_FILTERS] SMA0 filter ACTIVE (price 180.05 > SMA0 145.99 → PASS), Breakout state: "HOLD"

==============================
BUY   NVDA_GoogleFinance_AutoUpToDate
DATE  2025-11-06T00:00:00Z
PRICE 187.84
--- REASONS ---
[BUY_REASON] RSI2 = 0.0 (below oversold 18 → TRIGGERED), RSI3 = 0.0 (below oversold 18 → TRIGGERED), ATR available (7.07)
[BUY_FILTERS] SMA0 filter ACTIVE (price 187.84 > SMA0 149.16 → PASS), Breakout state: "HOLD"

==============================
BUY   NVDA_GoogleFinance_AutoUpToDate
DATE  2025-12-11T00:00:00Z
PRICE 180.71
--- REASONS ---
[BUY_REASON] RSI2 = 0.0 (below oversold 18 → TRIGGERED), RSI3 = 0.0 (below oversold 18 → TRIGGERED), ATR available (5.96)
[BUY_FILTERS] SMA0 filter ACTIVE (price 180.71 > SMA0 155.6 → PASS), Breakout state: "HOLD"

==============================
BUY   NVDA_GoogleFinance_AutoUpToDate
DATE  2025-12-31T00:00:00Z
PRICE 186.28
--- REASONS ---
[BUY_REASON] RSI2 = 0.0 (below oversold 18 → TRIGGERED), RSI3 = 0.0 (below oversold 18 → TRIGGERED), ATR available (4.99)
[BUY_FILTERS] SMA0 filter ACTIVE (price 186.28 > SMA0 159.92 → PASS), Breakout state: "HOLD"

==============================
BUY   NVDA_GoogleFinance_AutoUpToDate
DATE  2026-02-02T00:00:00Z
PRICE 185.39
--- REASONS ---
[BUY_REASON] RSI2 = 12.55 (below oversold 18 → TRIGGERED), RSI3 = 0.0 (below oversold 18 → TRIGGERED), ATR available (5.29)
[BUY_FILTERS] SMA0 filter ACTIVE (price 185.39 > SMA0 167.91 → PASS), Breakout state: "HOLD"

==============================
BUY   NVDA_GoogleFinance_AutoUpToDate
DATE  2026-02-13T00:00:00Z
PRICE 182.59
--- REASONS ---
[BUY_REASON] RSI2 = 17.26 (below oversold 18 → TRIGGERED), RSI3 = 0.0 (below oversold 18 → TRIGGERED), ATR available (6.99)
[BUY_FILTERS] SMA0 filter ACTIVE (price 182.59 > SMA0 171.46 → PASS), Breakout state: "HOLD"

==============================
BUY   NVDA_GoogleFinance_AutoUpToDate
DATE  2026-03-19T00:00:00Z
PRICE 178.36
--- REASONS ---
[BUY_REASON] RSI2 = 0.0 (below oversold 18 → TRIGGERED), RSI3 = 0.0 (below oversold 18 → TRIGGERED), ATR available (5.5)
[BUY_FILTERS] SMA0 filter ACTIVE (price 178.36 > SMA0 178.06 → PASS), Breakout state: "HOLD"

==============================
BUY   NVDA_GoogleFinance_AutoUpToDate
DATE  2026-04-30T00:00:00Z
PRICE 199.34
--- REASONS ---
[BUY_REASON] RSI2 = 0.0 (below oversold 18 → TRIGGERED), RSI3 = 0.0 (below oversold 18 → TRIGGERED), ATR available (6.26)
[BUY_FILTERS] SMA0 filter ACTIVE (price 199.34 > SMA0 183.5 → PASS), Breakout state: "HOLD"

==============================
BUY   NVDA_GoogleFinance_AutoUpToDate
DATE  2026-05-19T00:00:00Z
PRICE 220.36
--- REASONS ---
[BUY_REASON] RSI2 = 0.0 (below oversold 18 → TRIGGERED), RSI3 = 0.0 (below oversold 18 → TRIGGERED), ATR available (8.5)
[BUY_FILTERS] SMA0 filter ACTIVE (price 220.36 > SMA0 186.2 → PASS), Breakout state: "HOLD"

==============================
BUY   NVDA_GoogleFinance_AutoUpToDate
DATE  2026-05-27T00:00:00Z
PRICE 212.36
--- REASONS ---
[BUY_REASON] RSI2 = 0.0 (below oversold 18 → TRIGGERED), RSI3 = 0.0 (below oversold 18 → TRIGGERED), ATR available (8.01)
[BUY_FILTERS] SMA0 filter ACTIVE (price 212.36 > SMA0 187.13 → PASS), Breakout state: "HOLD"

==============================
BUY   NVDA_GoogleFinance_AutoUpToDate
DATE  2026-07-17T00:00:00Z
PRICE 202.81
--- REASONS ---
[BUY_REASON] RSI2 = 6.74 (below oversold 18 → TRIGGERED), RSI3 = 0.0 (below oversold 18 → TRIGGERED), ATR available (7.35)
[BUY_FILTERS] SMA0 filter ACTIVE (price 202.81 > SMA0 192.2 → PASS), Breakout state: "HOLD"

==============================
BUY   NVDA_GoogleFinance_AutoUpToDate
DATE  2026-07-28T00:00:00Z
PRICE 197.01
--- REASONS ---
[BUY_REASON] RSI2 = 3.92 (below oversold 18 → TRIGGERED), RSI3 = 4.62 (below oversold 18 → TRIGGERED), ATR available (7.73)
[BUY_FILTERS] SMA0 filter ACTIVE (price 197.01 > SMA0 192.82 → PASS), Breakout state: "HOLD"

==============================
BUY   DELL_GoogleFinance_AutoUpToDate
DATE  2020-06-03T00:00:00Z
PRICE 22.48
--- REASONS ---
[BUY_REASON] RSI2 = 0.0 (below oversold 20 → TRIGGERED), RSI3 = 0.0 (below oversold 20 → TRIGGERED), ATR available (0.85)
[BUY_FILTERS] SMA200 filter ACTIVE (price 22.48 > SMA200 21.86 → PASS), Breakout state: "HOLD"

==============================
BUY   DELL_GoogleFinance_AutoUpToDate
DATE  2020-07-13T00:00:00Z
PRICE 23.84
--- REASONS ---
[BUY_REASON] RSI2 = 0.0 (below oversold 20 → TRIGGERED), RSI3 = 0.0 (below oversold 20 → TRIGGERED), ATR available (0.87)
[BUY_FILTERS] SMA200 filter ACTIVE (price 23.84 > SMA200 21.84 → PASS), Breakout state: "HOLD"

==============================
BUY   DELL_GoogleFinance_AutoUpToDate
DATE  2020-07-27T00:00:00Z
PRICE 28.08
--- REASONS ---
[BUY_REASON] RSI2 = 18.18 (below oversold 20 → TRIGGERED), RSI3 = 14.29 (below oversold 20 → TRIGGERED), ATR available (0.94)
[BUY_FILTERS] SMA200 filter ACTIVE (price 28.08 > SMA200 22.03 → PASS), Breakout state: "HOLD"

==============================
BUY   DELL_GoogleFinance_AutoUpToDate
DATE  2020-08-13T00:00:00Z
PRICE 27.43
--- REASONS ---
[BUY_REASON] RSI2 = 11.33 (below oversold 20 → TRIGGERED), RSI3 = 10.18 (below oversold 20 → TRIGGERED), ATR available (0.61)
[BUY_FILTERS] SMA200 filter ACTIVE (price 27.43 > SMA200 22.33 → PASS), Breakout state: "HOLD"

==============================
BUY   DELL_GoogleFinance_AutoUpToDate
DATE  2020-09-08T00:00:00Z
PRICE 29.55
--- REASONS ---
[BUY_REASON] RSI2 = 0.0 (below oversold 20 → TRIGGERED), RSI3 = 0.0 (below oversold 20 → TRIGGERED), ATR available (0.99)
[BUY_FILTERS] SMA200 filter ACTIVE (price 29.55 > SMA200 22.66 → PASS), Breakout state: "HOLD"

==============================
BUY   DELL_GoogleFinance_AutoUpToDate
DATE  2020-09-21T00:00:00Z
PRICE 30.17
--- REASONS ---
[BUY_REASON] RSI2 = 0.0 (below oversold 20 → TRIGGERED), RSI3 = 0.0 (below oversold 20 → TRIGGERED), ATR available (1.01)
[BUY_FILTERS] SMA200 filter ACTIVE (price 30.17 > SMA200 22.98 → PASS), Breakout state: "HOLD"

==============================
BUY   DELL_GoogleFinance_AutoUpToDate
DATE  2020-10-02T00:00:00Z
PRICE 30.93
--- REASONS ---
[BUY_REASON] RSI2 = 0.0 (below oversold 20 → TRIGGERED), RSI3 = 0.0 (below oversold 20 → TRIGGERED), ATR available (0.78)
[BUY_FILTERS] SMA200 filter ACTIVE (price 30.93 > SMA200 23.36 → PASS), Breakout state: "HOLD"

==============================
BUY   DELL_GoogleFinance_AutoUpToDate
DATE  2020-10-19T00:00:00Z
PRICE 32.01
--- REASONS ---
[BUY_REASON] RSI2 = 14.47 (below oversold 20 → TRIGGERED), RSI3 = 8.03 (below oversold 20 → TRIGGERED), ATR available (0.68)
[BUY_FILTERS] SMA200 filter ACTIVE (price 32.01 > SMA200 23.83 → PASS), Breakout state: "HOLD"

==============================
BUY   DELL_GoogleFinance_AutoUpToDate
DATE  2020-11-02T00:00:00Z
PRICE 27.77
--- REASONS ---
[BUY_REASON] RSI2 = 10.34 (below oversold 20 → TRIGGERED), RSI3 = 6.38 (below oversold 20 → TRIGGERED), ATR available (0.82)
[BUY_FILTERS] SMA200 filter ACTIVE (price 27.77 > SMA200 24.16 → PASS), Breakout state: "HOLD"

==============================
BUY   DELL_GoogleFinance_AutoUpToDate
DATE  2020-12-29T00:00:00Z
PRICE 32.93
--- REASONS ---
[BUY_REASON] RSI2 = 0.0 (below oversold 20 → TRIGGERED), RSI3 = 0.0 (below oversold 20 → TRIGGERED), ATR available (0.74)
[BUY_FILTERS] SMA200 filter ACTIVE (price 32.93 > SMA200 26.21 → PASS), Breakout state: "HOLD"

==============================
BUY   DELL_GoogleFinance_AutoUpToDate
DATE  2021-01-13T00:00:00Z
PRICE 32.81
--- REASONS ---
[BUY_REASON] RSI2 = 16.87 (below oversold 20 → TRIGGERED), RSI3 = 13.61 (below oversold 20 → TRIGGERED), ATR available (0.97)
[BUY_FILTERS] SMA200 filter ACTIVE (price 32.81 > SMA200 27.1 → PASS), Breakout state: "HOLD"

==============================
BUY   DELL_GoogleFinance_AutoUpToDate
DATE  2021-01-25T00:00:00Z
PRICE 34.86
--- REASONS ---
[BUY_REASON] RSI2 = 0.0 (below oversold 20 → TRIGGERED), RSI3 = 0.0 (below oversold 20 → TRIGGERED), ATR available (1.07)
[BUY_FILTERS] SMA200 filter ACTIVE (price 34.86 > SMA200 27.7 → PASS), Breakout state: "HOLD"

==============================
BUY   DELL_GoogleFinance_AutoUpToDate
DATE  2021-02-11T00:00:00Z
PRICE 36.62
--- REASONS ---
[BUY_REASON] RSI2 = 0.0 (below oversold 20 → TRIGGERED), RSI3 = 0.0 (below oversold 20 → TRIGGERED), ATR available (0.92)
[BUY_FILTERS] SMA200 filter ACTIVE (price 36.62 > SMA200 28.8 → PASS), Breakout state: "HOLD"

==============================
BUY   DELL_GoogleFinance_AutoUpToDate
DATE  2021-03-22T00:00:00Z
PRICE 40.23
--- REASONS ---
[BUY_REASON] RSI2 = 0.0 (below oversold 20 → TRIGGERED), RSI3 = 0.0 (below oversold 20 → TRIGGERED), ATR available (0.93)
[BUY_FILTERS] SMA200 filter ACTIVE (price 40.23 > SMA200 31.21 → PASS), Breakout state: "HOLD"

==============================
BUY   DELL_GoogleFinance_AutoUpToDate
DATE  2021-04-14T00:00:00Z
PRICE 42.70
--- REASONS ---
[BUY_REASON] RSI2 = 15.6 (below oversold 20 → TRIGGERED), RSI3 = 11.18 (below oversold 20 → TRIGGERED), ATR available (0.77)
[BUY_FILTERS] SMA200 filter ACTIVE (price 42.7 > SMA200 32.7 → PASS), Breakout state: "HOLD"

==============================
BUY   DELL_GoogleFinance_AutoUpToDate
DATE  2021-04-22T00:00:00Z
PRICE 46.28
--- REASONS ---
[BUY_REASON] RSI2 = 0.0 (below oversold 20 → TRIGGERED), RSI3 = 0.0 (below oversold 20 → TRIGGERED), ATR available (1.09)
[BUY_FILTERS] SMA200 filter ACTIVE (price 46.28 > SMA200 33.35 → PASS), Breakout state: "HOLD"

==============================
BUY   DELL_GoogleFinance_AutoUpToDate
DATE  2021-05-04T00:00:00Z
PRICE 44.46
--- REASONS ---
[BUY_REASON] RSI2 = 0.0 (below oversold 20 → TRIGGERED), RSI3 = 0.0 (below oversold 20 → TRIGGERED), ATR available (1.08)
[BUY_FILTERS] SMA200 filter ACTIVE (price 44.46 > SMA200 34.18 → PASS), Breakout state: "HOLD"

==============================
BUY   DELL_GoogleFinance_AutoUpToDate
DATE  2021-05-12T00:00:00Z
PRICE 43.34
--- REASONS ---
[BUY_REASON] RSI2 = 0.0 (below oversold 20 → TRIGGERED), RSI3 = 0.0 (below oversold 20 → TRIGGERED), ATR available (0.92)
[BUY_FILTERS] SMA200 filter ACTIVE (price 43.34 > SMA200 34.69 → PASS), Breakout state: "HOLD"

==============================
BUY   DELL_GoogleFinance_AutoUpToDate
DATE  2021-05-19T00:00:00Z
PRICE 44.58
--- REASONS ---
[BUY_REASON] RSI2 = 0.0 (below oversold 20 → TRIGGERED), RSI3 = 0.0 (below oversold 20 → TRIGGERED), ATR available (1.03)
[BUY_FILTERS] SMA200 filter ACTIVE (price 44.58 > SMA200 35.13 → PASS), Breakout state: "HOLD"

==============================
BUY   DELL_GoogleFinance_AutoUpToDate
DATE  2021-05-28T00:00:00Z
PRICE 45.43
--- REASONS ---
[BUY_REASON] RSI2 = 3.64 (below oversold 20 → TRIGGERED), RSI3 = 15.2 (below oversold 20 → TRIGGERED), ATR available (1.06)
[BUY_FILTERS] SMA200 filter ACTIVE (price 45.43 > SMA200 35.74 → PASS), Breakout state: "HOLD"

==============================
BUY   DELL_GoogleFinance_AutoUpToDate
DATE  2021-06-14T00:00:00Z
PRICE 47.32
--- REASONS ---
[BUY_REASON] RSI2 = 13.29 (below oversold 20 → TRIGGERED), RSI3 = 11.87 (below oversold 20 → TRIGGERED), ATR available (0.98)
[BUY_FILTERS] SMA200 filter ACTIVE (price 47.32 > SMA200 36.72 → PASS), Breakout state: "HOLD"

==============================
BUY   DELL_GoogleFinance_AutoUpToDate
DATE  2021-06-24T00:00:00Z
PRICE 45.64
--- REASONS ---
[BUY_REASON] RSI2 = 0.0 (below oversold 20 → TRIGGERED), RSI3 = 0.0 (below oversold 20 → TRIGGERED), ATR available (0.74)
[BUY_FILTERS] SMA200 filter ACTIVE (price 45.64 > SMA200 37.36 → PASS), Breakout state: "HOLD"

==============================
BUY   DELL_GoogleFinance_AutoUpToDate
DATE  2021-07-28T00:00:00Z
PRICE 44.17
--- REASONS ---
[BUY_REASON] RSI2 = 0.0 (below oversold 20 → TRIGGERED), RSI3 = 0.0 (below oversold 20 → TRIGGERED), ATR available (0.91)
[BUY_FILTERS] SMA200 filter ACTIVE (price 44.17 > SMA200 38.96 → PASS), Breakout state: "HOLD"

==============================
BUY   DELL_GoogleFinance_AutoUpToDate
DATE  2021-08-16T00:00:00Z
PRICE 45.90
--- REASONS ---
[BUY_REASON] RSI2 = 0.0 (below oversold 20 → TRIGGERED), RSI3 = 14.0 (below oversold 20 → TRIGGERED), ATR available (0.61)
[BUY_FILTERS] SMA200 filter ACTIVE (price 45.9 > SMA200 39.87 → PASS), Breakout state: "HOLD"

==============================
BUY   DELL_GoogleFinance_AutoUpToDate
DATE  2021-09-08T00:00:00Z
PRICE 43.71
--- REASONS ---
[BUY_REASON] RSI2 = 0.0 (below oversold 20 → TRIGGERED), RSI3 = 3.02 (below oversold 20 → TRIGGERED), ATR available (0.95)
[BUY_FILTERS] SMA200 filter ACTIVE (price 43.71 > SMA200 41.11 → PASS), Breakout state: "HOLD"

==============================
BUY   DELL_GoogleFinance_AutoUpToDate
DATE  2021-09-21T00:00:00Z
PRICE 45.75
--- REASONS ---
[BUY_REASON] RSI2 = 18.18 (below oversold 20 → TRIGGERED), RSI3 = 12.41 (below oversold 20 → TRIGGERED), ATR available (1.08)
[BUY_FILTERS] SMA200 filter ACTIVE (price 45.75 > SMA200 41.71 → PASS), Breakout state: "HOLD"

==============================
BUY   DELL_GoogleFinance_AutoUpToDate
DATE  2021-10-12T00:00:00Z
PRICE 47.79
--- REASONS ---
[BUY_REASON] RSI2 = 8.81 (below oversold 20 → TRIGGERED), RSI3 = 3.91 (below oversold 20 → TRIGGERED), ATR available (1.12)
[BUY_FILTERS] SMA200 filter ACTIVE (price 47.79 > SMA200 42.82 → PASS), Breakout state: "HOLD"

==============================
BUY   DELL_GoogleFinance_AutoUpToDate
DATE  2021-10-27T00:00:00Z
PRICE 49.92
--- REASONS ---
[BUY_REASON] RSI2 = 0.0 (below oversold 20 → TRIGGERED), RSI3 = 0.0 (below oversold 20 → TRIGGERED), ATR available (1.04)
[BUY_FILTERS] SMA200 filter ACTIVE (price 49.92 > SMA200 43.72 → PASS), Breakout state: "HOLD"

==============================
BUY   DELL_GoogleFinance_AutoUpToDate
DATE  2021-11-18T00:00:00Z
PRICE 50.80
--- REASONS ---
[BUY_REASON] RSI2 = 0.0 (below oversold 20 → TRIGGERED), RSI3 = 0.0 (below oversold 20 → TRIGGERED), ATR available (1.33)
[BUY_FILTERS] SMA200 filter ACTIVE (price 50.8 > SMA200 45.01 → PASS), Breakout state: "HOLD"

==============================
BUY   DELL_GoogleFinance_AutoUpToDate
DATE  2021-12-09T00:00:00Z
PRICE 52.39
--- REASONS ---
[BUY_REASON] RSI2 = 0.0 (below oversold 20 → TRIGGERED), RSI3 = 11.27 (below oversold 20 → TRIGGERED), ATR available (1.41)
[BUY_FILTERS] SMA200 filter ACTIVE (price 52.39 > SMA200 46.05 → PASS), Breakout state: "HOLD"

==============================
BUY   DELL_GoogleFinance_AutoUpToDate
DATE  2021-12-31T00:00:00Z
PRICE 51.04
--- REASONS ---
[BUY_REASON] RSI2 = 0.0 (below oversold 20 → TRIGGERED), RSI3 = 10.2 (below oversold 20 → TRIGGERED), ATR available (1.07)
[BUY_FILTERS] SMA200 filter ACTIVE (price 51.04 > SMA200 46.88 → PASS), Breakout state: "HOLD"

==============================
BUY   DELL_GoogleFinance_AutoUpToDate
DATE  2022-01-19T00:00:00Z
PRICE 52.67
--- REASONS ---
[BUY_REASON] RSI2 = 0.0 (below oversold 20 → TRIGGERED), RSI3 = 12.29 (below oversold 20 → TRIGGERED), ATR available (1.19)
[BUY_FILTERS] SMA200 filter ACTIVE (price 52.67 > SMA200 47.66 → PASS), Breakout state: "HOLD"

==============================
BUY   DELL_GoogleFinance_AutoUpToDate
DATE  2023-04-21T00:00:00Z
PRICE 40.45
--- REASONS ---
[BUY_REASON] RSI2 = 17.27 (below oversold 20 → TRIGGERED), RSI3 = 6.86 (below oversold 20 → TRIGGERED), ATR available (0.99)
[BUY_FILTERS] SMA200 filter ACTIVE (price 40.45 > SMA200 37.87 → PASS), Breakout state: "HOLD"

==============================
BUY   DELL_GoogleFinance_AutoUpToDate
DATE  2023-05-11T00:00:00Z
PRICE 42.30
--- REASONS ---
[BUY_REASON] RSI2 = 0.0 (below oversold 20 → TRIGGERED), RSI3 = 0.0 (below oversold 20 → TRIGGERED), ATR available (1.0)
[BUY_FILTERS] SMA200 filter ACTIVE (price 42.3 > SMA200 38.01 → PASS), Breakout state: "HOLD"

==============================
BUY   DELL_GoogleFinance_AutoUpToDate
DATE  2023-05-24T00:00:00Z
PRICE 43.45
--- REASONS ---
[BUY_REASON] RSI2 = 0.0 (below oversold 20 → TRIGGERED), RSI3 = 0.0 (below oversold 20 → TRIGGERED), ATR available (1.1)
[BUY_FILTERS] SMA200 filter ACTIVE (price 43.45 > SMA200 38.11 → PASS), Breakout state: "HOLD"

==============================
BUY   DELL_GoogleFinance_AutoUpToDate
DATE  2023-07-07T00:00:00Z
PRICE 50.66
--- REASONS ---
[BUY_REASON] RSI2 = 0.0 (below oversold 20 → TRIGGERED), RSI3 = 0.0 (below oversold 20 → TRIGGERED), ATR available (1.02)
[BUY_FILTERS] SMA200 filter ACTIVE (price 50.66 > SMA200 39.24 → PASS), Breakout state: "HOLD"

==============================
BUY   DELL_GoogleFinance_AutoUpToDate
DATE  2023-07-18T00:00:00Z
PRICE 50.94
--- REASONS ---
[BUY_REASON] RSI2 = 0.0 (below oversold 20 → TRIGGERED), RSI3 = 0.0 (below oversold 20 → TRIGGERED), ATR available (1.2)
[BUY_FILTERS] SMA200 filter ACTIVE (price 50.94 > SMA200 39.9 → PASS), Breakout state: "HOLD"

==============================
BUY   DELL_GoogleFinance_AutoUpToDate
DATE  2023-07-28T00:00:00Z
PRICE 50.13
--- REASONS ---
[BUY_REASON] RSI2 = 0.0 (below oversold 20 → TRIGGERED), RSI3 = 0.0 (below oversold 20 → TRIGGERED), ATR available (1.13)
[BUY_FILTERS] SMA200 filter ACTIVE (price 50.13 > SMA200 40.63 → PASS), Breakout state: "HOLD"

==============================
BUY   DELL_GoogleFinance_AutoUpToDate
DATE  2023-08-16T00:00:00Z
PRICE 52.62
--- REASONS ---
[BUY_REASON] RSI2 = 0.0 (below oversold 20 → TRIGGERED), RSI3 = 0.0 (below oversold 20 → TRIGGERED), ATR available (1.46)
[BUY_FILTERS] SMA200 filter ACTIVE (price 52.62 > SMA200 41.89 → PASS), Breakout state: "HOLD"

==============================
BUY   DELL_GoogleFinance_AutoUpToDate
DATE  2023-09-27T00:00:00Z
PRICE 64.75
--- REASONS ---
[BUY_REASON] RSI2 = 0.0 (below oversold 20 → TRIGGERED), RSI3 = 0.0 (below oversold 20 → TRIGGERED), ATR available (1.6)
[BUY_FILTERS] SMA200 filter ACTIVE (price 64.75 > SMA200 45.17 → PASS), Breakout state: "HOLD"

==============================
BUY   DELL_GoogleFinance_AutoUpToDate
DATE  2023-10-05T00:00:00Z
PRICE 63.07
--- REASONS ---
[BUY_REASON] RSI2 = 0.0 (below oversold 20 → TRIGGERED), RSI3 = 0.0 (below oversold 20 → TRIGGERED), ATR available (1.6)
[BUY_FILTERS] SMA200 filter ACTIVE (price 63.07 > SMA200 45.95 → PASS), Breakout state: "HOLD"

==============================
BUY   DELL_GoogleFinance_AutoUpToDate
DATE  2023-10-16T00:00:00Z
PRICE 64.57
--- REASONS ---
[BUY_REASON] RSI2 = 0.0 (below oversold 20 → TRIGGERED), RSI3 = 0.0 (below oversold 20 → TRIGGERED), ATR available (1.79)
[BUY_FILTERS] SMA200 filter ACTIVE (price 64.57 > SMA200 46.95 → PASS), Breakout state: "HOLD"

==============================
BUY   DELL_GoogleFinance_AutoUpToDate
DATE  2023-11-16T00:00:00Z
PRICE 69.51
--- REASONS ---
[BUY_REASON] RSI2 = 0.0 (below oversold 20 → TRIGGERED), RSI3 = 8.16 (below oversold 20 → TRIGGERED), ATR available (1.47)
[BUY_FILTERS] SMA200 filter ACTIVE (price 69.51 > SMA200 50.21 → PASS), Breakout state: "HOLD"

==============================
BUY   DELL_GoogleFinance_AutoUpToDate
DATE  2023-11-28T00:00:00Z
PRICE 70.94
--- REASONS ---
[BUY_REASON] RSI2 = 10.42 (below oversold 20 → TRIGGERED), RSI3 = 6.67 (below oversold 20 → TRIGGERED), ATR available (1.32)
[BUY_FILTERS] SMA200 filter ACTIVE (price 70.94 > SMA200 51.31 → PASS), Breakout state: "HOLD"

==============================
BUY   DELL_GoogleFinance_AutoUpToDate
DATE  2023-12-06T00:00:00Z
PRICE 64.81
--- REASONS ---
[BUY_REASON] RSI2 = 0.0 (below oversold 20 → TRIGGERED), RSI3 = 0.0 (below oversold 20 → TRIGGERED), ATR available (1.9)
[BUY_FILTERS] SMA200 filter ACTIVE (price 64.81 > SMA200 52.16 → PASS), Breakout state: "HOLD"

==============================
BUY   DELL_GoogleFinance_AutoUpToDate
DATE  2024-01-02T00:00:00Z
PRICE 71.67
--- REASONS ---
[BUY_REASON] RSI2 = 0.0 (below oversold 20 → TRIGGERED), RSI3 = 0.0 (below oversold 20 → TRIGGERED), ATR available (1.52)
[BUY_FILTERS] SMA200 filter ACTIVE (price 71.67 > SMA200 54.99 → PASS), Breakout state: "HOLD"

==============================
BUY   DELL_GoogleFinance_AutoUpToDate
DATE  2024-01-17T00:00:00Z
PRICE 74.42
--- REASONS ---
[BUY_REASON] RSI2 = 10.14 (below oversold 20 → TRIGGERED), RSI3 = 8.5 (below oversold 20 → TRIGGERED), ATR available (1.62)
[BUY_FILTERS] SMA200 filter ACTIVE (price 74.42 > SMA200 56.92 → PASS), Breakout state: "HOLD"

==============================
BUY   DELL_GoogleFinance_AutoUpToDate
DATE  2024-02-06T00:00:00Z
PRICE 79.59
--- REASONS ---
[BUY_REASON] RSI2 = 0.0 (below oversold 20 → TRIGGERED), RSI3 = 12.92 (below oversold 20 → TRIGGERED), ATR available (2.56)
[BUY_FILTERS] SMA200 filter ACTIVE (price 79.59 > SMA200 59.77 → PASS), Breakout state: "HOLD"

==============================
BUY   DELL_GoogleFinance_AutoUpToDate
DATE  2024-03-06T00:00:00Z
PRICE 114.07
--- REASONS ---
[BUY_REASON] RSI2 = 15.69 (below oversold 20 → TRIGGERED), RSI3 = 9.88 (below oversold 20 → TRIGGERED), ATR available (6.48)
[BUY_FILTERS] SMA200 filter ACTIVE (price 114.07 > SMA200 64.59 → PASS), Breakout state: "HOLD"

==============================
BUY   DELL_GoogleFinance_AutoUpToDate
DATE  2024-03-14T00:00:00Z
PRICE 102.47
--- REASONS ---
[BUY_REASON] RSI2 = 0.0 (below oversold 20 → TRIGGERED), RSI3 = 0.0 (below oversold 20 → TRIGGERED), ATR available (6.83)
[BUY_FILTERS] SMA200 filter ACTIVE (price 102.47 > SMA200 66.53 → PASS), Breakout state: "HOLD"

==============================
BUY   DELL_GoogleFinance_AutoUpToDate
DATE  2024-04-10T00:00:00Z
PRICE 118.76
--- REASONS ---
[BUY_REASON] RSI2 = 0.0 (below oversold 20 → TRIGGERED), RSI3 = 0.0 (below oversold 20 → TRIGGERED), ATR available (5.7)
[BUY_FILTERS] SMA200 filter ACTIVE (price 118.76 > SMA200 72.59 → PASS), Breakout state: "HOLD"

==============================
BUY   DELL_GoogleFinance_AutoUpToDate
DATE  2024-04-19T00:00:00Z
PRICE 110.58
--- REASONS ---
[BUY_REASON] RSI2 = 0.0 (below oversold 20 → TRIGGERED), RSI3 = 0.0 (below oversold 20 → TRIGGERED), ATR available (6.16)
[BUY_FILTERS] SMA200 filter ACTIVE (price 110.58 > SMA200 74.85 → PASS), Breakout state: "HOLD"

==============================
BUY   DELL_GoogleFinance_AutoUpToDate
DATE  2024-06-03T00:00:00Z
PRICE 127.58
--- REASONS ---
[BUY_REASON] RSI2 = 0.0 (below oversold 20 → TRIGGERED), RSI3 = 0.0 (below oversold 20 → TRIGGERED), ATR available (11.79)
[BUY_FILTERS] SMA200 filter ACTIVE (price 127.58 > SMA200 87.03 → PASS), Breakout state: "HOLD"

==============================
BUY   DELL_GoogleFinance_AutoUpToDate
DATE  2024-06-24T00:00:00Z
PRICE 132.93
--- REASONS ---
[BUY_REASON] RSI2 = 0.0 (below oversold 20 → TRIGGERED), RSI3 = 0.0 (below oversold 20 → TRIGGERED), ATR available (7.08)
[BUY_FILTERS] SMA200 filter ACTIVE (price 132.93 > SMA200 92.41 → PASS), Breakout state: "HOLD"

==============================
BUY   DELL_GoogleFinance_AutoUpToDate
DATE  2024-07-11T00:00:00Z
PRICE 135.98
--- REASONS ---
[BUY_REASON] RSI2 = 0.59 (below oversold 20 → TRIGGERED), RSI3 = 0.56 (below oversold 20 → TRIGGERED), ATR available (6.25)
[BUY_FILTERS] SMA200 filter ACTIVE (price 135.98 > SMA200 96.63 → PASS), Breakout state: "HOLD"

==============================
BUY   DELL_GoogleFinance_AutoUpToDate
DATE  2024-08-29T00:00:00Z
PRICE 107.39
--- REASONS ---
[BUY_REASON] RSI2 = 0.0 (below oversold 20 → TRIGGERED), RSI3 = 14.5 (below oversold 20 → TRIGGERED), ATR available (4.44)
[BUY_FILTERS] SMA200 filter ACTIVE (price 107.39 > SMA200 104.18 → PASS), Breakout state: "HOLD"

==============================
BUY   DELL_GoogleFinance_AutoUpToDate
DATE  2024-10-01T00:00:00Z
PRICE 109.74
--- REASONS ---
[BUY_REASON] RSI2 = 0.0 (below oversold 20 → TRIGGERED), RSI3 = 0.0 (below oversold 20 → TRIGGERED), ATR available (3.86)
[BUY_FILTERS] SMA200 filter ACTIVE (price 109.74 > SMA200 108.74 → PASS), Breakout state: "HOLD"

==============================
BUY   DELL_GoogleFinance_AutoUpToDate
DATE  2024-10-22T00:00:00Z
PRICE 117.19
--- REASONS ---
[BUY_REASON] RSI2 = 0.0 (below oversold 20 → TRIGGERED), RSI3 = 0.0 (below oversold 20 → TRIGGERED), ATR available (3.7)
[BUY_FILTERS] SMA200 filter ACTIVE (price 117.19 > SMA200 112.32 → PASS), Breakout state: "HOLD"

==============================
BUY   DELL_GoogleFinance_AutoUpToDate
DATE  2024-11-14T00:00:00Z
PRICE 130.84
--- REASONS ---
[BUY_REASON] RSI2 = 0.0 (below oversold 20 → TRIGGERED), RSI3 = 0.0 (below oversold 20 → TRIGGERED), ATR available (5.48)
[BUY_FILTERS] SMA200 filter ACTIVE (price 130.84 > SMA200 116.44 → PASS), Breakout state: "HOLD"

==============================
BUY   DELL_GoogleFinance_AutoUpToDate
DATE  2024-11-27T00:00:00Z
PRICE 121.06
--- REASONS ---
[BUY_REASON] RSI2 = 0.0 (below oversold 20 → TRIGGERED), RSI3 = 0.0 (below oversold 20 → TRIGGERED), ATR available (5.93)
[BUY_FILTERS] SMA200 filter ACTIVE (price 121.06 > SMA200 118.74 → PASS), Breakout state: "HOLD"

==============================
BUY   DELL_GoogleFinance_AutoUpToDate
DATE  2024-12-09T00:00:00Z
PRICE 120.51
--- REASONS ---
[BUY_REASON] RSI2 = 19.71 (below oversold 20 → TRIGGERED), RSI3 = 13.18 (below oversold 20 → TRIGGERED), ATR available (5.29)
[BUY_FILTERS] SMA200 filter ACTIVE (price 120.51 > SMA200 120.15 → PASS), Breakout state: "HOLD"

==============================
BUY   DELL_GoogleFinance_AutoUpToDate
DATE  2025-05-21T00:00:00Z
PRICE 110.05
--- REASONS ---
[BUY_REASON] RSI2 = 0.0 (below oversold 20 → TRIGGERED), RSI3 = 3.69 (below oversold 20 → TRIGGERED), ATR available (3.5)
[BUY_FILTERS] SMA200 filter ACTIVE (price 110.05 > SMA200 107.68 → PASS), Breakout state: "HOLD"

==============================
BUY   DELL_GoogleFinance_AutoUpToDate
DATE  2025-05-30T00:00:00Z
PRICE 109.40
--- REASONS ---
[BUY_REASON] RSI2 = 0.0 (below oversold 20 → TRIGGERED), RSI3 = 0.0 (below oversold 20 → TRIGGERED), ATR available (4.03)
[BUY_FILTERS] SMA200 filter ACTIVE (price 109.4 > SMA200 108.29 → PASS), Breakout state: "HOLD"

==============================
BUY   DELL_GoogleFinance_AutoUpToDate
DATE  2025-06-11T00:00:00Z
PRICE 109.37
--- REASONS ---
[BUY_REASON] RSI2 = 0.0 (below oversold 20 → TRIGGERED), RSI3 = 13.62 (below oversold 20 → TRIGGERED), ATR available (3.64)
[BUY_FILTERS] SMA200 filter ACTIVE (price 109.37 > SMA200 108.49 → PASS), Breakout state: "HOLD"

==============================
BUY   DELL_GoogleFinance_AutoUpToDate
DATE  2025-07-01T00:00:00Z
PRICE 119.68
--- REASONS ---
[BUY_REASON] RSI2 = 0.0 (below oversold 20 → TRIGGERED), RSI3 = 0.0 (below oversold 20 → TRIGGERED), ATR available (3.64)
[BUY_FILTERS] SMA200 filter ACTIVE (price 119.68 > SMA200 109.17 → PASS), Breakout state: "HOLD"

==============================
BUY   DELL_GoogleFinance_AutoUpToDate
DATE  2025-07-15T00:00:00Z
PRICE 123.58
--- REASONS ---
[BUY_REASON] RSI2 = 1.69 (below oversold 20 → TRIGGERED), RSI3 = 0.88 (below oversold 20 → TRIGGERED), ATR available (3.21)
[BUY_FILTERS] SMA200 filter ACTIVE (price 123.58 > SMA200 109.66 → PASS), Breakout state: "HOLD"

==============================
BUY   DELL_GoogleFinance_AutoUpToDate
DATE  2025-07-31T00:00:00Z
PRICE 131.01
--- REASONS ---
[BUY_REASON] RSI2 = 3.41 (below oversold 20 → TRIGGERED), RSI3 = 2.44 (below oversold 20 → TRIGGERED), ATR available (3.73)
[BUY_FILTERS] SMA200 filter ACTIVE (price 131.01 > SMA200 110.35 → PASS), Breakout state: "HOLD"

==============================
BUY   DELL_GoogleFinance_AutoUpToDate
DATE  2025-08-15T00:00:00Z
PRICE 136.53
--- REASONS ---
[BUY_REASON] RSI2 = 0.0 (below oversold 20 → TRIGGERED), RSI3 = 0.0 (below oversold 20 → TRIGGERED), ATR available (4.43)
[BUY_FILTERS] SMA200 filter ACTIVE (price 136.53 > SMA200 111.01 → PASS), Breakout state: "HOLD"

==============================
BUY   DELL_GoogleFinance_AutoUpToDate
DATE  2025-09-09T00:00:00Z
PRICE 119.75
--- REASONS ---
[BUY_REASON] RSI2 = 0.0 (below oversold 20 → TRIGGERED), RSI3 = 0.0 (below oversold 20 → TRIGGERED), ATR available (4.5)
[BUY_FILTERS] SMA200 filter ACTIVE (price 119.75 > SMA200 110.86 → PASS), Breakout state: "HOLD"

==============================
BUY   DELL_GoogleFinance_AutoUpToDate
DATE  2025-09-25T00:00:00Z
PRICE 129.30
--- REASONS ---
[BUY_REASON] RSI2 = 0.0 (below oversold 20 → TRIGGERED), RSI3 = 0.0 (below oversold 20 → TRIGGERED), ATR available (3.97)
[BUY_FILTERS] SMA200 filter ACTIVE (price 129.3 > SMA200 110.8 → PASS), Breakout state: "HOLD"

==============================
BUY   DELL_GoogleFinance_AutoUpToDate
DATE  2025-10-20T00:00:00Z
PRICE 146.00
--- REASONS ---
[BUY_REASON] RSI2 = 0.0 (below oversold 20 → TRIGGERED), RSI3 = 0.0 (below oversold 20 → TRIGGERED), ATR available (7.95)
[BUY_FILTERS] SMA200 filter ACTIVE (price 146.0 > SMA200 113.47 → PASS), Breakout state: "HOLD"

==============================
BUY   DELL_GoogleFinance_AutoUpToDate
DATE  2025-11-04T00:00:00Z
PRICE 153.22
--- REASONS ---
[BUY_REASON] RSI2 = 0.0 (below oversold 20 → TRIGGERED), RSI3 = 11.95 (below oversold 20 → TRIGGERED), ATR available (5.74)
[BUY_FILTERS] SMA200 filter ACTIVE (price 153.22 > SMA200 115.94 → PASS), Breakout state: "HOLD"

==============================
BUY   DELL_GoogleFinance_AutoUpToDate
DATE  2025-11-18T00:00:00Z
PRICE 121.56
--- REASONS ---
[BUY_REASON] RSI2 = 1.83 (below oversold 20 → TRIGGERED), RSI3 = 1.8 (below oversold 20 → TRIGGERED), ATR available (7.03)
[BUY_FILTERS] SMA200 filter ACTIVE (price 121.56 > SMA200 117.56 → PASS), Breakout state: "HOLD"

==============================
BUY   DELL_GoogleFinance_AutoUpToDate
DATE  2025-12-12T00:00:00Z
PRICE 128.79
--- REASONS ---
[BUY_REASON] RSI2 = 0.0 (below oversold 20 → TRIGGERED), RSI3 = 18.45 (below oversold 20 → TRIGGERED), ATR available (5.46)
[BUY_FILTERS] SMA200 filter ACTIVE (price 128.79 > SMA200 119.37 → PASS), Breakout state: "HOLD"

==============================
BUY   DELL_GoogleFinance_AutoUpToDate
DATE  2025-12-31T00:00:00Z
PRICE 124.72
--- REASONS ---
[BUY_REASON] RSI2 = 18.4 (below oversold 20 → TRIGGERED), RSI3 = 10.75 (below oversold 20 → TRIGGERED), ATR available (4.21)
[BUY_FILTERS] SMA200 filter ACTIVE (price 124.72 > SMA200 121.42 → PASS), Breakout state: "HOLD"

==============================
BUY   DELL_GoogleFinance_AutoUpToDate
DATE  2026-03-10T00:00:00Z
PRICE 143.15
--- REASONS ---
[BUY_REASON] RSI2 = 1.09 (below oversold 20 → TRIGGERED), RSI3 = 1.08 (below oversold 20 → TRIGGERED), ATR available (8.0)
[BUY_FILTERS] SMA200 filter ACTIVE (price 143.15 > SMA200 128.66 → PASS), Breakout state: "HOLD"

==============================
BUY   DELL_GoogleFinance_AutoUpToDate
DATE  2026-04-29T00:00:00Z
PRICE 205.34
--- REASONS ---
[BUY_REASON] RSI2 = 0.0 (below oversold 20 → TRIGGERED), RSI3 = 0.0 (below oversold 20 → TRIGGERED), ATR available (9.53)
[BUY_FILTERS] SMA200 filter ACTIVE (price 205.34 > SMA200 139.74 → PASS), Breakout state: "HOLD"

==============================
BUY   DELL_GoogleFinance_AutoUpToDate
DATE  2026-05-19T00:00:00Z
PRICE 234.89
--- REASONS ---
[BUY_REASON] RSI2 = 0.0 (below oversold 20 → TRIGGERED), RSI3 = 0.0 (below oversold 20 → TRIGGERED), ATR available (14.36)
[BUY_FILTERS] SMA200 filter ACTIVE (price 234.89 > SMA200 147.16 → PASS), Breakout state: "HOLD"

==============================
BUY   DELL_GoogleFinance_AutoUpToDate
DATE  2026-06-04T00:00:00Z
PRICE 421.39
--- REASONS ---
[BUY_REASON] RSI2 = 6.38 (below oversold 20 → TRIGGERED), RSI3 = 2.12 (below oversold 20 → TRIGGERED), ATR available (29.52)
[BUY_FILTERS] SMA200 filter ACTIVE (price 421.39 > SMA200 159.17 → PASS), Breakout state: "HOLD"

==============================
BUY   DELL_GoogleFinance_AutoUpToDate
DATE  2026-06-26T00:00:00Z
PRICE 398.87
--- REASONS ---
[BUY_REASON] RSI2 = 0.0 (below oversold 20 → TRIGGERED), RSI3 = 15.37 (below oversold 20 → TRIGGERED), ATR available (30.6)
[BUY_FILTERS] SMA200 filter ACTIVE (price 398.87 > SMA200 180.0 → PASS), Breakout state: "HOLD"

==============================
BUY   DELL_GoogleFinance_AutoUpToDate
DATE  2026-07-17T00:00:00Z
PRICE 395.72
--- REASONS ---
[BUY_REASON] RSI2 = 18.89 (below oversold 20 → TRIGGERED), RSI3 = 6.97 (below oversold 20 → TRIGGERED), ATR available (33.26)
[BUY_FILTERS] SMA200 filter ACTIVE (price 395.72 > SMA200 200.45 → PASS), Breakout state: "HOLD"

==============================
BUY   DELL_GoogleFinance_AutoUpToDate
DATE  2026-07-27T00:00:00Z
PRICE 426.91
--- REASONS ---
[BUY_REASON] RSI2 = 0.0 (below oversold 20 → TRIGGERED), RSI3 = 0.0 (below oversold 20 → TRIGGERED), ATR available (31.52)
[BUY_FILTERS] SMA200 filter ACTIVE (price 426.91 > SMA200 208.78 → PASS), Breakout state: "HOLD"

==============================
BUY   NVDA_GoogleFinance_AutoUpToDate
DATE  2020-01-27T00:00:00Z
PRICE 5.97
--- REASONS ---
[BUY_REASON] RSI2 = 17.85 (below oversold 18 → TRIGGERED), RSI3 = 0.0 (below oversold 18 → TRIGGERED), ATR available (0.16)
[BUY_FILTERS] SMA0 filter ACTIVE (price 5.97 > SMA0 4.62 → PASS), Breakout state: "HOLD"

==============================
BUY   NVDA_GoogleFinance_AutoUpToDate
DATE  2020-02-24T00:00:00Z
PRICE 6.79
--- REASONS ---
[BUY_REASON] RSI2 = 0.0 (below oversold 18 → TRIGGERED), RSI3 = 0.0 (below oversold 18 → TRIGGERED), ATR available (0.3)
[BUY_FILTERS] SMA0 filter ACTIVE (price 6.79 > SMA0 4.81 → PASS), Breakout state: "HOLD"

==============================
BUY   NVDA_GoogleFinance_AutoUpToDate
DATE  2020-04-21T00:00:00Z
PRICE 6.70
--- REASONS ---
[BUY_REASON] RSI2 = 0.0 (below oversold 18 → TRIGGERED), RSI3 = 0.0 (below oversold 18 → TRIGGERED), ATR available (0.39)
[BUY_FILTERS] SMA0 filter ACTIVE (price 6.7 > SMA0 5.33 → PASS), Breakout state: "HOLD"

==============================
BUY   NVDA_GoogleFinance_AutoUpToDate
DATE  2020-05-28T00:00:00Z
PRICE 8.44
--- REASONS ---
[BUY_REASON] RSI2 = 0.0 (below oversold 18 → TRIGGERED), RSI3 = 0.0 (below oversold 18 → TRIGGERED), ATR available (0.4)
[BUY_FILTERS] SMA0 filter ACTIVE (price 8.44 > SMA0 5.82 → PASS), Breakout state: "HOLD"

==============================
BUY   NVDA_GoogleFinance_AutoUpToDate
DATE  2020-08-11T00:00:00Z
PRICE 10.80
--- REASONS ---
[BUY_REASON] RSI2 = 0.0 (below oversold 18 → TRIGGERED), RSI3 = 0.0 (below oversold 18 → TRIGGERED), ATR available (0.36)
[BUY_FILTERS] SMA0 filter ACTIVE (price 10.8 > SMA0 7.23 → PASS), Breakout state: "HOLD"

==============================
BUY   NVDA_GoogleFinance_AutoUpToDate
DATE  2020-08-20T00:00:00Z
PRICE 12.09
--- REASONS ---
[BUY_REASON] RSI2 = 1.24 (below oversold 18 → TRIGGERED), RSI3 = 2.0 (below oversold 18 → TRIGGERED), ATR available (0.41)
[BUY_FILTERS] SMA0 filter ACTIVE (price 12.09 > SMA0 7.46 → PASS), Breakout state: "HOLD"

==============================
BUY   NVDA_GoogleFinance_AutoUpToDate
DATE  2020-09-18T00:00:00Z
PRICE 12.14
--- REASONS ---
[BUY_REASON] RSI2 = 0.0 (below oversold 18 → TRIGGERED), RSI3 = 0.0 (below oversold 18 → TRIGGERED), ATR available (0.84)
[BUY_FILTERS] SMA0 filter ACTIVE (price 12.14 > SMA0 8.21 → PASS), Breakout state: "HOLD"

==============================
BUY   NVDA_GoogleFinance_AutoUpToDate
DATE  2020-10-15T00:00:00Z
PRICE 13.91
--- REASONS ---
[BUY_REASON] RSI2 = 7.4 (below oversold 18 → TRIGGERED), RSI3 = 0.0 (below oversold 18 → TRIGGERED), ATR available (0.41)
[BUY_FILTERS] SMA0 filter ACTIVE (price 13.91 > SMA0 8.95 → PASS), Breakout state: "HOLD"

==============================
BUY   NVDA_GoogleFinance_AutoUpToDate
DATE  2020-11-20T00:00:00Z
PRICE 13.03
--- REASONS ---
[BUY_REASON] RSI2 = 4.86 (below oversold 18 → TRIGGERED), RSI3 = 3.16 (below oversold 18 → TRIGGERED), ATR available (0.6)
[BUY_FILTERS] SMA0 filter ACTIVE (price 13.03 > SMA0 9.88 → PASS), Breakout state: "HOLD"

==============================
BUY   NVDA_GoogleFinance_AutoUpToDate
DATE  2020-12-10T00:00:00Z
PRICE 12.92
--- REASONS ---
[BUY_REASON] RSI2 = 5.78 (below oversold 18 → TRIGGERED), RSI3 = 9.01 (below oversold 18 → TRIGGERED), ATR available (0.33)
[BUY_FILTERS] SMA0 filter ACTIVE (price 12.92 > SMA0 10.29 → PASS), Breakout state: "HOLD"

==============================
BUY   NVDA_GoogleFinance_AutoUpToDate
DATE  2020-12-23T00:00:00Z
PRICE 12.96
--- REASONS ---
[BUY_REASON] RSI2 = 15.72 (below oversold 18 → TRIGGERED), RSI3 = 0.0 (below oversold 18 → TRIGGERED), ATR available (0.29)
[BUY_FILTERS] SMA0 filter ACTIVE (price 12.96 > SMA0 10.59 → PASS), Breakout state: "HOLD"

==============================
BUY   NVDA_GoogleFinance_AutoUpToDate
DATE  2021-01-14T00:00:00Z
PRICE 13.15
--- REASONS ---
[BUY_REASON] RSI2 = 9.12 (below oversold 18 → TRIGGERED), RSI3 = 12.42 (below oversold 18 → TRIGGERED), ATR available (0.43)
[BUY_FILTERS] SMA0 filter ACTIVE (price 13.15 > SMA0 11.1 → PASS), Breakout state: "HOLD"

==============================
BUY   NVDA_GoogleFinance_AutoUpToDate
DATE  2021-01-26T00:00:00Z
PRICE 13.38
--- REASONS ---
[BUY_REASON] RSI2 = 0.0 (below oversold 18 → TRIGGERED), RSI3 = 0.0 (below oversold 18 → TRIGGERED), ATR available (0.48)
[BUY_FILTERS] SMA0 filter ACTIVE (price 13.38 > SMA0 11.35 → PASS), Breakout state: "HOLD"

==============================
BUY   NVDA_GoogleFinance_AutoUpToDate
DATE  2021-02-22T00:00:00Z
PRICE 14.30
--- REASONS ---
[BUY_REASON] RSI2 = 13.08 (below oversold 18 → TRIGGERED), RSI3 = 14.59 (below oversold 18 → TRIGGERED), ATR available (0.47)
[BUY_FILTERS] SMA0 filter ACTIVE (price 14.3 > SMA0 11.97 → PASS), Breakout state: "HOLD"

==============================
BUY   NVDA_GoogleFinance_AutoUpToDate
DATE  2021-03-05T00:00:00Z
PRICE 12.41
--- REASONS ---
[BUY_REASON] RSI2 = 8.09 (below oversold 18 → TRIGGERED), RSI3 = 17.36 (below oversold 18 → TRIGGERED), ATR available (0.66)
[BUY_FILTERS] SMA0 filter ACTIVE (price 12.41 > SMA0 12.21 → PASS), Breakout state: "HOLD"

==============================
BUY   NVDA_GoogleFinance_AutoUpToDate
DATE  2021-03-25T00:00:00Z
PRICE 12.49
--- REASONS ---
[BUY_REASON] RSI2 = 0.0 (below oversold 18 → TRIGGERED), RSI3 = 0.0 (below oversold 18 → TRIGGERED), ATR available (0.53)
[BUY_FILTERS] SMA0 filter ACTIVE (price 12.49 > SMA0 12.49 → PASS), Breakout state: "HOLD"

==============================
BUY   NVDA_GoogleFinance_AutoUpToDate
DATE  2021-04-20T00:00:00Z
PRICE 15.12
--- REASONS ---
[BUY_REASON] RSI2 = 0.0 (below oversold 18 → TRIGGERED), RSI3 = 0.0 (below oversold 18 → TRIGGERED), ATR available (0.53)
[BUY_FILTERS] SMA0 filter ACTIVE (price 15.12 > SMA0 12.92 → PASS), Breakout state: "HOLD"

==============================
BUY   NVDA_GoogleFinance_AutoUpToDate
DATE  2021-06-09T00:00:00Z
PRICE 17.30
--- REASONS ---
[BUY_REASON] RSI2 = 13.7 (below oversold 18 → TRIGGERED), RSI3 = 0.0 (below oversold 18 → TRIGGERED), ATR available (0.53)
[BUY_FILTERS] SMA0 filter ACTIVE (price 17.3 > SMA0 13.7 → PASS), Breakout state: "HOLD"

==============================
BUY   NVDA_GoogleFinance_AutoUpToDate
DATE  2021-07-27T00:00:00Z
PRICE 19.14
--- REASONS ---
[BUY_REASON] RSI2 = 0.0 (below oversold 18 → TRIGGERED), RSI3 = 0.0 (below oversold 18 → TRIGGERED), ATR available (0.71)
[BUY_FILTERS] SMA0 filter ACTIVE (price 19.14 > SMA0 14.74 → PASS), Breakout state: "HOLD"

==============================
BUY   NVDA_GoogleFinance_AutoUpToDate
DATE  2021-08-10T00:00:00Z
PRICE 19.87
--- REASONS ---
[BUY_REASON] RSI2 = 0.0 (below oversold 18 → TRIGGERED), RSI3 = 0.0 (below oversold 18 → TRIGGERED), ATR available (0.58)
[BUY_FILTERS] SMA0 filter ACTIVE (price 19.87 > SMA0 15.04 → PASS), Breakout state: "HOLD"

==============================
BUY   NVDA_GoogleFinance_AutoUpToDate
DATE  2021-09-09T00:00:00Z
PRICE 22.11
--- REASONS ---
[BUY_REASON] RSI2 = 0.0 (below oversold 18 → TRIGGERED), RSI3 = 0.0 (below oversold 18 → TRIGGERED), ATR available (0.61)
[BUY_FILTERS] SMA0 filter ACTIVE (price 22.11 > SMA0 15.89 → PASS), Breakout state: "HOLD"

==============================
BUY   NVDA_GoogleFinance_AutoUpToDate
DATE  2021-09-21T00:00:00Z
PRICE 21.18
--- REASONS ---
[BUY_REASON] RSI2 = 10.54 (below oversold 18 → TRIGGERED), RSI3 = 14.46 (below oversold 18 → TRIGGERED), ATR available (0.55)
[BUY_FILTERS] SMA0 filter ACTIVE (price 21.18 > SMA0 16.24 → PASS), Breakout state: "HOLD"

==============================
BUY   NVDA_GoogleFinance_AutoUpToDate
DATE  2021-10-12T00:00:00Z
PRICE 20.60
--- REASONS ---
[BUY_REASON] RSI2 = 0.0 (below oversold 18 → TRIGGERED), RSI3 = 0.0 (below oversold 18 → TRIGGERED), ATR available (0.69)
[BUY_FILTERS] SMA0 filter ACTIVE (price 20.6 > SMA0 16.82 → PASS), Breakout state: "HOLD"

==============================
BUY   NVDA_GoogleFinance_AutoUpToDate
DATE  2021-11-17T00:00:00Z
PRICE 29.17
--- REASONS ---
[BUY_REASON] RSI2 = 11.99 (below oversold 18 → TRIGGERED), RSI3 = 15.89 (below oversold 18 → TRIGGERED), ATR available (1.52)
[BUY_FILTERS] SMA0 filter ACTIVE (price 29.17 > SMA0 18.48 → PASS), Breakout state: "HOLD"

==============================
BUY   NVDA_GoogleFinance_AutoUpToDate
DATE  2021-12-10T00:00:00Z
PRICE 30.10
--- REASONS ---
[BUY_REASON] RSI2 = 0.0 (below oversold 18 → TRIGGERED), RSI3 = 0.0 (below oversold 18 → TRIGGERED), ATR available (1.82)
[BUY_FILTERS] SMA0 filter ACTIVE (price 30.1 > SMA0 19.87 → PASS), Breakout state: "HOLD"

==============================
BUY   NVDA_GoogleFinance_AutoUpToDate
DATE  2021-12-30T00:00:00Z
PRICE 29.49
--- REASONS ---
[BUY_REASON] RSI2 = 0.0 (below oversold 18 → TRIGGERED), RSI3 = 0.0 (below oversold 18 → TRIGGERED), ATR available (1.52)
[BUY_FILTERS] SMA0 filter ACTIVE (price 29.49 > SMA0 20.93 → PASS), Breakout state: "HOLD"

==============================
BUY   NVDA_GoogleFinance_AutoUpToDate
DATE  2023-03-13T00:00:00Z
PRICE 22.92
--- REASONS ---
[BUY_REASON] RSI2 = 0.08 (below oversold 18 → TRIGGERED), RSI3 = 0.21 (below oversold 18 → TRIGGERED), ATR available (0.98)
[BUY_FILTERS] SMA0 filter ACTIVE (price 22.92 > SMA0 16.66 → PASS), Breakout state: "HOLD"

==============================
BUY   NVDA_GoogleFinance_AutoUpToDate
DATE  2023-03-28T00:00:00Z
PRICE 26.36
--- REASONS ---
[BUY_REASON] RSI2 = 0.0 (below oversold 18 → TRIGGERED), RSI3 = 0.0 (below oversold 18 → TRIGGERED), ATR available (1.01)
[BUY_FILTERS] SMA0 filter ACTIVE (price 26.36 > SMA0 17.07 → PASS), Breakout state: "HOLD"

==============================
BUY   NVDA_GoogleFinance_AutoUpToDate
DATE  2023-04-13T00:00:00Z
PRICE 26.41
--- REASONS ---
[BUY_REASON] RSI2 = 0.0 (below oversold 18 → TRIGGERED), RSI3 = 0.0 (below oversold 18 → TRIGGERED), ATR available (0.74)
[BUY_FILTERS] SMA0 filter ACTIVE (price 26.41 > SMA0 17.66 → PASS), Breakout state: "HOLD"

==============================
BUY   NVDA_GoogleFinance_AutoUpToDate
DATE  2023-04-24T00:00:00Z
PRICE 26.99
--- REASONS ---
[BUY_REASON] RSI2 = 1.63 (below oversold 18 → TRIGGERED), RSI3 = 16.3 (below oversold 18 → TRIGGERED), ATR available (0.78)
[BUY_FILTERS] SMA0 filter ACTIVE (price 26.99 > SMA0 18.08 → PASS), Breakout state: "HOLD"

==============================
BUY   NVDA_GoogleFinance_AutoUpToDate
DATE  2023-05-04T00:00:00Z
PRICE 27.51
--- REASONS ---
[BUY_REASON] RSI2 = 0.0 (below oversold 18 → TRIGGERED), RSI3 = 0.0 (below oversold 18 → TRIGGERED), ATR available (0.85)
[BUY_FILTERS] SMA0 filter ACTIVE (price 27.51 > SMA0 18.56 → PASS), Breakout state: "HOLD"

==============================
BUY   NVDA_GoogleFinance_AutoUpToDate
DATE  2023-05-23T00:00:00Z
PRICE 30.63
--- REASONS ---
[BUY_REASON] RSI2 = 0.0 (below oversold 18 → TRIGGERED), RSI3 = 0.0 (below oversold 18 → TRIGGERED), ATR available (0.87)
[BUY_FILTERS] SMA0 filter ACTIVE (price 30.63 > SMA0 19.31 → PASS), Breakout state: "HOLD"

==============================
BUY   NVDA_GoogleFinance_AutoUpToDate
DATE  2023-06-06T00:00:00Z
PRICE 38.58
--- REASONS ---
[BUY_REASON] RSI2 = 0.0 (below oversold 18 → TRIGGERED), RSI3 = 0.0 (below oversold 18 → TRIGGERED), ATR available (1.95)
[BUY_FILTERS] SMA0 filter ACTIVE (price 38.58 > SMA0 20.2 → PASS), Breakout state: "HOLD"

==============================
BUY   NVDA_GoogleFinance_AutoUpToDate
DATE  2023-06-23T00:00:00Z
PRICE 42.13
--- REASONS ---
[BUY_REASON] RSI2 = 0.0 (below oversold 18 → TRIGGERED), RSI3 = 0.0 (below oversold 18 → TRIGGERED), ATR available (1.36)
[BUY_FILTERS] SMA0 filter ACTIVE (price 42.13 > SMA0 21.72 → PASS), Breakout state: "HOLD"

==============================
BUY   NVDA_GoogleFinance_AutoUpToDate
DATE  2023-07-21T00:00:00Z
PRICE 44.22
--- REASONS ---
[BUY_REASON] RSI2 = 0.0 (below oversold 18 → TRIGGERED), RSI3 = 0.0 (below oversold 18 → TRIGGERED), ATR available (1.48)
[BUY_FILTERS] SMA0 filter ACTIVE (price 44.22 > SMA0 24.61 → PASS), Breakout state: "HOLD"

==============================
BUY   NVDA_GoogleFinance_AutoUpToDate
DATE  2023-08-03T00:00:00Z
PRICE 44.43
--- REASONS ---
[BUY_REASON] RSI2 = 9.09 (below oversold 18 → TRIGGERED), RSI3 = 9.9 (below oversold 18 → TRIGGERED), ATR available (1.52)
[BUY_FILTERS] SMA0 filter ACTIVE (price 44.43 > SMA0 26.11 → PASS), Breakout state: "HOLD"

==============================
BUY   NVDA_GoogleFinance_AutoUpToDate
DATE  2023-08-18T00:00:00Z
PRICE 43.22
--- REASONS ---
[BUY_REASON] RSI2 = 0.0 (below oversold 18 → TRIGGERED), RSI3 = 0.0 (below oversold 18 → TRIGGERED), ATR available (1.73)
[BUY_FILTERS] SMA0 filter ACTIVE (price 43.22 > SMA0 27.8 → PASS), Breakout state: "HOLD"

==============================
BUY   NVDA_GoogleFinance_AutoUpToDate
DATE  2023-09-05T00:00:00Z
PRICE 48.46
--- REASONS ---
[BUY_REASON] RSI2 = 13.32 (below oversold 18 → TRIGGERED), RSI3 = 4.41 (below oversold 18 → TRIGGERED), ATR available (2.03)
[BUY_FILTERS] SMA0 filter ACTIVE (price 48.46 > SMA0 29.61 → PASS), Breakout state: "HOLD"

==============================
BUY   NVDA_GoogleFinance_AutoUpToDate
DATE  2023-09-18T00:00:00Z
PRICE 43.89
--- REASONS ---
[BUY_REASON] RSI2 = 8.79 (below oversold 18 → TRIGGERED), RSI3 = 3.78 (below oversold 18 → TRIGGERED), ATR available (1.58)
[BUY_FILTERS] SMA0 filter ACTIVE (price 43.89 > SMA0 30.93 → PASS), Breakout state: "HOLD"

==============================
BUY   NVDA_GoogleFinance_AutoUpToDate
DATE  2023-10-27T00:00:00Z
PRICE 40.43
--- REASONS ---
[BUY_REASON] RSI2 = 4.96 (below oversold 18 → TRIGGERED), RSI3 = 10.69 (below oversold 18 → TRIGGERED), ATR available (1.72)
[BUY_FILTERS] SMA0 filter ACTIVE (price 40.43 > SMA0 34.91 → PASS), Breakout state: "HOLD"

==============================
BUY   NVDA_GoogleFinance_AutoUpToDate
DATE  2023-11-24T00:00:00Z
PRICE 47.69
--- REASONS ---
[BUY_REASON] RSI2 = 0.0 (below oversold 18 → TRIGGERED), RSI3 = 0.0 (below oversold 18 → TRIGGERED), ATR available (1.32)
[BUY_FILTERS] SMA0 filter ACTIVE (price 47.69 > SMA0 37.5 → PASS), Breakout state: "HOLD"

==============================
BUY   NVDA_GoogleFinance_AutoUpToDate
DATE  2024-01-02T00:00:00Z
PRICE 48.08
--- REASONS ---
[BUY_REASON] RSI2 = 7.2 (below oversold 18 → TRIGGERED), RSI3 = 0.0 (below oversold 18 → TRIGGERED), ATR available (1.19)
[BUY_FILTERS] SMA0 filter ACTIVE (price 48.08 > SMA0 40.63 → PASS), Breakout state: "HOLD"

==============================
BUY   NVDA_GoogleFinance_AutoUpToDate
DATE  2024-02-20T00:00:00Z
PRICE 69.33
--- REASONS ---
[BUY_REASON] RSI2 = 0.0 (below oversold 18 → TRIGGERED), RSI3 = 0.0 (below oversold 18 → TRIGGERED), ATR available (2.74)
[BUY_FILTERS] SMA0 filter ACTIVE (price 69.33 > SMA0 46.38 → PASS), Breakout state: "HOLD"

==============================
BUY   NVDA_GoogleFinance_AutoUpToDate
DATE  2024-03-15T00:00:00Z
PRICE 87.69
--- REASONS ---
[BUY_REASON] RSI2 = 0.0 (below oversold 18 → TRIGGERED), RSI3 = 0.0 (below oversold 18 → TRIGGERED), ATR available (4.16)
[BUY_FILTERS] SMA0 filter ACTIVE (price 87.69 > SMA0 51.1 → PASS), Breakout state: "HOLD"

==============================
BUY   NVDA_GoogleFinance_AutoUpToDate
DATE  2024-03-27T00:00:00Z
PRICE 90.10
--- REASONS ---
[BUY_REASON] RSI2 = 13.05 (below oversold 18 → TRIGGERED), RSI3 = 0.0 (below oversold 18 → TRIGGERED), ATR available (4.51)
[BUY_FILTERS] SMA0 filter ACTIVE (price 90.1 > SMA0 53.21 → PASS), Breakout state: "HOLD"

==============================
BUY   NVDA_GoogleFinance_AutoUpToDate
DATE  2024-05-01T00:00:00Z
PRICE 82.90
--- REASONS ---
[BUY_REASON] RSI2 = 0.46 (below oversold 18 → TRIGGERED), RSI3 = 0.0 (below oversold 18 → TRIGGERED), ATR available (4.33)
[BUY_FILTERS] SMA0 filter ACTIVE (price 82.9 > SMA0 58.38 → PASS), Breakout state: "HOLD"

==============================
BUY   NVDA_GoogleFinance_AutoUpToDate
DATE  2024-05-31T00:00:00Z
PRICE 109.45
--- REASONS ---
[BUY_REASON] RSI2 = 15.11 (below oversold 18 → TRIGGERED), RSI3 = 0.0 (below oversold 18 → TRIGGERED), ATR available (4.34)
[BUY_FILTERS] SMA0 filter ACTIVE (price 109.45 > SMA0 63.82 → PASS), Breakout state: "HOLD"

==============================
BUY   NVDA_GoogleFinance_AutoUpToDate
DATE  2024-06-24T00:00:00Z
PRICE 117.92
--- REASONS ---
[BUY_REASON] RSI2 = 0.0 (below oversold 18 → TRIGGERED), RSI3 = 0.0 (below oversold 18 → TRIGGERED), ATR available (5.77)
[BUY_FILTERS] SMA0 filter ACTIVE (price 117.92 > SMA0 69.64 → PASS), Breakout state: "HOLD"

==============================
BUY   NVDA_GoogleFinance_AutoUpToDate
DATE  2024-08-29T00:00:00Z
PRICE 117.40
--- REASONS ---
[BUY_REASON] RSI2 = 14.66 (below oversold 18 → TRIGGERED), RSI3 = 0.0 (below oversold 18 → TRIGGERED), ATR available (5.8)
[BUY_FILTERS] SMA0 filter ACTIVE (price 117.4 > SMA0 87.48 → PASS), Breakout state: "HOLD"

==============================
BUY   NVDA_GoogleFinance_AutoUpToDate
DATE  2024-09-17T00:00:00Z
PRICE 115.41
--- REASONS ---
[BUY_REASON] RSI2 = 0.0 (below oversold 18 → TRIGGERED), RSI3 = 0.0 (below oversold 18 → TRIGGERED), ATR available (6.19)
[BUY_FILTERS] SMA0 filter ACTIVE (price 115.41 > SMA0 91.27 → PASS), Breakout state: "HOLD"

==============================
BUY   NVDA_GoogleFinance_AutoUpToDate
DATE  2024-09-30T00:00:00Z
PRICE 121.25
--- REASONS ---
[BUY_REASON] RSI2 = 17.76 (below oversold 18 → TRIGGERED), RSI3 = 1.49 (below oversold 18 → TRIGGERED), ATR available (4.77)
[BUY_FILTERS] SMA0 filter ACTIVE (price 121.25 > SMA0 94.54 → PASS), Breakout state: "HOLD"

==============================
BUY   NVDA_GoogleFinance_AutoUpToDate
DATE  2024-10-24T00:00:00Z
PRICE 140.19
--- REASONS ---
[BUY_REASON] RSI2 = 17.0 (below oversold 18 → TRIGGERED), RSI3 = 17.42 (below oversold 18 → TRIGGERED), ATR available (4.63)
[BUY_FILTERS] SMA0 filter ACTIVE (price 140.19 > SMA0 102.06 → PASS), Breakout state: "HOLD"

==============================
BUY   NVDA_GoogleFinance_AutoUpToDate
DATE  2024-11-15T00:00:00Z
PRICE 141.76
--- REASONS ---
[BUY_REASON] RSI2 = 6.72 (below oversold 18 → TRIGGERED), RSI3 = 9.3 (below oversold 18 → TRIGGERED), ATR available (4.57)
[BUY_FILTERS] SMA0 filter ACTIVE (price 141.76 > SMA0 108.71 → PASS), Breakout state: "HOLD"

==============================
BUY   NVDA_GoogleFinance_AutoUpToDate
DATE  2024-11-26T00:00:00Z
PRICE 136.71
--- REASONS ---
[BUY_REASON] RSI2 = 7.79 (below oversold 18 → TRIGGERED), RSI3 = 13.18 (below oversold 18 → TRIGGERED), ATR available (5.34)
[BUY_FILTERS] SMA0 filter ACTIVE (price 136.71 > SMA0 111.24 → PASS), Breakout state: "HOLD"

==============================
BUY   NVDA_GoogleFinance_AutoUpToDate
DATE  2024-12-09T00:00:00Z
PRICE 138.61
--- REASONS ---
[BUY_REASON] RSI2 = 0.0 (below oversold 18 → TRIGGERED), RSI3 = 0.0 (below oversold 18 → TRIGGERED), ATR available (5.16)
[BUY_FILTERS] SMA0 filter ACTIVE (price 138.61 > SMA0 113.93 → PASS), Breakout state: "HOLD"

==============================
BUY   NVDA_GoogleFinance_AutoUpToDate
DATE  2024-12-27T00:00:00Z
PRICE 136.81
--- REASONS ---
[BUY_REASON] RSI2 = 14.63 (below oversold 18 → TRIGGERED), RSI3 = 0.0 (below oversold 18 → TRIGGERED), ATR available (5.38)
[BUY_FILTERS] SMA0 filter ACTIVE (price 136.81 > SMA0 117.2 → PASS), Breakout state: "HOLD"

==============================
BUY   NVDA_GoogleFinance_AutoUpToDate
DATE  2025-01-10T00:00:00Z
PRICE 135.71
--- REASONS ---
[BUY_REASON] RSI2 = 0.0 (below oversold 18 → TRIGGERED), RSI3 = 0.0 (below oversold 18 → TRIGGERED), ATR available (5.96)
[BUY_FILTERS] SMA0 filter ACTIVE (price 135.71 > SMA0 119.17 → PASS), Breakout state: "HOLD"

==============================
BUY   NVDA_GoogleFinance_AutoUpToDate
DATE  2025-01-31T00:00:00Z
PRICE 119.89
--- REASONS ---
[BUY_REASON] RSI2 = 8.78 (below oversold 18 → TRIGGERED), RSI3 = 17.18 (below oversold 18 → TRIGGERED), ATR available (8.1)
[BUY_FILTERS] SMA0 filter ACTIVE (price 119.89 ≤ SMA0 122.3 → BLOCK), Breakout state: "HOLD"

==============================
BUY   NVDA_GoogleFinance_AutoUpToDate
DATE  2025-02-21T00:00:00Z
PRICE 134.23
--- REASONS ---
[BUY_REASON] RSI2 = 13.08 (below oversold 18 → TRIGGERED), RSI3 = 13.41 (below oversold 18 → TRIGGERED), ATR available (4.98)
[BUY_FILTERS] SMA0 filter ACTIVE (price 134.23 > SMA0 125.63 → PASS), Breakout state: "HOLD"

==============================
BUY   NVDA_GoogleFinance_AutoUpToDate
DATE  2025-05-21T00:00:00Z
PRICE 131.62
--- REASONS ---
[BUY_REASON] RSI2 = 4.31 (below oversold 18 → TRIGGERED), RSI3 = 0.0 (below oversold 18 → TRIGGERED), ATR available (4.34)
[BUY_FILTERS] SMA0 filter ACTIVE (price 131.62 > SMA0 125.65 → PASS), Breakout state: "HOLD"

==============================
BUY   NVDA_GoogleFinance_AutoUpToDate
DATE  2025-07-22T00:00:00Z
PRICE 166.81
--- REASONS ---
[BUY_REASON] RSI2 = 0.0 (below oversold 18 → TRIGGERED), RSI3 = 0.0 (below oversold 18 → TRIGGERED), ATR available (3.87)
[BUY_FILTERS] SMA0 filter ACTIVE (price 166.81 > SMA0 132.72 → PASS), Breakout state: "HOLD"

==============================
BUY   NVDA_GoogleFinance_AutoUpToDate
DATE  2025-08-21T00:00:00Z
PRICE 174.75
--- REASONS ---
[BUY_REASON] RSI2 = 0.0 (below oversold 18 → TRIGGERED), RSI3 = 0.0 (below oversold 18 → TRIGGERED), ATR available (4.5)
[BUY_FILTERS] SMA0 filter ACTIVE (price 174.75 > SMA0 137.45 → PASS), Breakout state: "HOLD"

==============================
BUY   NVDA_GoogleFinance_AutoUpToDate
DATE  2025-09-17T00:00:00Z
PRICE 170.08
--- REASONS ---
[BUY_REASON] RSI2 = 0.0 (below oversold 18 → TRIGGERED), RSI3 = 0.0 (below oversold 18 → TRIGGERED), ATR available (5.17)
[BUY_FILTERS] SMA0 filter ACTIVE (price 170.08 > SMA0 140.32 → PASS), Breakout state: "HOLD"

==============================
BUY   NVDA_GoogleFinance_AutoUpToDate
DATE  2025-10-07T00:00:00Z
PRICE 184.81
--- REASONS ---
[BUY_REASON] RSI2 = 0.0 (below oversold 18 → TRIGGERED), RSI3 = 0.0 (below oversold 18 → TRIGGERED), ATR available (5.52)
[BUY_FILTERS] SMA0 filter ACTIVE (price 184.81 > SMA0 143.4 → PASS), Breakout state: "HOLD"

==============================
BUY   NVDA_GoogleFinance_AutoUpToDate
DATE  2025-10-22T00:00:00Z
PRICE 180.05
--- REASONS ---
[BUY_REASON] RSI2 = 0.0 (below oversold 18 → TRIGGERED), RSI3 = 0.0 (below oversold 18 → TRIGGERED), ATR available (5.91)
[BUY_FILTERS] SMA0 filter ACTIVE (price 180.05 > SMA0 145.99 → PASS), Breakout state: "HOLD"

==============================
BUY   NVDA_GoogleFinance_AutoUpToDate
DATE  2025-11-06T00:00:00Z
PRICE 187.84
--- REASONS ---
[BUY_REASON] RSI2 = 0.0 (below oversold 18 → TRIGGERED), RSI3 = 0.0 (below oversold 18 → TRIGGERED), ATR available (7.07)
[BUY_FILTERS] SMA0 filter ACTIVE (price 187.84 > SMA0 149.16 → PASS), Breakout state: "HOLD"

==============================
BUY   NVDA_GoogleFinance_AutoUpToDate
DATE  2025-12-11T00:00:00Z
PRICE 180.71
--- REASONS ---
[BUY_REASON] RSI2 = 0.0 (below oversold 18 → TRIGGERED), RSI3 = 0.0 (below oversold 18 → TRIGGERED), ATR available (5.96)
[BUY_FILTERS] SMA0 filter ACTIVE (price 180.71 > SMA0 155.6 → PASS), Breakout state: "HOLD"

==============================
BUY   NVDA_GoogleFinance_AutoUpToDate
DATE  2025-12-31T00:00:00Z
PRICE 186.28
--- REASONS ---
[BUY_REASON] RSI2 = 0.0 (below oversold 18 → TRIGGERED), RSI3 = 0.0 (below oversold 18 → TRIGGERED), ATR available (4.99)
[BUY_FILTERS] SMA0 filter ACTIVE (price 186.28 > SMA0 159.92 → PASS), Breakout state: "HOLD"

==============================
BUY   NVDA_GoogleFinance_AutoUpToDate
DATE  2026-02-02T00:00:00Z
PRICE 185.39
--- REASONS ---
[BUY_REASON] RSI2 = 12.55 (below oversold 18 → TRIGGERED), RSI3 = 0.0 (below oversold 18 → TRIGGERED), ATR available (5.29)
[BUY_FILTERS] SMA0 filter ACTIVE (price 185.39 > SMA0 167.91 → PASS), Breakout state: "HOLD"

==============================
BUY   NVDA_GoogleFinance_AutoUpToDate
DATE  2026-02-13T00:00:00Z
PRICE 182.59
--- REASONS ---
[BUY_REASON] RSI2 = 17.26 (below oversold 18 → TRIGGERED), RSI3 = 0.0 (below oversold 18 → TRIGGERED), ATR available (6.99)
[BUY_FILTERS] SMA0 filter ACTIVE (price 182.59 > SMA0 171.46 → PASS), Breakout state: "HOLD"

==============================
BUY   NVDA_GoogleFinance_AutoUpToDate
DATE  2026-03-19T00:00:00Z
PRICE 178.36
--- REASONS ---
[BUY_REASON] RSI2 = 0.0 (below oversold 18 → TRIGGERED), RSI3 = 0.0 (below oversold 18 → TRIGGERED), ATR available (5.5)
[BUY_FILTERS] SMA0 filter ACTIVE (price 178.36 > SMA0 178.06 → PASS), Breakout state: "HOLD"

==============================
BUY   NVDA_GoogleFinance_AutoUpToDate
DATE  2026-04-30T00:00:00Z
PRICE 199.34
--- REASONS ---
[BUY_REASON] RSI2 = 0.0 (below oversold 18 → TRIGGERED), RSI3 = 0.0 (below oversold 18 → TRIGGERED), ATR available (6.26)
[BUY_FILTERS] SMA0 filter ACTIVE (price 199.34 > SMA0 183.5 → PASS), Breakout state: "HOLD"

==============================
BUY   NVDA_GoogleFinance_AutoUpToDate
DATE  2026-05-19T00:00:00Z
PRICE 220.36
--- REASONS ---
[BUY_REASON] RSI2 = 0.0 (below oversold 18 → TRIGGERED), RSI3 = 0.0 (below oversold 18 → TRIGGERED), ATR available (8.5)
[BUY_FILTERS] SMA0 filter ACTIVE (price 220.36 > SMA0 186.2 → PASS), Breakout state: "HOLD"

==============================
BUY   NVDA_GoogleFinance_AutoUpToDate
DATE  2026-05-27T00:00:00Z
PRICE 212.36
--- REASONS ---
[BUY_REASON] RSI2 = 0.0 (below oversold 18 → TRIGGERED), RSI3 = 0.0 (below oversold 18 → TRIGGERED), ATR available (8.01)
[BUY_FILTERS] SMA0 filter ACTIVE (price 212.36 > SMA0 187.13 → PASS), Breakout state: "HOLD"

==============================
BUY   NVDA_GoogleFinance_AutoUpToDate
DATE  2026-07-17T00:00:00Z
PRICE 202.81
--- REASONS ---
[BUY_REASON] RSI2 = 6.74 (below oversold 18 → TRIGGERED), RSI3 = 0.0 (below oversold 18 → TRIGGERED), ATR available (7.35)
[BUY_FILTERS] SMA0 filter ACTIVE (price 202.81 > SMA0 192.2 → PASS), Breakout state: "HOLD"

==============================
BUY   NVDA_GoogleFinance_AutoUpToDate
DATE  2026-07-28T00:00:00Z
PRICE 197.01
--- REASONS ---
[BUY_REASON] RSI2 = 3.92 (below oversold 18 → TRIGGERED), RSI3 = 4.62 (below oversold 18 → TRIGGERED), ATR available (7.73)
[BUY_FILTERS] SMA0 filter ACTIVE (price 197.01 > SMA0 192.82 → PASS), Breakout state: "HOLD"

